20190704  20060824   35.7007  -117.4760     16.900   3.40    0.00    0.00   0.00          0
20190704  17401862   35.7108  -117.5027     15.600   4.20    0.00    0.00   0.00          1
20190704  18184568   35.6318  -117.5993     17.600   3.20    0.00    0.00   0.00          2
20190704  18275956   35.7488  -117.5423     11.200   4.40    0.00    0.00   0.00          3
20190704  20372960   35.6433  -117.5390     12.700   1.90    0.00    0.00   0.00          4
20190704  23423394   35.7522  -117.5562      8.000   3.90    0.00    0.00   0.00          5
20190704  17092012   35.7088  -117.4918     17.900   2.40    0.00    0.00   0.00          6
20190704  17121504   35.7088  -117.4958     17.200   2.20    0.00    0.00   0.00          7
20190704  17425424   35.7322  -117.5527     13.200   3.10    0.00    0.00   0.00          8
20190704  17464988   35.6317  -117.5953     18.700   3.10    0.00    0.00   0.00          9
20190704  18103272   35.6623  -117.5207     19.400   3.60    0.00    0.00   0.00         10
20190704  18163380   35.7253  -117.5230      9.600   2.90    0.00    0.00   0.00         11
20190704  18284364   35.6645  -117.5587     15.200   3.90    0.00    0.00   0.00         12
20190704  18373150   35.7248  -117.5478      6.400   2.70    0.00    0.00   0.00         13
20190704  18442496   35.7288  -117.5542      4.900   3.00    0.00    0.00   0.00         14
20190704  20173662   35.7020  -117.4787      4.500   3.00    0.00    0.00   0.00         15
20190704  20352096   35.7443  -117.5290      6.300   2.40    0.00    0.00   0.00         16
20190704  20552524   35.7137  -117.4743     17.800   3.30    0.00    0.00   0.00         17
20190704  21070860   35.5960  -117.5953      8.200   2.40    0.00    0.00   0.00         18
20190704  21115216   35.6388  -117.5505     13.300   2.20    0.00    0.00   0.00         19
20190704  21324636   35.7327  -117.5497     13.300   2.70    0.00    0.00   0.00         20
20190704  21333448   35.6153  -117.5828     12.200   3.10    0.00    0.00   0.00         21
20190704  21440988   35.6933  -117.5052     11.900   2.50    0.00    0.00   0.00         22
20190704  22050332   35.6575  -117.5243     14.500   3.00    0.00    0.00   0.00         23
20190704  22120864   35.7547  -117.5527     11.900   4.40    0.00    0.00   0.00         24
20190704  22283084   35.6962  -117.4810      8.600   2.00    0.00    0.00   0.00         25
20190704  22353916   35.6273  -117.5942     18.500   2.50    0.00    0.00   0.00         26
20190704  22422172   35.7278  -117.5205     20.300   3.20    0.00    0.00   0.00         27
20190704  17025532   35.7102  -117.4923     18.200   4.40    0.00    0.00   0.00         28
20190704  17471784   35.7453  -117.5310     12.900   3.50    0.00    0.00   0.00         29
20190704  17573112   35.6748  -117.4953      3.700   2.90    0.00    0.00   0.00         30
20190704  18054146   35.7202  -117.5183      4.700   2.70    0.00    0.00   0.00         31
20190704  18061596   35.6587  -117.5213      5.100   3.90    0.00    0.00   0.00         32
20190704  18083328   35.6720  -117.5003      7.300   3.20    0.00    0.00   0.00         33
20190704  18521390   35.6575  -117.5297      7.200   2.80    0.00    0.00   0.00         34
20190704  18532776   35.7318  -117.5502     14.000   3.30    0.00    0.00   0.00         35
20190704  19145968   35.6553  -117.5302      7.000   3.00    0.00    0.00   0.00         36
20190704  19160624   35.7213  -117.5537      6.100   2.60    0.00    0.00   0.00         37
20190704  19165724   35.7038  -117.5083      5.500   2.40    0.00    0.00   0.00         38
20190704  19205178   35.6397  -117.5463      6.200   2.80    0.00    0.00   0.00         39
20190704  19555144   35.7442  -117.5503      4.500   2.60    0.00    0.00   0.00         40
20190704  20231004   35.6368  -117.5897     17.200   3.40    0.00    0.00   0.00         41
20190704  20571244   35.6615  -117.5317     16.000   2.70    0.00    0.00   0.00         42
20190704  21005736   35.6805  -117.5720     13.200   2.30    0.00    0.00   0.00         43
20190704  21155528   35.7262  -117.5388      5.900   2.50    0.00    0.00   0.00         44
20190704  21263518   35.6702  -117.5182     13.600   3.00    0.00    0.00   0.00         45
20190704  21311362   35.6460  -117.5397      6.300   2.30    0.00    0.00   0.00         46
20190704  21415984   35.7232  -117.5208      6.600   2.80    0.00    0.00   0.00         47
20190704  22023472   35.6873  -117.5018      3.700   3.50    0.00    0.00   0.00         48
20190704  22195556   35.7053  -117.4968     17.200   2.30    0.00    0.00   0.00         49
20190704  22290662   35.7037  -117.4885     14.400   2.60    0.00    0.00   0.00         50
20190704  22362354   35.7173  -117.4928     11.900   2.00    0.00    0.00   0.00         51
20190704  22381280   35.7248  -117.4898      5.200   2.20    0.00    0.00   0.00         52
20190704  23071040   35.7093  -117.4808      3.700   2.70    0.00    0.00   0.00         53
20190704  23124016   35.6910  -117.4628      4.200   3.60    0.00    0.00   0.00         54
20190704  23391008   35.7208  -117.5410      7.100   2.10    0.00    0.00   0.00         55
20190704  23393472   35.7303  -117.5300      3.900   2.10    0.00    0.00   0.00         56
20190704  23543644   35.6545  -117.5113     20.900   3.40    0.00    0.00   0.00         57
20190704  23565598   35.7518  -117.5242     13.300   2.50    0.00    0.00   0.00         58
20190704  16134338   35.7100  -117.4992     19.200   1.60    0.00    0.00   0.00         59
20190704  17400228   35.7245  -117.5592     12.400   3.90    0.00    0.00   0.00         60
20190704  17580258   35.7112  -117.4925      6.600   3.30    0.00    0.00   0.00         61
20190704  18150506   35.5932  -117.5790     12.900   2.70    0.00    0.00   0.00         62
20190704  18260348   35.6738  -117.5048      4.100   3.20    0.00    0.00   0.00         63
20190704  18272708   35.6737  -117.5097     11.800   3.30    0.00    0.00   0.00         64
20190704  18384504   35.7063  -117.4760     26.800   2.50    0.00    0.00   0.00         65
20190704  18394458   35.6108  -117.5853     20.300   4.50    0.00    0.00   0.00         66
20190704  18470678   35.6840  -117.4752     13.800   4.70    0.00    0.00   0.00         67
20190704  18560672   35.7163  -117.5658     15.700   4.70    0.00    0.00   0.00         68
20190704  19101958   35.6970  -117.4835      4.300   3.30    0.00    0.00   0.00         69
20190704  19213220   35.6747  -117.4665     13.800   4.60    0.00    0.00   0.00         70
20190704  19271842   35.6673  -117.4688     13.300   2.80    0.00    0.00   0.00         71
20190704  19490536   35.6848  -117.4842      6.600   3.10    0.00    0.00   0.00         72
20190704  19521316   35.6047  -117.5792     12.900   2.60    0.00    0.00   0.00         73
20190704  21025594   35.6892  -117.4777     13.200   3.60    0.00    0.00   0.00         74
20190704  21403320   35.6625  -117.5170     24.000   3.30    0.00    0.00   0.00         75
20190704  21470406   35.6377  -117.6072     24.900   3.30    0.00    0.00   0.00         76
20190704  21502458   35.6747  -117.4768     15.800   2.40    0.00    0.00   0.00         77
20190704  21591528   35.7413  -117.5155      4.000   2.10    0.00    0.00   0.00         78
20190704  22171828   35.6983  -117.5125      9.600   2.40    0.00    0.00   0.00         79
20190704  22342800   35.6988  -117.4820      6.100   2.20    0.00    0.00   0.00         80
20190704  23314452   35.7012  -117.4823     15.800   2.30    0.00    0.00   0.00         81
20190704  23500112   35.6045  -117.5982      3.900   2.10    0.00    0.00   0.00         82
20190704  23505756   35.7847  -117.6028     15.400   2.50    0.00    0.00   0.00         83
20190704  17375564   35.7507  -117.5412     13.100   3.80    0.00    0.00   0.00         84
20190704  18031814   35.7598  -117.5358     25.800   2.80    0.00    0.00   0.00         85
20190704  19000948   35.7202  -117.5395      4.100   3.20    0.00    0.00   0.00         86
20190704  19045754   35.7098  -117.4975     15.700   2.10    0.00    0.00   0.00         87
20190704  19340732   35.6045  -117.5967     23.300   2.10    0.00    0.00   0.00         88
20190704  19534404   35.7267  -117.4927      9.900   2.40    0.00    0.00   0.00         89
20190704  19580012   35.7193  -117.5428      4.000   2.50    0.00    0.00   0.00         90
20190704  20113122   35.6873  -117.4935      4.400   2.60    0.00    0.00   0.00         91
20190704  20323448   35.6417  -117.5478     10.600   2.10    0.00    0.00   0.00         92
20190704  20385616   35.7132  -117.5068     12.900   1.90    0.00    0.00   0.00         93
20190704  20592950   35.6877  -117.4963      8.000   2.40    0.00    0.00   0.00         94
20190704  21252834   35.6737  -117.5102      7.200   2.10    0.00    0.00   0.00         95
20190704  21354538   35.6432  -117.5467     14.000   1.90    0.00    0.00   0.00         96
20190704  21460818   35.5933  -117.5923     24.200   2.70    0.00    0.00   0.00         97
20190704  21544926   35.6640  -117.5082     12.000   2.00    0.00    0.00   0.00         98
20190704  22095992   35.6567  -117.5523      8.200   2.30    0.00    0.00   0.00         99
20190704  22484728   35.7742  -117.5847      6.500   1.90    0.00    0.00   0.00        100
20190704  22514256   35.7440  -117.5222      7.700   2.00    0.00    0.00   0.00        101
20190704  22565738   35.6373  -117.5532     13.300   2.20    0.00    0.00   0.00        102
20190704  23143272   35.7465  -117.5543      8.400   2.60    0.00    0.00   0.00        103
20190704  23242476   35.7128  -117.4972      6.500   2.20    0.00    0.00   0.00        104
20190704  17154694   35.7195  -117.4602     17.300   1.40    0.00    0.00   0.00        105
20190704  18500716   35.6465  -117.5310     17.400   3.00    0.00    0.00   0.00        106
20190704  19091766   35.7038  -117.4533     17.900   2.00    0.00    0.00   0.00        107
20190704  19262040   35.7058  -117.4648      7.700   2.70    0.00    0.00   0.00        108
20190704  19393660   35.6522  -117.5385     16.600   2.20    0.00    0.00   0.00        109
20190704  19394984   35.6847  -117.5055     12.300   2.70    0.00    0.00   0.00        110
20190704  19464502   35.6228  -117.5777     20.600   2.00    0.00    0.00   0.00        111
20190704  19560048   35.6702  -117.5183      3.600   4.20    0.00    0.00   0.00        112
20190704  19594324   35.6645  -117.5197      6.100   1.90    0.00    0.00   0.00        113
20190704  20145004   35.7093  -117.4948      5.100   4.20    0.00    0.00   0.00        114
20190704  20391406   35.6853  -117.4925      5.800   2.30    0.00    0.00   0.00        115
20190704  21284392   35.7285  -117.5220     23.000   2.50    0.00    0.00   0.00        116
20190704  21362490   35.7168  -117.4517      4.500   1.80    0.00    0.00   0.00        117
20190704  22052200   35.7142  -117.4713      4.200   3.60    0.00    0.00   0.00        118
20190704  23032934   35.6283  -117.5547      8.900   2.10    0.00    0.00   0.00        119
20190704  23175074   35.6832  -117.5463     14.800   1.90    0.00    0.00   0.00        120
20190704  23463170   35.6133  -117.5403     17.300   2.10    0.00    0.00   0.00        121
20190704  17393550   35.6843  -117.4945     16.100   3.80    0.00    0.00   0.00        122
20190704  17524196   35.7335  -117.5152     12.100   3.00    0.00    0.00   0.00        123
20190704  18012366   35.6890  -117.5000     15.100   3.40    0.00    0.00   0.00        124
20190704  18070960   35.5978  -117.5948     13.800   3.80    0.00    0.00   0.00        125
20190704  18112288   35.5920  -117.5837     12.600   2.60    0.00    0.00   0.00        126
20190704  18171504   35.7278  -117.5037      6.500   2.90    0.00    0.00   0.00        127
20190704  18175622   35.7455  -117.5127     15.900   2.00    0.00    0.00   0.00        128
20190704  18253100   35.6175  -117.5997     13.500   2.40    0.00    0.00   0.00        129
20190704  18334698   35.6838  -117.4830      6.700   1.90    0.00    0.00   0.00        130
20190704  19022492   35.6420  -117.5373      6.500   2.90    0.00    0.00   0.00        131
20190704  19265868   35.7248  -117.5183     11.100   2.30    0.00    0.00   0.00        132
20190704  19531886   35.6590  -117.5260     17.500   2.50    0.00    0.00   0.00        133
20190704  20193956   35.5955  -117.5867      6.900   2.00    0.00    0.00   0.00        134
20190704  20281596   35.6068  -117.5910     18.800   1.40    0.00    0.00   0.00        135
20190704  20293432   35.6725  -117.5142      8.700   1.80    0.00    0.00   0.00        136
20190704  20335528   35.6492  -117.5387     15.000   1.70    0.00    0.00   0.00        137
20190704  21012912   35.6592  -117.5203      5.300   2.40    0.00    0.00   0.00        138
20190704  21215492   35.6252  -117.5640      3.700   1.90    0.00    0.00   0.00        139
20190704  21231508   35.6968  -117.4857      6.500   2.90    0.00    0.00   0.00        140
20190704  21261588   35.7498  -117.5383     17.000   2.30    0.00    0.00   0.00        141
20190704  22000106   35.7165  -117.4865      6.200   1.90    0.00    0.00   0.00        142
20190704  22181814   35.6062  -117.5913     15.600   2.10    0.00    0.00   0.00        143
20190704  22440976   35.5952  -117.5863     12.800   2.10    0.00    0.00   0.00        144
20190704  22583514   35.7227  -117.5202     23.500   1.80    0.00    0.00   0.00        145
20190704  23013320   35.6948  -117.4807      3.600   2.30    0.00    0.00   0.00        146
20190704  23090832   35.6973  -117.4732      6.400   1.90    0.00    0.00   0.00        147
20190704  23130508   35.7483  -117.5662     10.400   3.30    0.00    0.00   0.00        148
20190704  23182572   35.7522  -117.5430     16.300   1.60    0.00    0.00   0.00        149
20190704  23221986   35.7037  -117.4747     16.200   1.70    0.00    0.00   0.00        150
20190704  23332464   35.5943  -117.5953     12.700   1.70    0.00    0.00   0.00        151
20190704  23444700   35.7225  -117.5200     23.400   2.10    0.00    0.00   0.00        152
20190704  17443252   35.6898  -117.4893      4.400   3.90    0.00    0.00   0.00        153
20190704  17545936   35.6430  -117.5855      5.600   2.50    0.00    0.00   0.00        154
20190704  18004008   35.6410  -117.5497      4.400   2.70    0.00    0.00   0.00        155
20190704  18340412   35.6505  -117.5327     24.800   2.60    0.00    0.00   0.00        156
20190704  18541402   35.5968  -117.5977     19.200   4.10    0.00    0.00   0.00        157
20190704  18593834   35.5907  -117.5850     14.400   2.00    0.00    0.00   0.00        158
20190704  18595460   35.7350  -117.5393      5.600   2.50    0.00    0.00   0.00        159
20190704  19053378   35.6607  -117.5317      4.400   1.80    0.00    0.00   0.00        160
20190704  19541746   35.7025  -117.4922     13.400   1.80    0.00    0.00   0.00        161
20190704  20013288   35.6762  -117.5682     15.900   2.50    0.00    0.00   0.00        162
20190704  20073252   35.6610  -117.5163      6.500   1.90    0.00    0.00   0.00        163
20190704  20191324   35.5662  -117.6100     12.600   1.60    0.00    0.00   0.00        164
20190704  20200936   35.6838  -117.4925      9.100   2.10    0.00    0.00   0.00        165
20190704  20300870   35.6192  -117.5740      5.800   1.50    0.00    0.00   0.00        166
20190704  20494280   35.5882  -117.5763     15.400   2.00    0.00    0.00   0.00        167
20190704  20502046   35.7413  -117.5483     12.800   2.10    0.00    0.00   0.00        168
20190704  22040832   35.6623  -117.5467     16.200   2.10    0.00    0.00   0.00        169
20190704  22062468   35.7453  -117.5337      6.300   2.30    0.00    0.00   0.00        170
20190704  22072020   35.7370  -117.5200      6.200   1.80    0.00    0.00   0.00        171
20190704  22093712   35.5962  -117.5593     17.700   1.60    0.00    0.00   0.00        172
20190704  22313906   35.6512  -117.5330      7.900   1.70    0.00    0.00   0.00        173
20190704  22515694   35.6728  -117.5070      3.600   2.30    0.00    0.00   0.00        174
20190704  23050960   35.7413  -117.5133      5.200   2.00    0.00    0.00   0.00        175
20190704  23061232   35.7127  -117.4988     17.900   2.00    0.00    0.00   0.00        176
20190704  17334880   35.7115  -117.4687     17.200   5.70    0.00    0.00   0.00        177
20190704  17432928   35.6677  -117.5287     25.400   3.50    0.00    0.00   0.00        178
20190704  17460344   35.6317  -117.5852     20.300   3.10    0.00    0.00   0.00        179
20190704  17514636   35.6727  -117.5027      6.800   3.60    0.00    0.00   0.00        180
20190704  18025420   35.6038  -117.5840      7.500   2.60    0.00    0.00   0.00        181
20190704  18351884   35.6392  -117.5487     11.700   2.40    0.00    0.00   0.00        182
20190704  18495242   35.6625  -117.5240     23.800   2.00    0.00    0.00   0.00        183
20190704  18552778   35.6762  -117.4690     16.400   2.60    0.00    0.00   0.00        184
20190704  19011056   35.7202  -117.5380      3.700   3.10    0.00    0.00   0.00        185
20190704  19175122   35.7013  -117.4982     26.000   3.20    0.00    0.00   0.00        186
20190704  19451328   35.5683  -117.6302      9.900   1.90    0.00    0.00   0.00        187
20190704  19523948   35.6660  -117.5292     14.900   2.40    0.00    0.00   0.00        188
20190704  19584888   35.7410  -117.5193      5.300   2.30    0.00    0.00   0.00        189
20190704  20011142   35.6928  -117.4930     12.800   2.50    0.00    0.00   0.00        190
20190704  20333404   35.6940  -117.4775      5.900   1.50    0.00    0.00   0.00        191
20190704  20365936   35.7180  -117.4862     12.900   1.70    0.00    0.00   0.00        192
20190704  20452680   35.6980  -117.4738     22.200   3.10    0.00    0.00   0.00        193
20190704  20490648   35.6612  -117.5188     10.100   1.90    0.00    0.00   0.00        194
20190704  20515472   35.6260  -117.5678     15.200   1.70    0.00    0.00   0.00        195
20190704  20522452   35.6760  -117.4713      7.900   2.40    0.00    0.00   0.00        196
20190704  20585750   35.7387  -117.5432     25.500   2.10    0.00    0.00   0.00        197
20190704  21110988   35.6857  -117.5237      9.600   1.60    0.00    0.00   0.00        198
20190704  21254892   35.6792  -117.4978      4.800   2.00    0.00    0.00   0.00        199
20190704  21435120   35.6832  -117.4975      3.600   1.40    0.00    0.00   0.00        200
20190704  21474990   35.6798  -117.5237      3.900   2.20    0.00    0.00   0.00        201
20190704  21495268   35.6863  -117.4903     10.600   1.70    0.00    0.00   0.00        202
20190704  21505360   35.7183  -117.4753      6.400   1.60    0.00    0.00   0.00        203
20190704  21541992   35.6403  -117.5497      3.900   1.80    0.00    0.00   0.00        204
20190704  21580962   35.7147  -117.5437     18.100   2.00    0.00    0.00   0.00        205
20190704  22153024   35.7508  -117.5392      9.100   2.00    0.00    0.00   0.00        206
20190704  22452088   35.5793  -117.6260      6.200   1.50    0.00    0.00   0.00        207
20190704  22500982   35.6970  -117.5020      3.800   1.70    0.00    0.00   0.00        208
20190704  22575116   35.6935  -117.4755      6.300   1.70    0.00    0.00   0.00        209
20190704  23083512   35.6868  -117.5143      3.600   1.40    0.00    0.00   0.00        210
20190704  23305328   35.6910  -117.5073      6.100   1.30    0.00    0.00   0.00        211
20190704  23452340   35.8827  -117.6882     15.000   1.30    0.00    0.00   0.00        212
20190704  23475976   35.7497  -117.5870      6.600   2.00    0.00    0.00   0.00        213
20190704  17350192   35.6522  -117.5578      7.400   4.80    0.00    0.00   0.00        214
20190704  18212484   35.6698  -117.4517      8.000   2.90    0.00    0.00   0.00        215
20190704  18331180   35.6298  -117.5637      7.200   2.10    0.00    0.00   0.00        216
20190704  18365084   35.6852  -117.5137     14.800   2.50    0.00    0.00   0.00        217
20190704  19033978   35.7452  -117.5013     17.500   2.30    0.00    0.00   0.00        218
20190704  19095596   35.7382  -117.5185      6.200   2.00    0.00    0.00   0.00        219
20190704  19200116   35.7202  -117.5167     10.700   1.90    0.00    0.00   0.00        220
20190704  19402896   35.6640  -117.5150      3.600   2.70    0.00    0.00   0.00        221
20190704  19511720   35.7067  -117.5562     19.300   3.40    0.00    0.00   0.00        222
20190704  20041540   35.7167  -117.4568      6.800   2.40    0.00    0.00   0.00        223
20190704  20053008   35.7158  -117.4947     12.800   2.00    0.00    0.00   0.00        224
20190704  20132968   35.5608  -117.6107     12.500   1.90    0.00    0.00   0.00        225
20190704  20235872   35.6618  -117.5443     13.700   2.40    0.00    0.00   0.00        226
20190704  20424212   35.6312  -117.5867     20.700   1.80    0.00    0.00   0.00        227
20190704  21101642   35.6873  -117.4903      6.100   1.60    0.00    0.00   0.00        228
20190704  21225922   35.6328  -117.5555      7.400   2.30    0.00    0.00   0.00        229
20190704  21554232   35.6947  -117.4972     10.900   1.60    0.00    0.00   0.00        230
20190704  21563832   35.7418  -117.5257      5.000   1.70    0.00    0.00   0.00        231
20190704  22033004   35.7513  -117.5435     26.000   2.30    0.00    0.00   0.00        232
20190704  22321128   35.6688  -117.5095      7.600   1.50    0.00    0.00   0.00        233
20190704  23142024   35.5843  -117.5778     13.800   1.90    0.00    0.00   0.00        234
20190704  23210764   35.7075  -117.4960      4.700   1.90    0.00    0.00   0.00        235
20190704  23283796   35.6997  -117.4983      9.000   1.80    0.00    0.00   0.00        236
20190704  23384432   35.7272  -117.4870     18.600   1.30    0.00    0.00   0.00        237
20190704  23401940   35.6965  -117.4912      3.600   2.00    0.00    0.00   0.00        238
20190704  23461272   35.7303  -117.5257      8.000   1.70    0.00    0.00   0.00        239
20190704  15424812   35.7230  -117.4772      5.000   0.30    0.00    0.00   0.00        240
20190704  17355200   35.7007  -117.4932     24.900   4.20    0.00    0.00   0.00        241
20190704  17382126   35.7115  -117.4823      5.300   3.50    0.00    0.00   0.00        242
20190704  17412084   35.7527  -117.5263      3.800   3.30    0.00    0.00   0.00        243
20190704  17422208   35.5718  -117.6373     12.000   3.00    0.00    0.00   0.00        244
20190704  18125214   35.6737  -117.5622      9.500   3.10    0.00    0.00   0.00        245
20190704  18224218   35.7038  -117.4512     19.700   2.00    0.00    0.00   0.00        246
20190704  18463706   35.7265  -117.4510     16.400   1.90    0.00    0.00   0.00        247
20190704  18583534   35.6697  -117.5207      3.600   2.50    0.00    0.00   0.00        248
20190704  19082844   35.5962  -117.5947      7.300   1.60    0.00    0.00   0.00        249
20190704  19254416   35.7393  -117.5100     11.700   1.60    0.00    0.00   0.00        250
20190704  19291428   35.6897  -117.4688      3.800   1.60    0.00    0.00   0.00        251
20190704  19330136   35.6960  -117.4415      3.900   2.10    0.00    0.00   0.00        252
20190704  19474996   35.6237  -117.5892      3.600   2.40    0.00    0.00   0.00        253
20190704  19482572   35.7095  -117.4908      3.600   1.30    0.00    0.00   0.00        254
20190704  19510680   35.5340  -117.5493     18.400   2.20    0.00    0.00   0.00        255
20190704  19583802   35.6783  -117.4968     14.100   2.00    0.00    0.00   0.00        256
20190704  20001136   35.6788  -117.5067      3.600   2.00    0.00    0.00   0.00        257
20190704  20075872   35.7050  -117.5078      4.400   2.50    0.00    0.00   0.00        258
20190704  20130620   35.5793  -117.5663     18.200   1.70    0.00    0.00   0.00        259
20190704  20142336   35.6072  -117.5993      6.300   1.50    0.00    0.00   0.00        260
20190704  20343156   35.6440  -117.5698     27.200   2.30    0.00    0.00   0.00        261
20190704  20400268   35.7187  -117.4625      5.900   1.80    0.00    0.00   0.00        262
20190704  20413188   35.6202  -117.5605     21.200   2.40    0.00    0.00   0.00        263
20190704  20431678   35.5975  -117.5938      4.400   1.60    0.00    0.00   0.00        264
20190704  20534046   35.6657  -117.5277      6.900   2.10    0.00    0.00   0.00        265
20190704  20544504   35.6708  -117.5125      7.800   1.40    0.00    0.00   0.00        266
20190704  20580968   35.6243  -117.5672      6.000   1.90    0.00    0.00   0.00        267
20190704  21055702   35.6208  -117.5792      3.800   1.50    0.00    0.00   0.00        268
20190704  21075546   35.6657  -117.5600      5.000   1.80    0.00    0.00   0.00        269
20190704  21371700   35.7300  -117.5438     21.600   2.30    0.00    0.00   0.00        270
20190704  21401568   35.6567  -117.5353      6.500   1.40    0.00    0.00   0.00        271
20190704  21514136   35.6632  -117.5468      7.000   1.40    0.00    0.00   0.00        272
20190704  21533934   35.7307  -117.5700     27.300   1.60    0.00    0.00   0.00        273
20190704  22202656   35.5837  -117.5510     17.300   2.00    0.00    0.00   0.00        274
20190704  22230944   35.6213  -117.5685     14.700   1.20    0.00    0.00   0.00        275
20190704  22300044   35.5660  -117.5952      7.600   2.00    0.00    0.00   0.00        276
20190704  22334932   35.7420  -117.5242      4.800   1.50    0.00    0.00   0.00        277
20190704  23092854   35.6990  -117.4835      3.700   2.00    0.00    0.00   0.00        278
20190704  23555360   35.6292  -117.5727     16.600   2.20    0.00    0.00   0.00        279
20190704  16072047   35.7212  -117.4748     14.500   0.50    0.00    0.00   0.00        281
20190704  17113284   35.7192  -117.4625     16.400   0.80    0.00    0.00   0.00        282
20190704  17325252   35.7230  -117.4540     16.700   0.30    0.00    0.00   0.00        283
20190704  17384810   35.6148  -117.5865     11.700   3.60    0.00    0.00   0.00        284
20190704  17452344   35.7160  -117.5112      5.100   3.10    0.00    0.00   0.00        285
20190704  17475428   35.7183  -117.5125      6.500   3.70    0.00    0.00   0.00        286
20190704  17595952   35.7120  -117.4717      3.700   2.60    0.00    0.00   0.00        287
20190704  18040480   35.6775  -117.5058      4.400   2.20    0.00    0.00   0.00        288
20190704  18084460   35.7287  -117.4140     10.200   3.50    0.00    0.00   0.00        289
20190704  18411416   35.6768  -117.5132      5.800   3.30    0.00    0.00   0.00        290
20190704  18440900   35.6147  -117.6075     24.500   1.90    0.00    0.00   0.00        291
20190704  18580800   35.7355  -117.5542      5.800   3.00    0.00    0.00   0.00        292
20190704  19043628   35.6620  -117.5472      4.400   1.70    0.00    0.00   0.00        293
20190704  19115312   35.6043  -117.6053     10.300   1.70    0.00    0.00   0.00        294
20190704  19400736   35.7375  -117.5115      5.000   2.70    0.00    0.00   0.00        295
20190704  19545504   35.7158  -117.4703      4.900   1.50    0.00    0.00   0.00        296
20190704  19572132   35.6580  -117.5333      4.700   2.40    0.00    0.00   0.00        297
20190704  20462284   35.6962  -117.4805      3.600   1.90    0.00    0.00   0.00        298
20190704  20563904   35.7008  -117.5070      6.200   2.10    0.00    0.00   0.00        299
20190704  21091604   35.7037  -117.4812      5.100   1.40    0.00    0.00   0.00        300
20190704  21282170   35.9113  -117.6758     19.600   1.40    0.00    0.00   0.00        301
20190704  21315140   35.7388  -117.5172      5.800   1.30    0.00    0.00   0.00        302
20190704  21321100   35.6423  -117.5897      4.200   1.70    0.00    0.00   0.00        303
20190704  21463388   35.7058  -117.4782      5.500   2.30    0.00    0.00   0.00        304
20190704  22083564   35.6532  -117.4708      5.200   1.50    0.00    0.00   0.00        305
20190704  22404626   35.7207  -117.5007      7.700   1.50    0.00    0.00   0.00        306
20190704  23015984   35.6833  -117.5377      3.900   2.00    0.00    0.00   0.00        307
20190704  23162046   35.7335  -117.4773      8.800   1.70    0.00    0.00   0.00        308
20190704  23172014   35.6863  -117.5047     26.200   1.50    0.00    0.00   0.00        309
20190704  23214996   35.5980  -117.5588     17.100   1.70    0.00    0.00   0.00        310
20190704  23340042   35.6650  -117.5128      4.100   3.90    0.00    0.00   0.00        311
20190704  17135186   35.7138  -117.4733     16.500   0.60    0.00    0.00   0.00        313
20190704  18042788   35.6957  -117.5227      3.600   2.50    0.00    0.00   0.00        314
20190704  18101050   35.7490  -117.4992     15.700   1.90    0.00    0.00   0.00        315
20190704  18134532   35.7767  -117.7025     31.700   2.50    0.00    0.00   0.00        316
20190704  18454156   35.6437  -117.5450      3.700   2.00    0.00    0.00   0.00        317
20190704  18501560   35.6853  -117.4692      3.600   3.30    0.00    0.00   0.00        318
20190704  19124196   35.6268  -117.5925      4.200   2.20    0.00    0.00   0.00        319
20190704  19174676   35.7167  -117.3212     29.300   3.30    0.00    0.00   0.00        320
20190704  19202330   35.7875  -117.4185     19.800   2.50    0.00    0.00   0.00        321
20190704  19244632   35.6598  -117.5138      4.300   2.30    0.00    0.00   0.00        322
20190704  19315328   35.7083  -117.4397      9.100   1.50    0.00    0.00   0.00        323
20190704  19332096   35.6973  -117.4970     19.900   2.20    0.00    0.00   0.00        324
20190704  20010272   35.6047  -117.6007      5.800   1.90    0.00    0.00   0.00        325
20190704  20054456   35.6023  -117.5827      3.600   2.60    0.00    0.00   0.00        326
20190704  20412114   35.6752  -117.5140      5.000   1.70    0.00    0.00   0.00        327
20190704  20532016   35.6840  -117.5122      3.700   1.20    0.00    0.00   0.00        328
20190704  21000964   35.6300  -117.5270     15.400   1.80    0.00    0.00   0.00        329
20190704  21125510   35.7280  -117.4463     18.000   1.80    0.00    0.00   0.00        330
20190704  21244956   35.6698  -117.4743     10.800   1.60    0.00    0.00   0.00        331
20190704  21344184   35.7032  -117.4757     15.700   1.70    0.00    0.00   0.00        332
20190704  21370450   35.7130  -117.4722     21.900   1.70    0.00    0.00   0.00        333
20190704  21522640   35.7327  -117.5143      5.700   1.80    0.00    0.00   0.00        334
20190704  22235468   35.6080  -117.5618      5.100   2.00    0.00    0.00   0.00        335
20190704  22300702   35.6903  -117.4948     30.400   2.60    0.00    0.00   0.00        336
20190704  22351808   35.7197  -117.4730      3.700   1.40    0.00    0.00   0.00        337
20190704  22370308   35.6047  -117.5990      9.800   1.70    0.00    0.00   0.00        338
20190704  22454712   35.7450  -117.5237      6.000   1.50    0.00    0.00   0.00        339
20190704  23002526   35.6080  -117.5705     16.700   1.50    0.00    0.00   0.00        340
20190704  23155634   35.7082  -117.4630      4.100   0.90    0.00    0.00   0.00        341
20190704  23184296   35.6013  -117.5590     16.100   1.80    0.00    0.00   0.00        342
20190704  23231924   35.6277  -117.5482     21.000   2.30    0.00    0.00   0.00        343
20190704  23252400   35.7418  -117.4865      9.900   1.50    0.00    0.00   0.00        344
20190704  23291480   35.6280  -117.5775      4.400   1.50    0.00    0.00   0.00        345
20190704  23365480   35.7283  -117.5372      5.000   1.20    0.00    0.00   0.00        346
20190704  23374004   35.6297  -117.5472     10.900   1.60    0.00    0.00   0.00        347
20190704  23412064   35.5708  -117.6047      4.400   1.60    0.00    0.00   0.00        348
20190704  23474422   35.6107  -117.5820     12.500   1.50    0.00    0.00   0.00        349
20190704  17123802   35.7203  -117.4837      5.800   1.60    0.00    0.00   0.00        351
20190704  17434948   35.7578  -117.5442     12.400   3.20    0.00    0.00   0.00        352
20190704  17593896   35.7097  -117.4803     15.900   2.20    0.00    0.00   0.00        353
20190704  18010112   35.6927  -117.4975      3.600   2.40    0.00    0.00   0.00        354
20190704  18201992   35.7275  -117.4533     24.200   2.30    0.00    0.00   0.00        355
20190704  18344876   35.6828  -117.5127      4.300   2.40    0.00    0.00   0.00        356
20190704  18405672   35.6525  -117.5377      5.900   3.20    0.00    0.00   0.00        357
20190704  18431904   35.5852  -117.5982      8.100   1.90    0.00    0.00   0.00        358
20190704  18525658   35.7368  -117.5500     10.500   2.70    0.00    0.00   0.00        359
20190704  19005880   35.7775  -117.6215     10.700   2.10    0.00    0.00   0.00        360
20190704  19042060   35.6132  -117.5675     21.200   1.70    0.00    0.00   0.00        361
20190704  19101108   35.7360  -117.4797     19.900   1.90    0.00    0.00   0.00        362
20190704  19322680   35.6762  -117.5213      5.800   1.90    0.00    0.00   0.00        363
20190704  19443732   35.5907  -117.6113     15.700   1.70    0.00    0.00   0.00        364
20190704  19473904   35.7548  -117.5485      4.500   2.00    0.00    0.00   0.00        365
20190704  20035264   35.7080  -117.4750      4.500   1.90    0.00    0.00   0.00        366
20190704  20094448   35.7397  -117.5107     16.800   1.40    0.00    0.00   0.00        367
20190704  20405370   35.7453  -117.5190      4.200   1.40    0.00    0.00   0.00        368
20190704  21002936   35.6135  -117.5962     25.700   1.80    0.00    0.00   0.00        369
20190704  21122656   35.6728  -117.4667     11.800   1.70    0.00    0.00   0.00        370
20190704  21153166   35.7273  -117.6175     26.000   1.70    0.00    0.00   0.00        371
20190704  21184052   35.5885  -117.6028      6.400   1.70    0.00    0.00   0.00        372
20190704  21270148   35.6925  -117.4228     10.200   2.50    0.00    0.00   0.00        373
20190704  21373244   35.6730  -117.4825      4.600   2.20    0.00    0.00   0.00        374
20190704  21413214   35.5912  -117.5960      3.600   2.30    0.00    0.00   0.00        375
20190704  21430078   35.7123  -117.4920     24.800   1.40    0.00    0.00   0.00        376
20190704  22190572   35.7507  -117.5325      6.800   1.70    0.00    0.00   0.00        377
20190704  22212308   35.6012  -117.5415     19.400   1.70    0.00    0.00   0.00        378
20190704  22254880   35.6365  -117.5962     12.300   1.60    0.00    0.00   0.00        379
20190704  22323308   35.5560  -117.5672     13.800   1.60    0.00    0.00   0.00        380
20190704  22373644   35.7117  -117.4863      5.700   1.50    0.00    0.00   0.00        381
20190704  22563312   35.7325  -117.5107     26.400   1.30    0.00    0.00   0.00        382
20190704  22590144   35.5795  -117.6080      3.600   2.10    0.00    0.00   0.00        383
20190704  23045732   35.7403  -117.5122      5.300   1.40    0.00    0.00   0.00        384
20190704  23164956   35.6965  -117.4867      6.500   1.00    0.00    0.00   0.00        385
20190704  23204182   35.5737  -117.6052      3.800   1.50    0.00    0.00   0.00        386
20190704  23210008   35.7752  -117.5703     10.100   1.30    0.00    0.00   0.00        387
20190704  23254864   35.6913  -117.4298     11.500   1.60    0.00    0.00   0.00        388
20190704  23541914   35.5857  -117.5882     11.600   1.70    0.00    0.00   0.00        389
20190704  17273476   35.7272  -117.4483      5.200   0.50    0.00    0.00   0.00        390
20190704  17370092   35.7120  -117.4917      5.200   3.90    0.00    0.00   0.00        391
20190704  17371480   35.6665  -117.4680     10.700   4.20    0.00    0.00   0.00        392
20190704  17481540   35.7225  -117.4643      7.600   3.20    0.00    0.00   0.00        393
20190704  17565520   35.6990  -117.4677      3.600   1.90    0.00    0.00   0.00        394
20190704  18034056   35.7335  -117.5240     12.600   2.60    0.00    0.00   0.00        395
20190704  18393212   35.6795  -117.6095      8.000   1.90    0.00    0.00   0.00        398
20190704  19034236   35.6513  -117.5233      6.500   2.30    0.00    0.00   0.00        399
20190704  19134128   35.7547  -117.5377     13.300   1.70    0.00    0.00   0.00        400
20190704  19185108   35.5712  -117.5648     17.200   2.20    0.00    0.00   0.00        401
20190704  19360948   35.7078  -117.4787     12.600   1.80    0.00    0.00   0.00        402
20190704  19415498   35.7432  -117.5453     27.300   2.20    0.00    0.00   0.00        403
20190704  19432404   35.7383  -117.4907     11.700   1.50    0.00    0.00   0.00        404
20190704  19484228   35.6247  -117.5827     18.700   2.00    0.00    0.00   0.00        405
20190704  20030742   35.5708  -117.5725     17.100   1.60    0.00    0.00   0.00        406
20190704  20105608   35.5190  -117.7087     21.300   2.00    0.00    0.00   0.00        407
20190704  20120900   35.7448  -117.4988      6.900   2.00    0.00    0.00   0.00        408
20190704  20230100   35.5973  -117.5922      6.000   2.10    0.00    0.00   0.00        409
20190704  20242514   35.7535  -117.5415      5.200   2.00    0.00    0.00   0.00        410
20190704  20262188   35.6793  -117.5120     25.200   1.40    0.00    0.00   0.00        411
20190704  20290490   35.7185  -117.4635     10.200   1.70    0.00    0.00   0.00        412
20190704  20321998   35.7352  -117.4935     10.000   1.50    0.00    0.00   0.00        413
20190704  20452752   35.7980  -117.6663      3.600   3.50    0.00    0.00   0.00        414
20190704  20473336   35.6055  -117.6003      3.600   1.60    0.00    0.00   0.00        415
20190704  20532670   35.5692  -117.6412      4.500   2.00    0.00    0.00   0.00        416
20190704  21134990   35.6645  -117.5327      4.200   1.80    0.00    0.00   0.00        417
20190704  21300992   35.7583  -117.5047      7.300   1.20    0.00    0.00   0.00        418
20190704  21304336   35.6367  -117.4633     11.800   1.50    0.00    0.00   0.00        419
20190704  21352408   35.7543  -117.5167      8.700   1.60    0.00    0.00   0.00        420
20190704  21384432   35.7162  -117.4417      4.400   1.50    0.00    0.00   0.00        421
20190704  21391216   35.6803  -117.4703      9.000   1.60    0.00    0.00   0.00        422
20190704  21425556   35.6668  -117.4613     16.100   1.10    0.00    0.00   0.00        423
20190704  21450284   35.7430  -117.4953      6.100   1.00    0.00    0.00   0.00        424
20190704  22265838   35.6947  -117.4788      3.600   1.50    0.00    0.00   0.00        425
20190704  22333212   35.7313  -117.4568      8.500   1.20    0.00    0.00   0.00        426
20190704  22481556   35.6798  -117.5295     44.300   1.50    0.00    0.00   0.00        427
20190704  23115532   35.7357  -117.5407      6.200   1.10    0.00    0.00   0.00        428
20190704  23261456   35.7330  -117.5067      5.600   1.40    0.00    0.00   0.00        429
20190704  23335774   35.6638  -117.2537     22.200   4.00    0.00    0.00   0.00        430
20190704  23371108   35.7495  -117.4967      5.900   1.50    0.00    0.00   0.00        431
20190704  23410580   35.5770  -117.4392      8.400   1.60    0.00    0.00   0.00        432
20190704  17082492   35.7392  -117.4225      3.600   0.10    0.00    0.00   0.00        434
20190704  17153528   35.7047  -117.4963     20.000  -0.10    0.00    0.00   0.00        435
20190704  17335096   35.8362  -117.6925     24.800   5.20    0.00    0.00   0.00        436
20190704  17442352   35.7442  -117.4857      7.200   2.80    0.00    0.00   0.00        437
20190704  17450574   35.7167  -117.4962      4.100   3.10    0.00    0.00   0.00        438
20190704  17504852   35.7142  -117.7008      4.300   3.10    0.00    0.00   0.00        439
20190704  18012542   35.6402  -117.6273     10.300   2.90    0.00    0.00   0.00        440
20190704  18055524   35.7217  -117.4422     13.900   2.70    0.00    0.00   0.00        441
20190704  18134668   35.7318  -117.6780     32.900   2.80    0.00    0.00   0.00        442
20190704  18215008   35.7155  -117.6553      6.900   1.60    0.00    0.00   0.00        443
20190704  18354516   35.7795  -117.5880     17.400   2.30    0.00    0.00   0.00        444
20190704  18512656   35.6942  -117.4710     19.500   2.00    0.00    0.00   0.00        445
20190704  19112520   35.7477  -117.5045      7.700   1.80    0.00    0.00   0.00        446
20190704  19350080   35.6947  -117.6203     16.100   1.70    0.00    0.00   0.00        447
20190704  19363668   35.5903  -117.6022      3.600   2.00    0.00    0.00   0.00        448
20190704  19382284   35.7003  -117.5042      7.600   1.90    0.00    0.00   0.00        449
20190704  19460820   35.5635  -117.6055      3.800   1.90    0.00    0.00   0.00        450
20190704  19485174   35.8985  -117.6200      4.600   1.50    0.00    0.00   0.00        451
20190704  20045204   35.7098  -117.5127      4.800   1.70    0.00    0.00   0.00        452
20190704  20101888   35.6510  -117.4632     15.800   1.40    0.00    0.00   0.00        453
20190704  20183864   35.7972  -117.6895      6.200   1.70    0.00    0.00   0.00        454
20190704  20225818   35.7410  -117.5002     11.000   1.80    0.00    0.00   0.00        455
20190704  20421888   35.7600  -117.5257      9.900   1.50    0.00    0.00   0.00        456
20190704  20484088   35.7202  -117.4587     13.100   1.50    0.00    0.00   0.00        457
20190704  20545808   35.7023  -117.4193     14.900   1.40    0.00    0.00   0.00        458
20190704  20572996   35.7405  -117.4910      7.800   2.30    0.00    0.00   0.00        459
20190704  21050216   35.7448  -117.4842      7.700   2.00    0.00    0.00   0.00        460
20190704  21212078   35.6098  -117.5887      3.600   1.80    0.00    0.00   0.00        461
20190704  21225552   35.5800  -117.6173     22.200   2.10    0.00    0.00   0.00        462
20190704  21305820   35.5720  -117.6233      4.800   1.90    0.00    0.00   0.00        463
20190704  22014080   35.6873  -117.4830      3.600   1.60    0.00    0.00   0.00        464
20190704  22390416   35.7637  -117.4773     12.900   1.90    0.00    0.00   0.00        465
20190704  22460142   35.6302  -117.5773      4.000   1.40    0.00    0.00   0.00        466
20190704  22562904   35.6120  -117.3763     11.700   1.60    0.00    0.00   0.00        467
20190704  22581704   35.8322  -117.5792      3.700   1.30    0.00    0.00   0.00        468
20190704  23081152   35.5835  -117.6013      7.400   1.90    0.00    0.00   0.00        469
20190704  23102480   35.5863  -117.4928     16.100   1.50    0.00    0.00   0.00        470
20190704  23235808   35.6245  -117.5580      3.700   1.50    0.00    0.00   0.00        471
20190704  23264380   35.6663  -117.5425      6.500   1.20    0.00    0.00   0.00        472
20190704  23271592   35.6835  -117.4912     26.200   1.50    0.00    0.00   0.00        473
20190704  23400876   35.5377  -117.5905     14.900   1.70    0.00    0.00   0.00        474
20190704  23435456   35.7142  -117.5323     23.000   1.90    0.00    0.00   0.00        475
20190704  23453564   35.6023  -117.5870      4.100   1.50    0.00    0.00   0.00        476
20190704  23573102   35.6055  -117.5658     12.800   1.60    0.00    0.00   0.00        478
20190704  23590876   35.6057  -117.5032     12.500   1.10    0.00    0.00   0.00        479
20190704  17085196   35.7048  -117.5352     16.400  -0.10    0.00    0.00   0.00        483
20190704  17161814   35.6952  -117.5297     20.700  -0.10    0.00    0.00   0.00        484
20190704  17180732   35.6998  -117.5238     19.300  -0.50    0.00    0.00   0.00        485
20190704  17313796   35.7253  -117.4723      5.900  -0.20    0.00    0.00   0.00        486
20190704  17315148   35.6677  -117.6057     21.100  -0.30    0.00    0.00   0.00        487
20190704  17474058   35.7267  -117.5303      5.400   3.20    0.00    0.00   0.00        488
20190704  17485692   35.5815  -117.5315      6.500   2.50    0.00    0.00   0.00        489
20190704  17493512   35.7393  -117.4992      6.200   2.40    0.00    0.00   0.00        490
20190704  17500252   35.7383  -117.5097      6.200   2.70    0.00    0.00   0.00        491
20190704  18075020   35.7292  -117.4705     10.700   2.50    0.00    0.00   0.00        492
20190704  18121624   35.6977  -117.4308      3.700   1.50    0.00    0.00   0.00        493
20190704  18160400   35.6327  -117.6077      3.600   2.00    0.00    0.00   0.00        494
20190704  18324290   35.8407  -117.7097     40.500   1.80    0.00    0.00   0.00        495
20190704  18355114   35.5870  -117.6085     10.800   2.50    0.00    0.00   0.00        496
20190704  18444876   35.6577  -117.4853      7.900   2.50    0.00    0.00   0.00        497
20190704  18465500   35.6910  -117.6392     29.100   1.80    0.00    0.00   0.00        498
20190704  18574164   35.7153  -117.5238      4.100   3.20    0.00    0.00   0.00        499
20190704  19131702   35.6797  -117.5055      8.200   2.40    0.00    0.00   0.00        500
20190704  19173450   35.6315  -117.4475     19.700   1.50    0.00    0.00   0.00        501
20190704  19292684   35.6393  -117.4620      7.400   2.30    0.00    0.00   0.00        502
20190704  19353872   35.6138  -117.5785      3.600   1.80    0.00    0.00   0.00        503
20190704  19415392   35.7788  -117.5247      3.600   2.20    0.00    0.00   0.00        504
20190704  19422888   35.5660  -117.6077     15.400   2.40    0.00    0.00   0.00        505
20190704  19425774   35.6050  -117.5623     15.700   2.00    0.00    0.00   0.00        506
20190704  19510768   35.5867  -117.5458      4.700   3.00    0.00    0.00   0.00        507
20190704  20023360   35.6700  -117.5330      3.900   1.30    0.00    0.00   0.00        508
20190704  20105334   35.8048  -117.4435     21.400   2.20    0.00    0.00   0.00        509
20190704  20211380   35.6610  -117.4238      8.800   1.30    0.00    0.00   0.00        510
20190704  20213076   35.7228  -117.4417      3.600   1.10    0.00    0.00   0.00        511
20190704  20220088   35.7612  -117.3203     11.800   1.00    0.00    0.00   0.00        512
20190704  20273678   35.7270  -117.4847     11.400   1.40    0.00    0.00   0.00        513
20190704  20282636   35.6972  -117.4713      4.500   1.20    0.00    0.00   0.00        514
20190704  20304380   35.6952  -117.5050     28.000   2.00    0.00    0.00   0.00        515
20190704  20474092   35.6827  -117.4705      7.800   1.10    0.00    0.00   0.00        516
20190704  21063022   35.7418  -117.4467     10.100   1.50    0.00    0.00   0.00        517
20190704  21065714   35.6598  -117.6882      3.600   0.70    0.00    0.00   0.00        518
20190704  21073932   35.6695  -117.5448      6.200   2.10    0.00    0.00   0.00        519
20190704  21093794   35.6093  -117.6025      4.800   1.70    0.00    0.00   0.00        520
20190704  21132414   35.5887  -117.5725      4.400   1.90    0.00    0.00   0.00        521
20190704  21143566   35.7242  -117.4360     24.500   1.70    0.00    0.00   0.00        522
20190704  21242036   35.8750  -117.6827     17.100   1.10    0.00    0.00   0.00        523
20190704  21452628   35.6980  -117.4818      8.200   0.70    0.00    0.00   0.00        524
20190704  21482094   35.7275  -117.4772      9.200   1.60    0.00    0.00   0.00        525
20190704  21492738   35.7127  -117.4883     12.800   1.70    0.00    0.00   0.00        526
20190704  21493190   35.7788  -117.3073      8.700   1.80    0.00    0.00   0.00        527
20190704  21550242   35.5940  -117.5547     19.300   1.90    0.00    0.00   0.00        528
20190704  22164876   35.6687  -117.5395      4.600   0.90    0.00    0.00   0.00        529
20190704  22173664   35.7992  -117.6500     10.800   1.70    0.00    0.00   0.00        530
20190704  22243488   35.7302  -117.4793      4.100   1.50    0.00    0.00   0.00        531
20190704  22384560   35.8758  -117.3272     21.700   1.50    0.00    0.00   0.00        532
20190704  22595464   35.7145  -117.4523      4.700   1.50    0.00    0.00   0.00        533
20190704  23023500   35.5348  -117.5925     17.200   0.80    0.00    0.00   0.00        534
20190704  23043414   35.6597  -117.4500      6.400   1.50    0.00    0.00   0.00        535
20190704  23231816   35.8668  -117.5640      3.600   2.00    0.00    0.00   0.00        536
20190704  23262570   35.6748  -117.4942      4.400   1.40    0.00    0.00   0.00        537
20190704  23434130   35.6733  -117.5648      3.900   2.10    0.00    0.00   0.00        539
20190704  23470152   35.5647  -117.5932      4.800   1.30    0.00    0.00   0.00        540
20190704  23485820   35.7338  -117.4648     11.600   1.40    0.00    0.00   0.00        541
20190704  23503240   35.7670  -117.5027      5.500   0.60    0.00    0.00   0.00        542
20190704  23513818   35.6627  -117.5418     21.400   1.50    0.00    0.00   0.00        543
20190704  23594448   35.7418  -117.5005      8.900   1.30    0.00    0.00   0.00        544
20190705  13122343   35.7650  -117.5532      9.100   2.80    0.00    0.00   0.00        545
20190705  13233380   35.7893  -117.5933     15.600   2.20    0.00    0.00   0.00        546
20190705  14393335   35.7457  -117.5523      6.400   3.90    0.00    0.00   0.00        547
20190705  17023660   35.6127  -117.5628     15.800   4.10    0.00    0.00   0.00        548
20190705  23073150   35.8012  -117.5970      9.800   2.60    0.00    0.00   0.00        549
20190705   3011336   35.7485  -117.5562     12.700   2.60    0.00    0.00   0.00        550
20190705   3430197   35.7382  -117.5277     13.600   2.00    0.00    0.00   0.00        551
20190705   4560536   35.6595  -117.5352     11.800   2.60    0.00    0.00   0.00        552
20190705   8540258   35.7053  -117.4917     13.500   3.60    0.00    0.00   0.00        553
20190705  10482470   35.7450  -117.5495      7.400   2.40    0.00    0.00   0.00        554
20190705  11113167   35.7503  -117.5570      6.700   2.70    0.00    0.00   0.00        555
20190705  11121915   35.7518  -117.5563      8.700   2.60    0.00    0.00   0.00        556
20190705  11291493   35.7757  -117.5580     12.000   3.10    0.00    0.00   0.00        557
20190705  11584927   35.6472  -117.5713     12.800   2.80    0.00    0.00   0.00        558
20190705  12251865   35.7463  -117.5522      7.100   2.70    0.00    0.00   0.00        559
20190705  13410316   35.7098  -117.4985     11.400   2.80    0.00    0.00   0.00        560
20190705  14164914   35.7633  -117.5522     10.600   2.20    0.00    0.00   0.00        561
20190705  15303494   35.7543  -117.5650     11.600   2.20    0.00    0.00   0.00        562
20190705  16135947   35.7668  -117.5592      6.300   2.30    0.00    0.00   0.00        563
20190705  17313960   35.7232  -117.5315      6.200   2.50    0.00    0.00   0.00        564
20190705  17595630   35.7935  -117.6015     10.600   3.50    0.00    0.00   0.00        565
20190705  19172938   35.7533  -117.5678     12.300   2.20    0.00    0.00   0.00        566
20190705  19593686   35.7447  -117.5483      6.500   2.70    0.00    0.00   0.00        567
20190705  20333900   35.6412  -117.5917     17.100   1.80    0.00    0.00   0.00        568
20190705  21173128   35.7205  -117.5162      9.400   2.90    0.00    0.00   0.00        569
20190705  21335888   35.7502  -117.5505      6.300   2.10    0.00    0.00   0.00        570
20190705  21490572   35.6892  -117.5088     14.000   2.10    0.00    0.00   0.00        571
20190705  22382360   35.7848  -117.5978      8.400   3.00    0.00    0.00   0.00        572
20190705  23503298   35.7457  -117.5512      4.500   1.90    0.00    0.00   0.00        573
20190705     92102   35.7342  -117.5220     14.600   2.50    0.00    0.00   0.00        574
20190705    180132   35.7758  -117.6097      5.900   4.30    0.00    0.00   0.00        575
20190705    284907   35.7212  -117.5353      9.300   2.70    0.00    0.00   0.00        576
20190705    320645   35.7052  -117.4793      4.200   4.30    0.00    0.00   0.00        577
20190705   1085333   35.7247  -117.5420      5.400   3.00    0.00    0.00   0.00        578
20190705   1431748   35.6005  -117.5903     13.300   2.20    0.00    0.00   0.00        579
20190705   1580716   35.7133  -117.4677      5.200   2.80    0.00    0.00   0.00        580
20190705   2014127   35.7812  -117.6100      7.100   3.40    0.00    0.00   0.00        581
20190705   3501361   35.7107  -117.4702      3.600   2.60    0.00    0.00   0.00        582
20190705   3544153   35.7002  -117.4798      4.300   2.20    0.00    0.00   0.00        583
20190705   4302105   35.6463  -117.5433      8.000   2.40    0.00    0.00   0.00        584
20190705   5013974   35.5683  -117.6105      7.400   2.60    0.00    0.00   0.00        585
20190705   5103776   35.7070  -117.4717      8.300   3.10    0.00    0.00   0.00        586
20190705   5541001   35.6707  -117.4615     15.400   2.20    0.00    0.00   0.00        587
20190705   6183573   35.7510  -117.5553      6.300   2.20    0.00    0.00   0.00        588
20190705   6315904   35.7353  -117.5568      4.400   1.90    0.00    0.00   0.00        589
20190705   6404275   35.7040  -117.5005      8.900   3.20    0.00    0.00   0.00        590
20190705   6593347   35.6813  -117.4720      6.300   2.60    0.00    0.00   0.00        591
20190705   7391354   35.6922  -117.4628     16.400   3.70    0.00    0.00   0.00        592
20190705   8281802   35.6917  -117.4497     18.200   2.20    0.00    0.00   0.00        593
20190705   8464985   35.6990  -117.4782     13.100   3.10    0.00    0.00   0.00        594
20190705   9173816   35.7033  -117.4992      9.800   2.20    0.00    0.00   0.00        595
20190705  10373672   35.6633  -117.5183     12.200   2.10    0.00    0.00   0.00        596
20190705  11515091   35.6003  -117.5982     10.700   2.40    0.00    0.00   0.00        597
20190705  12051036   35.7575  -117.5693      7.800   2.70    0.00    0.00   0.00        598
20190705  12383010   35.7758  -117.5568     13.500   4.30    0.00    0.00   0.00        599
20190705  12500047   35.7593  -117.5585     12.800   2.70    0.00    0.00   0.00        600
20190705  13334638   35.7633  -117.5668     13.600   1.90    0.00    0.00   0.00        601
20190705  13473371   35.7568  -117.5675     16.300   2.50    0.00    0.00   0.00        602
20190705  14430700   35.7243  -117.5198      8.200   2.20    0.00    0.00   0.00        603
20190705  15000907   35.6813  -117.5865      4.600   2.60    0.00    0.00   0.00        604
20190705  15190372   35.7312  -117.5430      4.700   2.60    0.00    0.00   0.00        605
20190705  15460367   35.7020  -117.4783      4.900   3.00    0.00    0.00   0.00        606
20190705  18161760   35.7947  -117.5918     15.100   1.80    0.00    0.00   0.00        607
20190705  19091452   35.6288  -117.6050     18.000   1.80    0.00    0.00   0.00        608
20190705  19151500   35.7423  -117.5677      6.700   1.80    0.00    0.00   0.00        609
20190705  20130284   35.7582  -117.5367      7.300   2.50    0.00    0.00   0.00        610
20190705  20465540   35.7735  -117.5498     10.600   1.90    0.00    0.00   0.00        611
20190705  21133766   35.7457  -117.5388     12.700   2.80    0.00    0.00   0.00        612
20190705  22102272   35.7422  -117.5317     11.400   2.60    0.00    0.00   0.00        613
20190705  22505300   35.7633  -117.5587     12.600   2.40    0.00    0.00   0.00        614
20190705  22585472   35.6412  -117.5867     16.100   1.80    0.00    0.00   0.00        615
20190705  23520096   35.6797  -117.4637     10.600   2.10    0.00    0.00   0.00        616
20190705  23555276   35.7245  -117.5578     12.400   1.90    0.00    0.00   0.00        617
20190705  23570596   35.7403  -117.5230     12.500   2.00    0.00    0.00   0.00        618
20190705    453957   35.6967  -117.5030     12.000   4.20    0.00    0.00   0.00        619
20190705   1215574   35.6855  -117.4982      3.600   2.40    0.00    0.00   0.00        620
20190705   2113444   35.6408  -117.5460     16.700   2.10    0.00    0.00   0.00        621
20190705   2135188   35.6382  -117.5410     17.400   2.80    0.00    0.00   0.00        622
20190705   2194203   35.7722  -117.6022     12.800   3.20    0.00    0.00   0.00        623
20190705   2235560   35.7140  -117.4743      5.500   2.80    0.00    0.00   0.00        624
20190705   2260537   35.6660  -117.5133      4.200   2.20    0.00    0.00   0.00        625
20190705   3062040   35.7108  -117.4725      5.700   2.00    0.00    0.00   0.00        626
20190705   3213320   35.7817  -117.6140      6.900   2.70    0.00    0.00   0.00        627
20190705   3252072   35.6933  -117.5055      8.500   2.60    0.00    0.00   0.00        628
20190705   4544410   35.6862  -117.5165      7.700   1.90    0.00    0.00   0.00        629
20190705   5032659   35.6218  -117.5790     14.900   1.80    0.00    0.00   0.00        630
20190705   5182518   35.7723  -117.5968      5.500   3.40    0.00    0.00   0.00        631
20190705   6082130   35.7095  -117.5082     19.400   2.00    0.00    0.00   0.00        632
20190705   6245051   35.6662  -117.5137     11.600   2.20    0.00    0.00   0.00        633
20190705   7010591   35.7312  -117.5317      6.000   2.30    0.00    0.00   0.00        634
20190705   7315381   35.6355  -117.5702     14.400   2.30    0.00    0.00   0.00        635
20190705   8004339   35.7520  -117.5472     11.300   3.00    0.00    0.00   0.00        636
20190705   8573930   35.6677  -117.4978     11.300   1.80    0.00    0.00   0.00        637
20190705   9001706   35.7380  -117.5433      6.000   2.10    0.00    0.00   0.00        638
20190705   9312160   35.6440  -117.5382     12.200   2.10    0.00    0.00   0.00        639
20190705   9462911   35.6453  -117.5342      6.900   3.40    0.00    0.00   0.00        640
20190705   9535787   35.5718  -117.6288     12.200   2.20    0.00    0.00   0.00        641
20190705  10163440   35.6647  -117.4982      7.200   3.10    0.00    0.00   0.00        642
20190705  10271771   35.7257  -117.5257      8.100   2.70    0.00    0.00   0.00        643
20190705  10572632   35.7530  -117.5452     23.900   2.90    0.00    0.00   0.00        644
20190705  11171967   35.7802  -117.5572     11.700   2.30    0.00    0.00   0.00        645
20190705  11194547   35.7568  -117.5595     10.100   2.60    0.00    0.00   0.00        646
20190705  11202487   35.7615  -117.5520     13.600   2.70    0.00    0.00   0.00        647
20190705  11242114   35.7600  -117.5608      6.000   1.40    0.00    0.00   0.00        648
20190705  12271401   35.7465  -117.5243      6.500   1.90    0.00    0.00   0.00        649
20190705  12550481   35.7580  -117.5468     16.700   3.70    0.00    0.00   0.00        650
20190705  15033777   35.6640  -117.5177      9.500   2.70    0.00    0.00   0.00        651
20190705  15121815   35.7478  -117.5505     16.800   2.50    0.00    0.00   0.00        652
20190705  15214125   35.7755  -117.5573     11.200   1.70    0.00    0.00   0.00        653
20190705  15223582   35.7253  -117.5355      4.200   1.80    0.00    0.00   0.00        654
20190705  15274174   35.7370  -117.5258     15.500   1.40    0.00    0.00   0.00        655
20190705  16145172   35.7872  -117.6005      8.300   2.40    0.00    0.00   0.00        656
20190705  16503101   35.6815  -117.4950     19.600   2.30    0.00    0.00   0.00        657
20190705  17191728   35.7577  -117.5678      9.600   2.10    0.00    0.00   0.00        658
20190705  17234368   35.7093  -117.4755      4.000   2.00    0.00    0.00   0.00        659
20190705  17272980   35.7538  -117.5652     10.300   2.20    0.00    0.00   0.00        660
20190705  18032976   35.7100  -117.4793      7.500   1.30    0.00    0.00   0.00        661
20190705  18412410   35.7790  -117.5485     11.100   2.20    0.00    0.00   0.00        662
20190705  18525706   35.6607  -117.5628     20.800   2.00    0.00    0.00   0.00        663
20190705  18583310   35.5687  -117.6300     12.300   2.30    0.00    0.00   0.00        664
20190705  19052392   35.6802  -117.4870      8.200   2.10    0.00    0.00   0.00        665
20190705  20273608   35.7858  -117.5487      9.700   2.20    0.00    0.00   0.00        666
20190705  20404352   35.7538  -117.5442     10.000   1.80    0.00    0.00   0.00        667
20190705  21000682   35.7453  -117.5325      4.700   2.50    0.00    0.00   0.00        668
20190705  21464876   35.7267  -117.5253      4.300   1.60    0.00    0.00   0.00        669
20190705  22051206   35.7667  -117.5678     14.100   2.70    0.00    0.00   0.00        670
20190705  22520156   35.7650  -117.5615     13.100   1.50    0.00    0.00   0.00        671
20190705  22523442   35.7758  -117.5538     12.300   1.70    0.00    0.00   0.00        672
20190705  22534624   35.7448  -117.5265      9.700   1.60    0.00    0.00   0.00        673
20190705  23435860   35.6685  -117.4610     14.700   1.40    0.00    0.00   0.00        674
20190705    171906   35.6488  -117.5430     16.200   2.10    0.00    0.00   0.00        675
20190705    494071   35.7132  -117.4705     24.600   2.30    0.00    0.00   0.00        676
20190705   1181330   35.6592  -117.5158      5.400   3.20    0.00    0.00   0.00        677
20190705   1242910   35.6782  -117.5117     10.700   1.60    0.00    0.00   0.00        678
20190705   1331024   35.6688  -117.5670     24.300   2.40    0.00    0.00   0.00        679
20190705   2015908   35.6405  -117.5378     17.000   4.00    0.00    0.00   0.00        680
20190705   2051911   35.6575  -117.5147      6.000   3.40    0.00    0.00   0.00        681
20190705   2172607   35.6052  -117.5947     11.000   1.30    0.00    0.00   0.00        682
20190705   2595013   35.6550  -117.5223      7.400   2.90    0.00    0.00   0.00        683
20190705   3180966   35.6962  -117.4808      6.700   2.30    0.00    0.00   0.00        684
20190705   3235708   35.7283  -117.5000     18.300   2.30    0.00    0.00   0.00        685
20190705   3465422   35.6832  -117.5000      4.500   3.10    0.00    0.00   0.00        686
20190705   4113864   35.7272  -117.5513     21.500   3.70    0.00    0.00   0.00        687
20190705   4130126   35.6788  -117.5445     11.300   2.60    0.00    0.00   0.00        688
20190705   5235192   35.6828  -117.4840     12.900   2.10    0.00    0.00   0.00        689
20190705   5401213   35.6800  -117.5027      6.400   3.00    0.00    0.00   0.00        690
20190705   6441704   35.6810  -117.4858      4.300   2.20    0.00    0.00   0.00        691
20190705   6573543   35.6640  -117.5258      7.200   1.60    0.00    0.00   0.00        692
20190705   6590084   35.7138  -117.5268     14.800   2.80    0.00    0.00   0.00        693
20190705   7022233   35.7237  -117.5647     21.200   3.20    0.00    0.00   0.00        694
20190705   7114892   35.6400  -117.5428      6.300   2.50    0.00    0.00   0.00        695
20190705   7194089   35.7103  -117.4985     24.900   2.10    0.00    0.00   0.00        696
20190705   7325334   35.6627  -117.5180     11.900   2.20    0.00    0.00   0.00        697
20190705   7583045   35.7103  -117.5067     17.300   2.00    0.00    0.00   0.00        698
20190705   8210497   35.5947  -117.5963     12.700   3.40    0.00    0.00   0.00        699
20190705   8343297   35.6833  -117.5042     12.400   1.70    0.00    0.00   0.00        700
20190705   8565301   35.7305  -117.5307      6.300   2.10    0.00    0.00   0.00        701
20190705   9024014   35.6003  -117.5747     13.800   2.00    0.00    0.00   0.00        702
20190705   9030603   35.5935  -117.5802     13.700   2.30    0.00    0.00   0.00        703
20190705   9211573   35.7233  -117.5083     13.000   1.90    0.00    0.00   0.00        704
20190705  10052084   35.7455  -117.5308     15.400   1.70    0.00    0.00   0.00        705
20190705  10212684   35.7425  -117.5475      9.100   1.70    0.00    0.00   0.00        706
20190705  10360731   35.7157  -117.4777     16.600   1.70    0.00    0.00   0.00        707
20190705  10452820   35.7077  -117.4745      3.600   1.60    0.00    0.00   0.00        708
20190705  10593903   35.5902  -117.5865      6.800   3.50    0.00    0.00   0.00        709
20190705  11075278   35.7580  -117.5250     11.300   5.30    0.00    0.00   0.00        710
20190705  11260085   35.7465  -117.5683      7.500   1.90    0.00    0.00   0.00        711
20190705  11413749   35.7638  -117.5463      5.600   2.30    0.00    0.00   0.00        712
20190705  12075671   35.7532  -117.5560      9.900   1.80    0.00    0.00   0.00        713
20190705  12493594   35.5737  -117.6262      7.900   2.30    0.00    0.00   0.00        714
20190705  12520195   35.6947  -117.5083     12.600   1.40    0.00    0.00   0.00        715
20190705  13170946   35.7332  -117.5413      6.300   1.90    0.00    0.00   0.00        716
20190705  13182017   35.7393  -117.5350     23.400   1.90    0.00    0.00   0.00        717
20190705  13223531   35.5968  -117.5967      8.000   2.20    0.00    0.00   0.00        718
20190705  13312325   35.6997  -117.4900      3.600   2.60    0.00    0.00   0.00        719
20190705  13384040   35.7388  -117.5320     25.300   2.20    0.00    0.00   0.00        720
20190705  13471147   35.7465  -117.5518      5.700   1.80    0.00    0.00   0.00        721
20190705  13522851   35.7628  -117.5685     13.200   1.80    0.00    0.00   0.00        722
20190705  14314139   35.7028  -117.4992     13.000   1.70    0.00    0.00   0.00        723
20190705  14342797   35.7488  -117.5535      8.000   2.00    0.00    0.00   0.00        724
20190705  14551678   35.7143  -117.4982     26.600   1.80    0.00    0.00   0.00        725
20190705  15143915   35.7355  -117.5095     17.400   1.50    0.00    0.00   0.00        726
20190705  15261195   35.7438  -117.5518      9.500   2.00    0.00    0.00   0.00        727
20190705  16024913   35.7035  -117.4865     18.600   2.00    0.00    0.00   0.00        728
20190705  16034116   35.7273  -117.5023     17.000   1.60    0.00    0.00   0.00        729
20190705  16360946   35.7543  -117.5642      8.600   2.50    0.00    0.00   0.00        730
20190705  17131924   35.6995  -117.5012      7.100   1.30    0.00    0.00   0.00        731
20190705  17244536   35.7580  -117.5577      9.200   2.10    0.00    0.00   0.00        732
20190705  17560212   35.6910  -117.4737      4.300   1.60    0.00    0.00   0.00        733
20190705  17571232   35.7258  -117.4502     24.800   2.70    0.00    0.00   0.00        734
20190705  18021498   35.6835  -117.4945      6.500   2.30    0.00    0.00   0.00        735
20190705  18045936   35.6927  -117.4957      3.500   1.90    0.00    0.00   0.00        736
20190705  18095248   35.6713  -117.5182      5.900   2.80    0.00    0.00   0.00        737
20190705  18344792   35.7120  -117.4685      3.600   1.70    0.00    0.00   0.00        738
20190705  18434270   35.6097  -117.5775     13.100   2.10    0.00    0.00   0.00        739
20190705  18450052   35.7210  -117.5180      6.400   2.40    0.00    0.00   0.00        740
20190705  18461434   35.7368  -117.5558      5.600   2.10    0.00    0.00   0.00        741
20190705  19441788   35.6612  -117.5232     12.400   1.70    0.00    0.00   0.00        742
20190705  19454662   35.7150  -117.5062     11.500   1.60    0.00    0.00   0.00        743
20190705  19580112   35.6798  -117.4963     18.000   1.90    0.00    0.00   0.00        744
20190705  20444000   35.6697  -117.5098     13.300   1.60    0.00    0.00   0.00        745
20190705  20511872   35.6677  -117.5077      7.800   2.80    0.00    0.00   0.00        746
20190705  20534688   35.5697  -117.6068      7.600   2.20    0.00    0.00   0.00        747
20190705  21203468   35.6795  -117.5020      7.200   1.80    0.00    0.00   0.00        748
20190705  21302612   35.6058  -117.5788     14.500   2.80    0.00    0.00   0.00        749
20190705  21364764   35.7195  -117.4747      4.700   2.10    0.00    0.00   0.00        750
20190705  23212076   35.6773  -117.5208     13.300   1.80    0.00    0.00   0.00        751
20190705  23270092   35.7348  -117.5222     13.300   2.00    0.00    0.00   0.00        752
20190705  23351052   35.7572  -117.5588     19.700   2.10    0.00    0.00   0.00        753
20190705  23581388   35.7232  -117.5368      6.400   2.20    0.00    0.00   0.00        754
20190705    140553   35.6603  -117.5208      3.900   2.80    0.00    0.00   0.00        755
20190705    220405   35.5838  -117.6098     15.500   2.00    0.00    0.00   0.00        756
20190705   1040740   35.7498  -117.5218      6.200   1.80    0.00    0.00   0.00        757
20190705   1052206   35.7797  -117.6080      9.800   2.40    0.00    0.00   0.00        758
20190705   1292153   35.7142  -117.4690      4.800   2.10    0.00    0.00   0.00        759
20190705   1353794   35.5972  -117.5963      7.300   2.50    0.00    0.00   0.00        760
20190705   1455396   35.5928  -117.5887      7.900   2.30    0.00    0.00   0.00        761
20190705   2183709   35.6093  -117.5807     12.800   2.30    0.00    0.00   0.00        762
20190705   2465627   35.6848  -117.4950      3.600   1.50    0.00    0.00   0.00        763
20190705   2472765   35.6738  -117.5157     12.200   2.50    0.00    0.00   0.00        764
20190705   2535646   35.5713  -117.6267      8.300   1.60    0.00    0.00   0.00        765
20190705   3164946   35.7008  -117.4968      5.900   1.80    0.00    0.00   0.00        766
20190705   3174295   35.6287  -117.5570      6.900   2.30    0.00    0.00   0.00        767
20190705   3330281   35.6982  -117.4995     17.000   2.40    0.00    0.00   0.00        768
20190705   3343265   35.6937  -117.5030     21.300   2.10    0.00    0.00   0.00        769
20190705   3461285   35.7005  -117.4758     20.000   2.60    0.00    0.00   0.00        770
20190705   4371628   35.7318  -117.5388      5.200   2.00    0.00    0.00   0.00        771
20190705   4404658   35.7343  -117.4802      7.600   1.50    0.00    0.00   0.00        772
20190705   5244787   35.7230  -117.4640      3.700   2.10    0.00    0.00   0.00        773
20190705   5523845   35.7018  -117.4763     16.700   2.60    0.00    0.00   0.00        774
20190705   6092266   35.6207  -117.5647     25.400   3.80    0.00    0.00   0.00        775
20190705   6371297   35.5750  -117.6183      6.000   1.60    0.00    0.00   0.00        776
20190705   7383767   35.7468  -117.5507      8.000   1.80    0.00    0.00   0.00        777
20190705   8120767   35.5968  -117.5962     11.300   1.60    0.00    0.00   0.00        778
20190705   8261567   35.5995  -117.5975     12.000   1.90    0.00    0.00   0.00        779
20190705   8331870   35.7448  -117.5245      8.700   1.70    0.00    0.00   0.00        780
20190705   9091531   35.7032  -117.4677      6.200   1.90    0.00    0.00   0.00        781
20190705   9454067   35.6690  -117.5222     12.500   1.50    0.00    0.00   0.00        782
20190705  10210069   35.5753  -117.6277      7.400   1.70    0.00    0.00   0.00        783
20190705  10231432   35.7157  -117.4495      3.700   2.20    0.00    0.00   0.00        784
20190705  10291151   35.5997  -117.5962     12.300   1.70    0.00    0.00   0.00        785
20190705  10500882   35.5870  -117.6210      5.400   1.90    0.00    0.00   0.00        786
20190705  12135288   35.6975  -117.4912      5.200   1.40    0.00    0.00   0.00        787
20190705  12595803   35.7330  -117.5048      6.400   1.60    0.00    0.00   0.00        788
20190705  13042682   35.7745  -117.5555     11.000   1.70    0.00    0.00   0.00        789
20190705  13150030   35.6842  -117.5125     12.400   1.60    0.00    0.00   0.00        790
20190705  13300076   35.7517  -117.5460      6.500   1.70    0.00    0.00   0.00        791
20190705  14014769   35.7923  -117.6043      9.900   2.50    0.00    0.00   0.00        792
20190705  14114715   35.6042  -117.5967      3.700   2.30    0.00    0.00   0.00        793
20190705  14201229   35.7693  -117.5560      7.700   1.50    0.00    0.00   0.00        794
20190705  14371255   35.6470  -117.5457     22.900   1.90    0.00    0.00   0.00        795
20190705  15020715   35.7497  -117.5542     18.800   2.10    0.00    0.00   0.00        796
20190705  15023727   35.7678  -117.5407     10.800   1.70    0.00    0.00   0.00        797
20190705  15101501   35.6540  -117.5418     14.500   1.50    0.00    0.00   0.00        798
20190705  15110956   35.6717  -117.5655     24.400   1.90    0.00    0.00   0.00        799
20190705  15393859   35.5838  -117.6207     14.800   1.80    0.00    0.00   0.00        800
20190705  16161475   35.5797  -117.6262     15.300   1.70    0.00    0.00   0.00        801
20190705  16173029   35.6675  -117.5465     20.500   1.70    0.00    0.00   0.00        802
20190705  16210130   35.7660  -117.5658      7.900   1.40    0.00    0.00   0.00        803
20190705  16333105   35.6803  -117.5790     16.600   1.90    0.00    0.00   0.00        804
20190705  16431119   35.6348  -117.5835     16.900   2.00    0.00    0.00   0.00        805
20190705  17213732   35.7335  -117.5188     18.300   1.90    0.00    0.00   0.00        806
20190705  17353552   35.8053  -117.6118      9.600   1.50    0.00    0.00   0.00        807
20190705  17362816   35.7795  -117.5458     10.500   1.40    0.00    0.00   0.00        808
20190705  17400552   35.7342  -117.5247     16.700   2.20    0.00    0.00   0.00        809
20190705  18124166   35.7927  -117.5885     15.500   1.50    0.00    0.00   0.00        810
20190705  18331220   35.7262  -117.5472      5.200   1.40    0.00    0.00   0.00        811
20190705  18491884   35.6685  -117.5398     12.700   1.60    0.00    0.00   0.00        812
20190705  18563796   35.7175  -117.5257     16.700   1.80    0.00    0.00   0.00        813
20190705  19004866   35.6863  -117.5183      5.600   1.50    0.00    0.00   0.00        814
20190705  20104166   35.7477  -117.5378     12.200   1.40    0.00    0.00   0.00        815
20190705  20113956   35.6720  -117.5198     17.300   1.70    0.00    0.00   0.00        816
20190705  20342848   35.7577  -117.5400     14.000   1.60    0.00    0.00   0.00        817
20190705  21014106   35.6617  -117.5117     22.500   1.60    0.00    0.00   0.00        818
20190705  21040946   35.7527  -117.5747     10.000   2.00    0.00    0.00   0.00        819
20190705  21053210   35.5687  -117.6065     22.900   2.40    0.00    0.00   0.00        820
20190705  21514050   35.6637  -117.5173      6.100   2.50    0.00    0.00   0.00        821
20190705  22144442   35.7687  -117.5632     13.400   2.00    0.00    0.00   0.00        822
20190705  22280204   35.7182  -117.4493      5.400   1.60    0.00    0.00   0.00        823
20190705  23010776   35.6917  -117.5002      3.600   2.60    0.00    0.00   0.00        824
20190705  23115484   35.6767  -117.4705     20.400   2.30    0.00    0.00   0.00        825
20190705  23293446   35.6380  -117.5387     11.200   1.50    0.00    0.00   0.00        826
20190705  23385424   35.7340  -117.5550     24.000   1.40    0.00    0.00   0.00        827
20190705  23405800   35.6833  -117.5033      5.900   1.70    0.00    0.00   0.00        828
20190705  23485476   35.7140  -117.4723      4.500   1.50    0.00    0.00   0.00        829
20190705    164227   35.6927  -117.4758      3.600   1.90    0.00    0.00   0.00        830
20190705    540540   35.7392  -117.5308      3.600   2.00    0.00    0.00   0.00        831
20190705    564369   35.7550  -117.5392      9.500   1.80    0.00    0.00   0.00        832
20190705   1140446   35.7817  -117.5998      8.600   2.30    0.00    0.00   0.00        833
20190705   1470276   35.7002  -117.4807      4.300   2.30    0.00    0.00   0.00        834
20190705   2585051   35.7202  -117.4603      4.300   2.20    0.00    0.00   0.00        835
20190705   3141159   35.7490  -117.5230      8.400   1.70    0.00    0.00   0.00        836
20190705   3514219   35.5980  -117.5922      8.500   1.40    0.00    0.00   0.00        837
20190705   3560576   35.5993  -117.5947      9.100   1.60    0.00    0.00   0.00        838
20190705   4063664   35.6058  -117.5888      7.200   1.60    0.00    0.00   0.00        839
20190705   4391357   35.7178  -117.4552      3.600   2.00    0.00    0.00   0.00        840
20190705   5113461   35.7458  -117.5405     21.500   2.20    0.00    0.00   0.00        841
20190705   5291682   35.7018  -117.5445     14.700   2.70    0.00    0.00   0.00        842
20190705   5372888   35.7190  -117.4625      3.600   2.30    0.00    0.00   0.00        843
20190705   6020038   35.6787  -117.4953     16.000   1.30    0.00    0.00   0.00        844
20190705   6241998   35.7108  -117.4627      5.500   1.40    0.00    0.00   0.00        845
20190705   6301900   35.7072  -117.4377      3.600   1.50    0.00    0.00   0.00        846
20190705   6553066   35.6880  -117.4708     15.500   2.00    0.00    0.00   0.00        847
20190705   7374857   35.7810  -117.6105      7.000   1.60    0.00    0.00   0.00        848
20190705   8133254   35.6668  -117.5097     13.000   1.90    0.00    0.00   0.00        849
20190705   8562143   35.7325  -117.5200      4.800   1.80    0.00    0.00   0.00        850
20190705   8590494   35.5905  -117.6078     11.600   1.10    0.00    0.00   0.00        851
20190705   9103085   35.6873  -117.4965      4.600   2.20    0.00    0.00   0.00        852
20190705   9133782   35.6308  -117.5688     17.800   1.50    0.00    0.00   0.00        853
20190705   9175729   35.6630  -117.5567      6.600   2.60    0.00    0.00   0.00        854
20190705   9185784   35.7135  -117.5273      4.500   1.40    0.00    0.00   0.00        855
20190705   9410818   35.7597  -117.5442     12.900   1.60    0.00    0.00   0.00        856
20190705  10031467   35.6833  -117.4848      6.200   1.30    0.00    0.00   0.00        857
20190705  10253673   35.7260  -117.4613      6.500   1.60    0.00    0.00   0.00        858
20190705  10331657   35.7178  -117.4863      5.100   2.70    0.00    0.00   0.00        859
20190705  10420928   35.6668  -117.5170      7.000   1.20    0.00    0.00   0.00        860
20190705  10443214   35.6178  -117.6020     17.700   1.70    0.00    0.00   0.00        861
20190705  11045689   35.7467  -117.5348      7.500   1.60    0.00    0.00   0.00        862
20190705  11265367   35.7563  -117.5623      6.500   1.90    0.00    0.00   0.00        863
20190705  11303968   35.7105  -117.4665      5.400   2.60    0.00    0.00   0.00        864
20190705  11395104   35.7583  -117.5867     12.700   1.80    0.00    0.00   0.00        865
20190705  12361916   35.7652  -117.5528     14.000   1.30    0.00    0.00   0.00        866
20190705  12434445   35.6880  -117.4692      6.600   2.50    0.00    0.00   0.00        867
20190705  13092312   35.7513  -117.5647      5.300   2.30    0.00    0.00   0.00        868
20190705  14052922   35.6053  -117.5905      5.100   1.60    0.00    0.00   0.00        869
20190705  14060658   35.7488  -117.5445      5.500   1.40    0.00    0.00   0.00        870
20190705  14093411   35.7395  -117.5308     13.000   1.70    0.00    0.00   0.00        871
20190705  14244233   35.6727  -117.5057     14.400   1.60    0.00    0.00   0.00        872
20190705  14363863   35.7257  -117.5365      8.600   2.30    0.00    0.00   0.00        873
20190705  14533243   35.6095  -117.5968     17.400   1.90    0.00    0.00   0.00        874
20190705  15174756   35.6705  -117.5180      3.600   1.50    0.00    0.00   0.00        875
20190705  15383671   35.6403  -117.5482     24.600   1.90    0.00    0.00   0.00        876
20190705  15561756   35.7557  -117.5487     11.500   1.00    0.00    0.00   0.00        877
20190705  15564708   35.6733  -117.4643     14.100   1.30    0.00    0.00   0.00        878
20190705  17103138   35.6052  -117.5827      8.900   1.70    0.00    0.00   0.00        879
20190705  17223924   35.7837  -117.5868     13.300   1.20    0.00    0.00   0.00        880
20190705  17433450   35.7440  -117.5442     15.300   1.60    0.00    0.00   0.00        881
20190705  17491520   35.7732  -117.5693     16.200   1.70    0.00    0.00   0.00        882
20190705  17501124   35.7965  -117.6075      8.200   1.30    0.00    0.00   0.00        883
20190705  18361210   35.6057  -117.5735     11.700   1.20    0.00    0.00   0.00        884
20190705  18455356   35.5677  -117.6148     12.700   1.80    0.00    0.00   0.00        885
20190705  19081430   35.7295  -117.5207     11.600   1.40    0.00    0.00   0.00        886
20190705  20060176   35.7147  -117.4570     14.600   1.60    0.00    0.00   0.00        887
20190705  20073060   35.6945  -117.4603     24.900   1.40    0.00    0.00   0.00        888
20190705  20122680   35.7250  -117.5508      4.200   1.90    0.00    0.00   0.00        889
20190705  20150664   35.6353  -117.5810     13.500   1.60    0.00    0.00   0.00        890
20190705  20155508   35.5790  -117.6215     10.000   1.90    0.00    0.00   0.00        891
20190705  21094762   35.5650  -117.6095      7.800   1.50    0.00    0.00   0.00        892
20190705  22072844   35.6870  -117.4983     14.200   2.80    0.00    0.00   0.00        893
20190705  22092104   35.7205  -117.5352     19.000   2.00    0.00    0.00   0.00        894
20190705  22100300   35.5705  -117.6093      7.600   1.70    0.00    0.00   0.00        895
20190705  22122662   35.6898  -117.4760      3.600   1.40    0.00    0.00   0.00        896
20190705  22332486   35.6917  -117.4682     24.900   2.30    0.00    0.00   0.00        897
20190705  22360720   35.6418  -117.5352     12.900   1.30    0.00    0.00   0.00        898
20190705  22370170   35.6360  -117.5635     14.300   1.30    0.00    0.00   0.00        899
20190705  23233524   35.6680  -117.5102     21.600   1.50    0.00    0.00   0.00        900
20190705  23543692   35.7402  -117.5358      5.300   1.40    0.00    0.00   0.00        901
20190705      1991   35.5990  -117.5825      6.000   1.70    0.00    0.00   0.00        902
20190705    113853   35.7482  -117.5462      4.600   1.90    0.00    0.00   0.00        903
20190705    424306   35.7200  -117.4802      5.000   2.00    0.00    0.00   0.00        904
20190705    503152   35.5735  -117.6092     17.500   2.00    0.00    0.00   0.00        905
20190705    525270   35.6035  -117.5983     10.200   1.90    0.00    0.00   0.00        906
20190705    590885   35.7285  -117.5180      3.900   1.80    0.00    0.00   0.00        907
20190705   1264614   35.6953  -117.4760      4.600   1.40    0.00    0.00   0.00        908
20190705   1314184   35.5952  -117.5782     12.600   1.50    0.00    0.00   0.00        909
20190705   1392521   35.7527  -117.5365      5.100   1.70    0.00    0.00   0.00        910
20190705   1425735   35.5772  -117.6038      7.400   1.40    0.00    0.00   0.00        911
20190705   1504712   35.5768  -117.6170     16.600   1.70    0.00    0.00   0.00        912
20190705   1590967   35.7318  -117.5425      7.400   2.00    0.00    0.00   0.00        913
20190705   2043095   35.7565  -117.5465     23.000   2.10    0.00    0.00   0.00        914
20190705   2275873   35.5807  -117.6188     14.800   1.50    0.00    0.00   0.00        915
20190705   2301112   35.6648  -117.5270     11.000   2.40    0.00    0.00   0.00        916
20190705   2321531   35.7058  -117.4640      4.900   1.60    0.00    0.00   0.00        917
20190705   2434221   35.6650  -117.5103     11.700   1.60    0.00    0.00   0.00        918
20190705   2494094   35.7438  -117.5272      5.900   1.50    0.00    0.00   0.00        919
20190705   2523116   35.7368  -117.4898      4.700   1.70    0.00    0.00   0.00        920
20190705   2574929   35.5927  -117.5810     11.400   2.40    0.00    0.00   0.00        921
20190705   3102308   35.6898  -117.4883      3.700   2.00    0.00    0.00   0.00        922
20190705   3151880   35.6288  -117.5433     13.500   3.10    0.00    0.00   0.00        923
20190705   3310004   35.5703  -117.6235      7.000   1.30    0.00    0.00   0.00        924
20190705   3420196   35.6760  -117.5347      8.600   1.70    0.00    0.00   0.00        925
20190705   3500067   35.7412  -117.5215      5.600   1.30    0.00    0.00   0.00        926
20190705   3562895   35.7507  -117.5558      7.500   1.70    0.00    0.00   0.00        927
20190705   4530825   35.5708  -117.6003      7.400   1.40    0.00    0.00   0.00        928
20190705   5441938   35.6402  -117.5392     28.400   1.90    0.00    0.00   0.00        929
20190705   5452972   35.6887  -117.4982     23.000   1.60    0.00    0.00   0.00        930
20190705   6044634   35.6870  -117.4592      4.500   1.60    0.00    0.00   0.00        931
20190705   6334185   35.7243  -117.4463     26.400   1.60    0.00    0.00   0.00        932
20190705   6380273   35.6947  -117.4732      6.200   1.10    0.00    0.00   0.00        933
20190705   6561411   35.6653  -117.5588     13.000   1.80    0.00    0.00   0.00        934
20190705   7020753   35.6282  -117.5620     12.400   1.60    0.00    0.00   0.00        935
20190705   7155141   35.7050  -117.4880      9.000   1.80    0.00    0.00   0.00        936
20190705   7242793   35.6507  -117.5332     16.500   1.60    0.00    0.00   0.00        937
20190705   7440295   35.7533  -117.5160      9.000   1.10    0.00    0.00   0.00        938
20190705   8045412   35.7035  -117.4593      6.600   1.60    0.00    0.00   0.00        939
20190705   8100293   35.6605  -117.5242      6.100   1.70    0.00    0.00   0.00        940
20190705   8425031   35.7502  -117.5387      5.200   1.00    0.00    0.00   0.00        941
20190705   9075128   35.5925  -117.5915      7.500   1.40    0.00    0.00   0.00        942
20190705   9110947   35.6625  -117.5243     19.000   2.20    0.00    0.00   0.00        943
20190705   9412219   35.7205  -117.4745      3.600   2.60    0.00    0.00   0.00        944
20190705   9495317   35.7242  -117.4313      3.600   1.10    0.00    0.00   0.00        945
20190705  11023007   35.5738  -117.6342     15.100   1.70    0.00    0.00   0.00        946
20190705  11060149   35.6337  -117.5698     14.700   1.20    0.00    0.00   0.00        947
20190705  11141776   35.7438  -117.5335      8.900   1.80    0.00    0.00   0.00        948
20190705  11205530   35.7517  -117.5557      6.400   2.10    0.00    0.00   0.00        949
20190705  11250881   35.6427  -117.5810     15.400   2.60    0.00    0.00   0.00        950
20190705  11325848   35.7855  -117.5643     12.800   1.80    0.00    0.00   0.00        951
20190705  11375169   35.7728  -117.5540     12.500   1.70    0.00    0.00   0.00        952
20190705  11463497   35.6860  -117.5117     26.700   2.30    0.00    0.00   0.00        953
20190705  11475129   35.7538  -117.5642     17.300   1.50    0.00    0.00   0.00        954
20190705  12225088   35.5288  -117.4307      9.400   2.40    0.00    0.00   0.00        955
20190705  12264554   35.7515  -117.5442     12.500   1.70    0.00    0.00   0.00        956
20190705  12302966   35.7068  -117.4692     17.200   2.00    0.00    0.00   0.00        957
20190705  12342638   35.7417  -117.5497     23.000   1.80    0.00    0.00   0.00        958
20190705  12464239   35.7668  -117.5592     13.400   1.50    0.00    0.00   0.00        959
20190705  12543415   35.7650  -117.5662      6.500   1.00    0.00    0.00   0.00        960
20190705  12584174   35.7562  -117.5613     12.200   1.40    0.00    0.00   0.00        961
20190705  13290622   35.7052  -117.4862      3.600   1.80    0.00    0.00   0.00        962
20190705  13324512   35.6483  -117.5933     17.200   1.80    0.00    0.00   0.00        963
20190705  14064185   35.6933  -117.5423      3.600   1.40    0.00    0.00   0.00        964
20190705  14523493   35.6513  -117.5593     16.000   1.50    0.00    0.00   0.00        965
20190705  14570368   35.7447  -117.5478      7.500   1.30    0.00    0.00   0.00        966
20190705  15161663   35.6802  -117.4973      6.500   2.10    0.00    0.00   0.00        967
20190705  15353200   35.7500  -117.5688     17.400   1.50    0.00    0.00   0.00        968
20190705  16092010   35.5963  -117.5872      7.400   1.30    0.00    0.00   0.00        969
20190705  16133793   35.7288  -117.5397      5.600   1.20    0.00    0.00   0.00        970
20190705  16182928   35.7758  -117.5758     20.900   1.70    0.00    0.00   0.00        971
20190705  16202602   35.5992  -117.5697     22.500   1.60    0.00    0.00   0.00        972
20190705  16241087   35.6560  -117.5193      5.200   1.70    0.00    0.00   0.00        973
20190705  17045408   35.7510  -117.5603     12.100   1.90    0.00    0.00   0.00        974
20190705  17061284   35.6500  -117.5367      7.800   1.30    0.00    0.00   0.00        975
20190705  17150664   35.7767  -117.5648      4.300   1.30    0.00    0.00   0.00        976
20190705  17173934   35.6627  -117.5563     13.700   1.90    0.00    0.00   0.00        977
20190705  17202442   35.6477  -117.5295     12.600   1.20    0.00    0.00   0.00        978
20190705  17290788   35.5688  -117.5955      5.600   1.00    0.00    0.00   0.00        979
20190705  17295124   35.5993  -117.5808     11.300   1.20    0.00    0.00   0.00        980
20190705  17545436   35.7042  -117.4870      6.200   2.00    0.00    0.00   0.00        981
20190705  18083132   35.6715  -117.5215     10.500   1.40    0.00    0.00   0.00        982
20190705  18293810   35.6218  -117.5822     15.200   1.20    0.00    0.00   0.00        983
20190705  19175938   35.5815  -117.5805     13.200   1.60    0.00    0.00   0.00        984
20190705  19301248   35.7422  -117.5380     14.600   1.50    0.00    0.00   0.00        985
20190705  19480118   35.7525  -117.5365      4.800   1.40    0.00    0.00   0.00        986
20190705  20025032   35.8197  -117.6250      8.900   1.50    0.00    0.00   0.00        987
20190705  20564028   35.5733  -117.6088      5.900   1.80    0.00    0.00   0.00        988
20190705  20593312   35.6623  -117.5227     11.500   1.60    0.00    0.00   0.00        989
20190705  21105260   35.6790  -117.4943     10.800   2.00    0.00    0.00   0.00        990
20190705  22582544   35.6162  -117.5705     15.800   1.30    0.00    0.00   0.00        991
20190705  23004344   35.7605  -117.5660     13.300   1.90    0.00    0.00   0.00        992
20190705     71855   35.6047  -117.5898      7.400   1.70    0.00    0.00   0.00        993
20190705    513886   35.5633  -117.6183     12.700   1.20    0.00    0.00   0.00        994
20190705    532748   35.7133  -117.4895      3.600   2.30    0.00    0.00   0.00        995
20190705   1113747   35.6723  -117.5063     17.500   1.20    0.00    0.00   0.00        996
20190705   1525137   35.7037  -117.4752     21.600   1.90    0.00    0.00   0.00        997
20190705   1565791   35.6503  -117.5507     13.800   1.50    0.00    0.00   0.00        998
20190705   2081970   35.6995  -117.4705      3.800   2.50    0.00    0.00   0.00        999
20190705   2095878   35.7015  -117.4563      5.700   2.00    0.00    0.00   0.00       1000
20190705   2133732   35.6407  -117.5783      5.600   1.50    0.00    0.00   0.00       1001
20190705   2154633   35.6495  -117.5965     22.200   1.40    0.00    0.00   0.00       1002
20190705   2414776   35.7002  -117.4523     25.000   1.30    0.00    0.00   0.00       1003
20190705   3571181   35.7115  -117.4527      5.900   1.80    0.00    0.00   0.00       1004
20190705   3584690   35.7567  -117.5590     19.300   2.20    0.00    0.00   0.00       1005
20190705   4330501   35.6580  -117.5153      7.500   2.60    0.00    0.00   0.00       1006
20190705   4350284   35.6993  -117.4920      6.400   1.00    0.00    0.00   0.00       1007
20190705   5040958   35.7187  -117.4745      3.600   2.00    0.00    0.00   0.00       1008
20190705   5125661   35.5888  -117.5775     14.500   1.40    0.00    0.00   0.00       1009
20190705   5313703   35.7317  -117.5073     19.100   1.60    0.00    0.00   0.00       1010
20190705   5334797   35.6562  -117.5253     23.600   1.80    0.00    0.00   0.00       1011
20190705   6211925   35.7305  -117.5357      5.000   1.60    0.00    0.00   0.00       1012
20190705   6400274   35.6693  -117.5597      7.600   2.40    0.00    0.00   0.00       1013
20190705   7152427   35.7488  -117.5452      5.200   1.40    0.00    0.00   0.00       1014
20190705   7273692   35.7468  -117.5423     19.200   3.80    0.00    0.00   0.00       1015
20190705   7545451   35.5720  -117.6232      5.300   1.10    0.00    0.00   0.00       1016
20190705   8025702   35.7397  -117.5238      4.400   2.00    0.00    0.00   0.00       1017
20190705   8173772   35.6868  -117.4322     17.200   2.20    0.00    0.00   0.00       1018
20190705   9045860   35.7465  -117.5460     18.800   1.10    0.00    0.00   0.00       1019
20190705   9142655   35.5755  -117.6168      5.500   1.40    0.00    0.00   0.00       1020
20190705   9563362   35.7150  -117.4568      4.400   1.10    0.00    0.00   0.00       1021
20190705  10091022   35.6935  -117.4755      3.600   1.20    0.00    0.00   0.00       1022
20190705  10201343   35.5715  -117.6255      8.900   1.10    0.00    0.00   0.00       1023
20190705  10505932   35.6587  -117.5173      5.200   1.60    0.00    0.00   0.00       1024
20190705  10565904   35.7620  -117.5165      6.700   1.70    0.00    0.00   0.00       1025
20190705  11553709   35.7510  -117.5622      8.900   1.60    0.00    0.00   0.00       1026
20190705  12070653   35.6440  -117.5767     13.200   2.00    0.00    0.00   0.00       1027
20190705  12172941   35.5728  -117.6270      8.100   1.80    0.00    0.00   0.00       1028
20190705  12203455   35.7705  -117.5643      6.700   0.90    0.00    0.00   0.00       1029
20190705  12330403   35.7590  -117.5650      9.700   1.80    0.00    0.00   0.00       1030
20190705  13260472   35.7412  -117.5257      3.600   1.40    0.00    0.00   0.00       1031
20190705  13353995   35.7717  -117.5577     10.700   1.00    0.00    0.00   0.00       1032
20190705  13401873   35.7735  -117.5413     12.900   1.10    0.00    0.00   0.00       1033
20190705  13530301   35.7083  -117.4655      4.100   1.20    0.00    0.00   0.00       1034
20190705  14070984   35.8063  -117.6118      9.000   2.10    0.00    0.00   0.00       1035
20190705  14123932   35.6533  -117.5310     23.200   1.90    0.00    0.00   0.00       1036
20190705  14281895   35.6367  -117.5530     17.300   1.00    0.00    0.00   0.00       1037
20190705  15083835   35.7753  -117.5572     11.900   1.30    0.00    0.00   0.00       1038
20190705  15205646   35.6470  -117.5315     13.400   1.30    0.00    0.00   0.00       1039
20190705  15483822   35.5745  -117.6068     10.000   1.30    0.00    0.00   0.00       1040
20190705  15514331   35.6307  -117.5913     13.700   1.30    0.00    0.00   0.00       1041
20190705  16411318   35.6620  -117.5455     14.700   1.50    0.00    0.00   0.00       1042
20190705  16505613   35.7908  -117.5985      8.100   1.80    0.00    0.00   0.00       1043
20190705  16524353   35.7495  -117.5383     13.800   0.90    0.00    0.00   0.00       1044
20190705  17171596   35.7187  -117.4513     26.200   1.40    0.00    0.00   0.00       1045
20190705  17372278   35.5808  -117.5948     25.100   1.00    0.00    0.00   0.00       1046
20190705  17544268   35.6103  -117.5817      5.600   1.60    0.00    0.00   0.00       1047
20190705  18163814   35.6807  -117.5167     18.200   1.40    0.00    0.00   0.00       1048
20190705  18301242   35.7525  -117.5507      9.900   1.40    0.00    0.00   0.00       1049
20190705  18395258   35.7497  -117.5508     21.000   2.00    0.00    0.00   0.00       1050
20190705  18554238   35.6787  -117.4990     11.300   1.40    0.00    0.00   0.00       1051
20190705  19025256   35.7553  -117.5383      4.900   1.10    0.00    0.00   0.00       1052
20190705  19041964   35.6785  -117.5060     12.900   1.60    0.00    0.00   0.00       1053
20190705  19384616   35.6843  -117.5015     24.200   1.90    0.00    0.00   0.00       1054
20190705  19514928   35.7597  -117.5708     11.300   1.50    0.00    0.00   0.00       1055
20190705  20090770   35.6062  -117.6070     21.900   2.10    0.00    0.00   0.00       1056
20190705  20371946   35.7342  -117.5177     22.700   1.40    0.00    0.00   0.00       1057
20190705  20453960   35.5695  -117.6038      9.000   1.10    0.00    0.00   0.00       1058
20190705  21024464   35.6215  -117.5650     21.600   1.20    0.00    0.00   0.00       1059
20190705  21124226   35.5738  -117.6175      7.300   2.00    0.00    0.00   0.00       1060
20190705  21165952   35.6357  -117.6157      5.000   1.70    0.00    0.00   0.00       1061
20190705  21221044   35.8458  -117.6565      6.400   1.10    0.00    0.00   0.00       1062
20190705  21263636   35.7637  -117.5335      8.900   1.20    0.00    0.00   0.00       1063
20190705  21344788   35.7747  -117.6550      5.200   1.80    0.00    0.00   0.00       1064
20190705  21361212   35.8513  -117.6668      9.600   2.20    0.00    0.00   0.00       1065
20190705  21415176   35.7462  -117.5158      5.800   1.30    0.00    0.00   0.00       1066
20190705  21435528   35.6860  -117.4902      9.900   1.30    0.00    0.00   0.00       1067
20190705  21592824   35.7053  -117.4888      3.600   1.80    0.00    0.00   0.00       1068
20190705  22014692   35.6702  -117.5308      6.900   1.80    0.00    0.00   0.00       1069
20190705  22191376   35.6843  -117.4853      5.400   1.20    0.00    0.00   0.00       1070
20190705  22205940   35.7238  -117.4865      5.200   1.40    0.00    0.00   0.00       1071
20190705  22391890   35.6353  -117.5548     20.700   2.30    0.00    0.00   0.00       1072
20190705  22411060   35.5902  -117.5920     10.200   1.40    0.00    0.00   0.00       1073
20190705  23304364   35.6017  -117.5697     12.700   1.00    0.00    0.00   0.00       1074
20190705  23311608   35.7312  -117.5263      5.500   1.20    0.00    0.00   0.00       1075
20190705     10193   35.6862  -117.4978     12.400   1.50    0.00    0.00   0.00       1076
20190705     34285   35.6885  -117.4763      4.100   1.40    0.00    0.00   0.00       1077
20190705    102070   35.6753  -117.4978      4.300   1.60    0.00    0.00   0.00       1078
20190705    213874   35.6845  -117.4982      7.400   1.50    0.00    0.00   0.00       1079
20190705    450400   35.5900  -117.5885      7.000   2.10    0.00    0.00   0.00       1080
20190705   1401504   35.6723  -117.4927      4.200   1.40    0.00    0.00   0.00       1081
20190705   1420473   35.7407  -117.5070     14.400   0.90    0.00    0.00   0.00       1082
20190705   1543962   35.7332  -117.5242      4.300   1.60    0.00    0.00   0.00       1083
20190705   1574888   35.6978  -117.4492      5.200   1.30    0.00    0.00   0.00       1084
20190705   2080543   35.6908  -117.4953      3.800   1.90    0.00    0.00   0.00       1085
20190705   2543066   35.5870  -117.5670     16.000   1.50    0.00    0.00   0.00       1086
20190705   3244701   35.7403  -117.5350     13.100   1.70    0.00    0.00   0.00       1087
20190705   3272901   35.7007  -117.4680      3.600   1.20    0.00    0.00   0.00       1088
20190705   3312196   35.7248  -117.5238      8.000   1.90    0.00    0.00   0.00       1089
20190705   3410792   35.5788  -117.6207      7.700   1.80    0.00    0.00   0.00       1090
20190705   3533430   35.6120  -117.5852     12.300   1.20    0.00    0.00   0.00       1091
20190705   3551832   35.7108  -117.5018     14.400   1.50    0.00    0.00   0.00       1092
20190705   4021640   35.7245  -117.4478     27.200   1.80    0.00    0.00   0.00       1093
20190705   4044065   35.7328  -117.4498      3.600   1.50    0.00    0.00   0.00       1094
20190705   4101483   35.7568  -117.5232      9.800   1.50    0.00    0.00   0.00       1095
20190705   4192556   35.7057  -117.4678      6.700   1.10    0.00    0.00   0.00       1096
20190705   4195067   35.7303  -117.5300      4.100   1.60    0.00    0.00   0.00       1097
20190705   4445907   35.6945  -117.4798      8.300   0.90    0.00    0.00   0.00       1098
20190705   4453195   35.7312  -117.5303      4.300   1.40    0.00    0.00   0.00       1099
20190705   4594517   35.6737  -117.4855      5.900   1.20    0.00    0.00   0.00       1100
20190705   6272891   35.7037  -117.4692      3.800   1.80    0.00    0.00   0.00       1101
20190705   6474723   35.6143  -117.5852     27.300   1.30    0.00    0.00   0.00       1102
20190705   7070113   35.6760  -117.5022      5.800   1.10    0.00    0.00   0.00       1103
20190705   7350548   35.7170  -117.4643      3.600   1.80    0.00    0.00   0.00       1104
20190705   7354158   35.6975  -117.4770      7.200   1.70    0.00    0.00   0.00       1105
20190705   7405923   35.6787  -117.5308     20.300   1.80    0.00    0.00   0.00       1106
20190705   7425623   35.6545  -117.5207     11.700   1.40    0.00    0.00   0.00       1107
20190705   7470827   35.6948  -117.4790      3.600   1.30    0.00    0.00   0.00       1108
20190705   7592695   35.6253  -117.5982     13.900   2.10    0.00    0.00   0.00       1109
20190705   8021239   35.5780  -117.6463     12.200   2.10    0.00    0.00   0.00       1110
20190705   8193269   35.6528  -117.4837     14.000   1.10    0.00    0.00   0.00       1111
20190705   8365367   35.6717  -117.5035      3.800   1.20    0.00    0.00   0.00       1112
20190705   8395022   35.6470  -117.5370     12.200   1.20    0.00    0.00   0.00       1113
20190705   9363717   35.6295  -117.5592      3.600   1.60    0.00    0.00   0.00       1114
20190705   9443124   35.7172  -117.4732     20.700   0.90    0.00    0.00   0.00       1115
20190705   9553414   35.6423  -117.5233     28.600   1.70    0.00    0.00   0.00       1116
20190705   9571768   35.6578  -117.5298     12.700   1.70    0.00    0.00   0.00       1117
20190705  10002746   35.7303  -117.4478      3.600   1.20    0.00    0.00   0.00       1118
20190705  10014295   35.5800  -117.5882      4.800   1.30    0.00    0.00   0.00       1119
20190705  10324608   35.6602  -117.5332      6.200   0.90    0.00    0.00   0.00       1120
20190705  11411628   35.5987  -117.6093     19.200   1.70    0.00    0.00   0.00       1121
20190705  11523427   35.7410  -117.5190     12.400   1.80    0.00    0.00   0.00       1122
20190705  11540705   35.7570  -117.5555      8.900   1.00    0.00    0.00   0.00       1123
20190705  12111264   35.7243  -117.4708      4.100   1.90    0.00    0.00   0.00       1124
20190705  12121676   35.6665  -117.5220      4.100   2.10    0.00    0.00   0.00       1125
20190705  12290571   35.6883  -117.5132      4.500   1.00    0.00    0.00   0.00       1126
20190705  12352491   35.6903  -117.4853     18.900   1.50    0.00    0.00   0.00       1127
20190705  13054662   35.5848  -117.6100     22.700   1.00    0.00    0.00   0.00       1128
20190705  13060671   35.6585  -117.5285      6.700   1.30    0.00    0.00   0.00       1129
20190705  13133900   35.7110  -117.4777      3.600   1.40    0.00    0.00   0.00       1130
20190705  13392766   35.6732  -117.4698     12.900   1.50    0.00    0.00   0.00       1131
20190705  13422398   35.7327  -117.5385      4.400   1.40    0.00    0.00   0.00       1132
20190705  13553639   35.6233  -117.5865     16.600   2.40    0.00    0.00   0.00       1133
20190705  14340517   35.6500  -117.5158      6.500   1.70    0.00    0.00   0.00       1134
20190705  14362532   35.7645  -117.5862      6.400   1.80    0.00    0.00   0.00       1135
20190705  14554758   35.7212  -117.4555      3.600   1.60    0.00    0.00   0.00       1136
20190705  15423976   35.5690  -117.5862     17.800   1.40    0.00    0.00   0.00       1137
20190705  16125142   35.6785  -117.5090      6.500   1.10    0.00    0.00   0.00       1138
20190705  17000014   35.7318  -117.5383     13.700   1.10    0.00    0.00   0.00       1139
20190705  17332826   35.7662  -117.5793     25.200   1.20    0.00    0.00   0.00       1140
20190705  18064508   35.5775  -117.5717     15.600   1.00    0.00    0.00   0.00       1141
20190705  18260660   35.7438  -117.5272      7.700   1.10    0.00    0.00   0.00       1142
20190705  19222196   35.6443  -117.5387     11.500   1.10    0.00    0.00   0.00       1143
20190705  19273228   35.5618  -117.6063      6.900   1.30    0.00    0.00   0.00       1144
20190705  19355924   35.6987  -117.4913      3.600   1.70    0.00    0.00   0.00       1145
20190705  19551490   35.6840  -117.4990     12.600   1.30    0.00    0.00   0.00       1146
20190705  19590312   35.6893  -117.4645      5.100   1.30    0.00    0.00   0.00       1147
20190705  20182514   35.7415  -117.5373      5.000   1.00    0.00    0.00   0.00       1148
20190705  20265970   35.7313  -117.5222      5.400   1.00    0.00    0.00   0.00       1149
20190705  20380508   35.6535  -117.5422     13.000   1.20    0.00    0.00   0.00       1150
20190705  20451836   35.5667  -117.6188      7.000   1.30    0.00    0.00   0.00       1151
20190705  20484660   35.5823  -117.5778     13.400   1.00    0.00    0.00   0.00       1152
20190705  20540552   35.7487  -117.5270      7.800   1.90    0.00    0.00   0.00       1153
20190705  21102236   35.7355  -117.4433     21.700   1.10    0.00    0.00   0.00       1154
20190705  22172296   35.6640  -117.5117     13.200   1.50    0.00    0.00   0.00       1155
20190705  22542558   35.7782  -117.5455     12.400   1.00    0.00    0.00   0.00       1156
20190705  23065116   35.6925  -117.4867     19.300   1.40    0.00    0.00   0.00       1157
20190705  23352584   35.5795  -117.6065      6.100   2.40    0.00    0.00   0.00       1158
20190705  23514208   35.7605  -117.5367      7.700   1.30    0.00    0.00   0.00       1159
20190705    345619   35.6497  -117.6350     21.500   1.90    0.00    0.00   0.00       1160
20190705    352365   35.7513  -117.5187     11.200   1.70    0.00    0.00   0.00       1161
20190705    411727   35.5832  -117.5330      8.200   2.10    0.00    0.00   0.00       1162
20190705   1001224   35.6965  -117.4695      5.300   1.40    0.00    0.00   0.00       1163
20190705   1005029   35.7218  -117.4730     20.200   1.10    0.00    0.00   0.00       1164
20190705   1060843   35.5657  -117.6083     14.600   1.60    0.00    0.00   0.00       1165
20190705   1164104   35.6760  -117.4948      3.900   1.50    0.00    0.00   0.00       1166
20190705   1555986   35.7040  -117.4513      3.600   1.30    0.00    0.00   0.00       1167
20190705   2045932   35.6435  -117.5307     18.700   1.60    0.00    0.00   0.00       1168
20190705   2225916   35.7612  -117.5668      3.800   1.40    0.00    0.00   0.00       1169
20190705   2305064   35.6420  -117.5348      6.500   1.70    0.00    0.00   0.00       1170
20190705   2390720   35.5903  -117.5760     13.000   1.30    0.00    0.00   0.00       1171
20190705   2403676   35.5937  -117.5973      5.400   1.40    0.00    0.00   0.00       1172
20190705   3022408   35.7260  -117.4512      4.700   1.80    0.00    0.00   0.00       1173
20190705   3031737   35.6898  -117.4900      7.800   2.20    0.00    0.00   0.00       1174
20190705   3232594   35.6433  -117.5272     24.200   1.40    0.00    0.00   0.00       1175
20190705   4263372   35.6878  -117.5002      6.200   2.00    0.00    0.00   0.00       1176
20190705   4364166   35.6695  -117.5710      3.700   1.40    0.00    0.00   0.00       1177
20190705   4374528   35.6950  -117.4703      4.100   1.90    0.00    0.00   0.00       1178
20190705   4475426   35.6133  -117.5755     11.100   1.40    0.00    0.00   0.00       1179
20190705   5382936   35.7383  -117.5157      5.900   1.50    0.00    0.00   0.00       1180
20190705   6062298   35.7433  -117.5277      4.300   1.00    0.00    0.00   0.00       1181
20190705   6151886   35.7220  -117.4543      3.600   1.40    0.00    0.00   0.00       1182
20190705   6363947   35.6878  -117.4970     13.200   1.40    0.00    0.00   0.00       1183
20190705   6391094   35.5943  -117.5968     12.600   1.20    0.00    0.00   0.00       1184
20190705   6525024   35.7153  -117.4885      6.100   1.20    0.00    0.00   0.00       1185
20190705   7044501   35.7018  -117.4745      4.000   1.30    0.00    0.00   0.00       1186
20190705   7510814   35.5733  -117.6200      9.500   1.20    0.00    0.00   0.00       1187
20190705   8202798   35.6677  -117.5258     12.200   1.50    0.00    0.00   0.00       1188
20190705   8312182   35.7453  -117.5430     28.400   1.80    0.00    0.00   0.00       1189
20190705   8430804   35.6113  -117.5793      8.400   2.10    0.00    0.00   0.00       1190
20190705   8594406   35.6713  -117.5140     13.500   0.80    0.00    0.00   0.00       1191
20190705   9040512   35.7608  -117.5597      8.700   1.70    0.00    0.00   0.00       1192
20190705   9121104   35.6117  -117.5810     13.400   1.70    0.00    0.00   0.00       1193
20190705   9225811   35.5690  -117.6108     11.800   1.70    0.00    0.00   0.00       1194
20190705  10050082   35.6015  -117.5815     10.800   1.20    0.00    0.00   0.00       1195
20190705  10054197   35.6277  -117.5743     20.400   1.50    0.00    0.00   0.00       1196
20190705  10265587   35.7163  -117.4612      5.800   0.90    0.00    0.00   0.00       1197
20190705  10404176   35.8233  -117.4595      3.600   1.10    0.00    0.00   0.00       1198
20190705  11392634   35.7692  -117.5462     11.900   1.40    0.00    0.00   0.00       1199
20190705  11563005   35.6892  -117.4925     23.900   1.10    0.00    0.00   0.00       1200
20190705  11594229   35.7772  -117.5627     10.400   1.80    0.00    0.00   0.00       1201
20190705  12091897   35.7722  -117.5645     17.500   1.30    0.00    0.00   0.00       1202
20190705  12124676   35.7853  -117.5665     13.100   1.50    0.00    0.00   0.00       1203
20190705  12165022   35.8882  -117.5545     18.600   1.40    0.00    0.00   0.00       1204
20190705  13113399   35.6472  -117.5418      4.200   1.40    0.00    0.00   0.00       1205
20190705  13192515   35.7058  -117.4933     25.300   1.50    0.00    0.00   0.00       1206
20190705  13212117   35.7378  -117.5302      3.500   1.50    0.00    0.00   0.00       1207
20190705  13242392   35.7473  -117.5187     10.900   1.30    0.00    0.00   0.00       1208
20190705  13251052   35.7473  -117.5445     19.100   1.60    0.00    0.00   0.00       1209
20190705  13364193   35.6058  -117.5973     10.200   1.30    0.00    0.00   0.00       1210
20190705  13424496   35.6647  -117.4945      4.300   1.50    0.00    0.00   0.00       1211
20190705  13490533   35.7502  -117.5417      6.000   1.90    0.00    0.00   0.00       1212
20190705  14074361   35.5632  -117.5942      9.600   2.20    0.00    0.00   0.00       1213
20190705  14184402   35.7568  -117.5583      4.800   1.10    0.00    0.00   0.00       1214
20190705  14232608   35.5745  -117.6238      8.100   1.70    0.00    0.00   0.00       1215
20190705  14572045   35.7110  -117.5112     21.500   1.40    0.00    0.00   0.00       1216
20190705  15114123   35.7043  -117.4805      3.700   1.60    0.00    0.00   0.00       1217
20190705  15180877   35.7422  -117.5553      4.600   1.40    0.00    0.00   0.00       1218
20190705  15441297   35.6922  -117.4815      4.900   1.30    0.00    0.00   0.00       1219
20190705  16005090   35.7390  -117.5373      3.900   1.00    0.00    0.00   0.00       1220
20190705  16372625   35.7282  -117.5197      4.400   1.10    0.00    0.00   0.00       1221
20190705  16385328   35.7407  -117.5713     17.200   1.30    0.00    0.00   0.00       1222
20190705  16405315   35.6835  -117.4832     11.600   0.80    0.00    0.00   0.00       1223
20190705  16573481   35.6050  -117.5680     15.200   1.20    0.00    0.00   0.00       1224
20190705  17182816   35.5745  -117.6213     14.100   1.90    0.00    0.00   0.00       1225
20190705  18134334   35.6942  -117.4943     28.100   1.30    0.00    0.00   0.00       1226
20190705  18211556   35.5832  -117.6120     10.800   1.20    0.00    0.00   0.00       1227
20190705  18403098   35.7297  -117.5567      6.500   2.80    0.00    0.00   0.00       1228
20190705  19021852   35.7498  -117.5215      8.400   1.20    0.00    0.00   0.00       1229
20190705  20255012   35.5488  -117.5852     18.000   1.20    0.00    0.00   0.00       1230
20190705  20290760   35.7250  -117.4545      3.600   1.10    0.00    0.00   0.00       1231
20190705  20323734   35.6700  -117.5163     18.900   1.70    0.00    0.00   0.00       1232
20190705  21031184   35.6818  -117.4987      5.900   1.00    0.00    0.00   0.00       1233
20190705  21474636   35.5797  -117.5557     19.200   1.20    0.00    0.00   0.00       1234
20190705  22142756   35.6003  -117.5937     11.200   1.20    0.00    0.00   0.00       1235
20190705  22290340   35.6097  -117.5368     12.200   2.00    0.00    0.00   0.00       1236
20190705  22302052   35.6908  -117.4787     27.000   0.80    0.00    0.00   0.00       1237
20190705  22445596   35.7663  -117.5680     10.300   1.30    0.00    0.00   0.00       1238
20190705  22564456   35.5733  -117.6248      7.500   0.90    0.00    0.00   0.00       1239
20190705  23052300   35.5645  -117.5972      8.200   0.80    0.00    0.00   0.00       1240
20190705  23061476   35.7107  -117.4848      3.600   1.30    0.00    0.00   0.00       1241
20190705  23092456   35.7465  -117.5165      6.000   0.90    0.00    0.00   0.00       1242
20190705  23215184   35.7777  -117.5447      9.100   1.20    0.00    0.00   0.00       1243
20190705  23372416   35.6968  -117.4832      4.200   1.70    0.00    0.00   0.00       1244
20190705  23455506   35.7557  -117.5628     12.400   0.90    0.00    0.00   0.00       1245
20190705  23541708   35.7685  -117.5655      5.900   1.10    0.00    0.00   0.00       1246
20190705     35213   35.5947  -117.6357     10.300   1.90    0.00    0.00   0.00       1247
20190705    202660   35.7108  -117.5005      5.800   1.80    0.00    0.00   0.00       1248
20190705    361807   35.6693  -117.5058     10.700   1.40    0.00    0.00   0.00       1249
20190705   1002996   35.6395  -117.5798      3.700   1.60    0.00    0.00   0.00       1250
20190705   1443873   35.7418  -117.5237      3.900   1.10    0.00    0.00   0.00       1251
20190705   1485405   35.5985  -117.6032      3.800   1.00    0.00    0.00   0.00       1252
20190705   1490537   35.6875  -117.5057      5.700   1.40    0.00    0.00   0.00       1253
20190705   2250364   35.7525  -117.5308     25.000   1.90    0.00    0.00   0.00       1254
20190705   2370250   35.7338  -117.5258      5.600   1.30    0.00    0.00   0.00       1255
20190705   2443358   35.7538  -117.5422      6.700   1.30    0.00    0.00   0.00       1256
20190705   2450996   35.7830  -117.6147      4.800   1.90    0.00    0.00   0.00       1257
20190705   2554078   35.6937  -117.4733      5.400   1.40    0.00    0.00   0.00       1258
20190705   3074307   35.6690  -117.4972      3.600   1.90    0.00    0.00   0.00       1259
20190705   3364205   35.6385  -117.6095     28.900   2.00    0.00    0.00   0.00       1260
20190705   3444789   35.7545  -117.5153      6.500   1.30    0.00    0.00   0.00       1261
20190705   4253765   35.6707  -117.5350      5.500   1.00    0.00    0.00   0.00       1262
20190705   4360050   35.5800  -117.6213      5.800   0.70    0.00    0.00   0.00       1263
20190705   4413450   35.6977  -117.5278      3.700   1.20    0.00    0.00   0.00       1264
20190705   4500448   35.7083  -117.4517      4.600   1.30    0.00    0.00   0.00       1265
20190705   4520533   35.7453  -117.5288      4.100   1.50    0.00    0.00   0.00       1266
20190705   5075920   35.7445  -117.5308      3.600   2.00    0.00    0.00   0.00       1267
20190705   5081686   35.7500  -117.5342      6.000   1.90    0.00    0.00   0.00       1268
20190705   5552289   35.7310  -117.4438     26.200   1.50    0.00    0.00   0.00       1269
20190705   5564689   35.6728  -117.5073     25.000   1.30    0.00    0.00   0.00       1270
20190705   5592018   35.7238  -117.4847      3.900   2.40    0.00    0.00   0.00       1271
20190705   6120769   35.6043  -117.5407      9.600   1.40    0.00    0.00   0.00       1272
20190705   6304270   35.5752  -117.6253      6.500   1.50    0.00    0.00   0.00       1273
20190705   6313150   35.6593  -117.5422     13.200   1.10    0.00    0.00   0.00       1274
20190705   6352944   35.7520  -117.5142     10.600   1.20    0.00    0.00   0.00       1275
20190705   6454356   35.7230  -117.5380     26.000   1.80    0.00    0.00   0.00       1276
20190705   7104689   35.6615  -117.5390      7.300   1.50    0.00    0.00   0.00       1277
20190705   7182387   35.6290  -117.5915     24.900   1.50    0.00    0.00   0.00       1278
20190705   7362625   35.6435  -117.5447     11.500   1.20    0.00    0.00   0.00       1279
20190705   8023748   35.6765  -117.4877      5.300   2.00    0.00    0.00   0.00       1280
20190705   8082672   35.6590  -117.5335      6.000   1.40    0.00    0.00   0.00       1281
20190705   8105038   35.7417  -117.5257      5.300   1.40    0.00    0.00   0.00       1282
20190705   8273121   35.6905  -117.4827      3.500   0.70    0.00    0.00   0.00       1283
20190705   8524444   35.6842  -117.4963     26.000   1.20    0.00    0.00   0.00       1284
20190705   9254694   35.7105  -117.4535      3.600   1.00    0.00    0.00   0.00       1285
20190705   9270688   35.7167  -117.4645      3.600   0.80    0.00    0.00   0.00       1286
20190705   9294957   35.6232  -117.5855     24.200   1.20    0.00    0.00   0.00       1287
20190705   9384637   35.7515  -117.5265      6.600   1.10    0.00    0.00   0.00       1288
20190705   9401578   35.5985  -117.5955      3.800   1.50    0.00    0.00   0.00       1289
20190705  10081438   35.7257  -117.4582      3.700   0.80    0.00    0.00   0.00       1290
20190705  10113273   35.5998  -117.6297      8.100   1.10    0.00    0.00   0.00       1291
20190705  10224882   35.6997  -117.4850     15.200   1.00    0.00    0.00   0.00       1292
20190705  10262338   35.6990  -117.4938      3.600   1.00    0.00    0.00   0.00       1293
20190705  10311171   35.5535  -117.5665     18.100   1.10    0.00    0.00   0.00       1294
20190705  10335822   35.7277  -117.5092     18.400   1.70    0.00    0.00   0.00       1295
20190705  10372134   35.7320  -117.5152      3.700   1.10    0.00    0.00   0.00       1296
20190705  10432028   35.6465  -117.5328      3.600   1.60    0.00    0.00   0.00       1297
20190705  11180706   35.7733  -117.5345      4.600   2.10    0.00    0.00   0.00       1298
20190705  11244590   35.7390  -117.5498      7.400   1.60    0.00    0.00   0.00       1299
20190705  11282903   35.7538  -117.5350      7.300   1.40    0.00    0.00   0.00       1300
20190705  11350922   35.7737  -117.5385      8.900   1.30    0.00    0.00   0.00       1301
20190705  11355866   35.6740  -117.5173      9.100   3.10    0.00    0.00   0.00       1302
20190705  11453087   35.7542  -117.5258     11.900   1.60    0.00    0.00   0.00       1303
20190705  11482754   35.7573  -117.5770      7.200   1.40    0.00    0.00   0.00       1304
20190705  12214738   35.5167  -117.4157     17.200   1.80    0.00    0.00   0.00       1305
20190705  12235169   35.6675  -117.5115      7.400   2.60    0.00    0.00   0.00       1306
20190705  12472984   35.5985  -117.5957      6.000   1.60    0.00    0.00   0.00       1307
20190705  12513132   35.7523  -117.5432      7.600   1.80    0.00    0.00   0.00       1308
20190705  13101322   35.7637  -117.5742     12.100   1.60    0.00    0.00   0.00       1309
20190705  13344339   35.6245  -117.5585     18.800   1.70    0.00    0.00   0.00       1310
20190705  13450488   35.7138  -117.4513     24.400   1.30    0.00    0.00   0.00       1311
20190705  13585869   35.7545  -117.5315      9.700   0.90    0.00    0.00   0.00       1312
20190705  14425085   35.7593  -117.5663      9.900   1.40    0.00    0.00   0.00       1313
20190705  14472245   35.7487  -117.5647     17.200   1.20    0.00    0.00   0.00       1314
20190705  15172510   35.6967  -117.4788      5.000   1.50    0.00    0.00   0.00       1315
20190705  15245811   35.7497  -117.5438      6.800   0.70    0.00    0.00   0.00       1316
20190705  15333217   35.6605  -117.5257     13.200   1.10    0.00    0.00   0.00       1317
20190705  16052698   35.7432  -117.5067     13.600   1.40    0.00    0.00   0.00       1318
20190705  16063572   35.5847  -117.6095     14.000   1.60    0.00    0.00   0.00       1319
20190705  16083567   35.7772  -117.5480     12.700   1.40    0.00    0.00   0.00       1320
20190705  16113308   35.7393  -117.5263      3.500   0.70    0.00    0.00   0.00       1321
20190705  16164961   35.7358  -117.5238      4.500   1.40    0.00    0.00   0.00       1322
20190705  16230986   35.6972  -117.4558      5.600   0.90    0.00    0.00   0.00       1323
20190705  16293434   35.7108  -117.4708     12.600   1.20    0.00    0.00   0.00       1324
20190705  16343266   35.7452  -117.5392     10.500   1.10    0.00    0.00   0.00       1325
20190705  16522235   35.7283  -117.5283      5.100   0.80    0.00    0.00   0.00       1326
20190705  16564951   35.6958  -117.4503      7.300   1.60    0.00    0.00   0.00       1327
20190705  17085962   35.6958  -117.5815     16.900   1.10    0.00    0.00   0.00       1328
