id,timestamp,type,prob,phase_amplitude,event_idx,prob_gamma,event_id
AV.DEER..BH,2021-05-16T01:33:52.320000,P,0.454,1.299207042393391e-06,6,0.008990488701904,20210516T000000_6
AV.DEER..BH,2021-05-16T01:06:45.120000,S,0.306,9.460647447667724e-07,4,0.008990488701904,20210516T000000_4
AV.DOL..BH,2021-05-16T00:00:00.020000,P,0.424,7.97841266830801e-07,1,0.008990488701904,20210516T000000_1
AV.DOL..BH,2021-05-16T00:53:13.920000,P,0.573,1.1721340342774056e-06,2,0.008990488701904,20210516T000000_2
AV.DOL..BH,2021-05-16T01:33:47.900000,P,0.821,1.2582040653796869e-06,6,0.0031255258255586,20210516T000000_6
AV.DOL..BH,2021-05-16T00:53:40.100000,S,0.659,4.348746188043151e-06,3,0.008990488701904,20210516T000000_3
AV.DOL..BH,2021-05-16T01:06:40.160000,S,0.442,2.4022372144827382e-06,4,0.0031255258255586,20210516T000000_4
AV.DOL..BH,2021-05-16T01:33:56.820000,S,0.603,1.559304337206413e-06,6,0.0035737741615153,20210516T000000_6
AV.DT1..BH,2021-05-16T00:53:16.560000,P,0.533,8.019383130886126e-07,2,0.0031255258255586,20210516T000000_2
AV.DT1..BH,2021-05-16T01:33:51.720000,P,0.527,1.09094924027886e-06,6,0.0198752632060607,20210516T000000_6
AV.DT1..BH,2021-05-16T00:53:44.540000,S,0.668,1.625341269573255e-06,3,0.0031255258255586,20210516T000000_3
AV.DT1..BH,2021-05-16T01:34:00.520000,S,0.349,1.1522789691298383e-06,6,0.0039110871621418,20210516T000000_6
AV.DTN..BH,2021-05-16T00:53:16.860000,P,0.365,1.541305323371489e-06,2,0.0035737741615153,20210516T000000_2
AV.DTN..BH,2021-05-16T01:33:51.960000,P,0.561,1.3824752613800229e-06,6,0.0161002401925272,20210516T000000_6
AV.DTN..BH,2021-05-16T07:19:48.840000,P,0.678,1.4127609802017105e-06,10,0.008990488701904,20210516T000000_10
AV.DTN..BH,2021-05-16T00:53:45.580000,S,0.711,3.61898628398194e-06,3,0.0035737741615153,20210516T000000_3
AV.DTN..BH,2021-05-16T01:06:45.440000,S,0.58,2.2086658191255992e-06,4,0.0035737741615153,20210516T000000_4
AV.DTN..BH,2021-05-16T01:34:00.000000,S,0.361,1.8730579540715555e-06,6,0.0042322467799247,20210516T000000_6
AV.HAG..SH,2021-05-16T00:00:00.540000,P,0.355,8.808232365709048e-08,1,0.0031255258255586,20210516T000000_1
AV.HAG..SH,2021-05-16T00:53:15.960000,P,0.843,6.646912424912443e-07,2,0.0198752632060607,20210516T000000_2
AV.HAG..SH,2021-05-16T01:06:44.820000,P,0.515,7.025601007626392e-07,-1,-1.0,20210516T000000_-1
AV.HAG..SH,2021-05-16T01:09:13.240000,P,0.507,2.1981377074098418e-07,-1,-1.0,20210516T000000_-1
AV.HAG..SH,2021-05-16T07:19:47.340000,P,0.489,2.465269801632531e-07,10,0.0031255258255586,20210516T000000_10
AV.HAG..SH,2021-05-16T00:53:45.120000,S,0.717,2.8156682674307376e-06,-1,-1.0,20210516T000000_-1
AV.HAG..SH,2021-05-16T01:06:46.080000,S,0.502,7.025601007626392e-07,4,0.0198752632060607,20210516T000000_4
AV.HAG..SH,2021-05-16T01:09:19.520000,S,0.425,2.1981377074098418e-07,-1,-1.0,20210516T000000_-1
AV.HAG..SH,2021-05-16T01:33:57.760000,S,0.426,2.269676286914546e-07,6,0.0087846534987006,20210516T000000_6
AV.HAG..SH,2021-05-16T02:20:10.080000,S,0.544,2.722547378652962e-07,7,0.008990488701904,20210516T000000_7
AV.HAG..SH,2021-05-16T02:28:02.680000,S,0.648,3.417933385208016e-07,8,0.008990488701904,20210516T000000_8
AV.HAG..SH,2021-05-16T04:42:51.120000,S,0.312,1.635089574847371e-07,-1,-1.0,20210516T000000_-1
AV.HAG..SH,2021-05-16T07:42:22.000000,S,0.404,2.01550207634682e-07,-1,-1.0,20210516T000000_-1
AV.PN7A..BH,2021-05-16T01:09:11.660000,P,0.88,2.3622455955774058e-06,5,0.008990488701904,20210516T000000_5
AV.PN7A..BH,2021-05-16T04:52:32.280000,P,0.663,1.9155547761329217e-06,9,0.008990488701904,20210516T000000_9
AV.PN7A..BH,2021-05-16T01:09:14.680000,S,0.369,2.368129116803175e-06,5,0.0031255258255586,20210516T000000_5
AV.PS1A..BH,2021-05-16T00:00:00.020000,P,0.338,2.878419991247938e-06,1,0.0035737741615153,20210516T000000_1
AV.PS1A..BH,2021-05-16T02:27:57.120000,P,0.565,2.2100284695625305e-06,8,0.0031255258255586,20210516T000000_8
AV.PS1A..BH,2021-05-16T07:19:47.100000,P,0.602,1.7305574147030711e-06,10,0.0035737741615153,20210516T000000_10
AV.PS1A..BH,2021-05-16T00:53:43.520000,S,0.329,2.501034032320604e-06,3,0.0198752632060607,20210516T000000_3
AV.PS1A..BH,2021-05-16T01:09:16.660000,S,0.459,2.791952965708333e-06,5,0.0035737741615153,20210516T000000_5
AV.PS4A..BH,2021-05-16T00:53:43.520000,S,0.568,3.373226718395017e-06,3,0.0039110871621418,20210516T000000_3
AV.PV6A..SH,2021-05-16T00:00:00.020000,P,0.416,1.527070168094724e-07,1,0.0198752632060607,20210516T000000_1
AV.PV6A..SH,2021-05-16T00:53:18.780000,P,0.541,3.215318145066704e-07,2,0.0039110871621418,20210516T000000_2
AV.PV6A..SH,2021-05-16T01:09:12.820000,P,0.857,1.3465488564179395e-06,5,0.0198752632060607,20210516T000000_5
AV.PV6A..SH,2021-05-16T01:44:32.380000,P,0.644,1.7053795886567968e-07,-1,-1.0,20210516T000000_-1
AV.PV6A..SH,2021-05-16T02:01:22.400000,P,0.364,1.734200623104698e-07,-1,-1.0,20210516T000000_-1
AV.PV6A..SH,2021-05-16T02:20:09.900000,P,0.595,4.5848778995605254e-07,7,0.0031255258255586,20210516T000000_7
AV.PV6A..SH,2021-05-16T04:31:46.220000,P,0.367,2.296745407193157e-07,-1,-1.0,20210516T000000_-1
AV.PV6A..SH,2021-05-16T04:52:32.020000,P,0.595,3.635584278072202e-07,9,0.0031255258255586,20210516T000000_9
AV.PV6A..SH,2021-05-16T07:19:50.200000,P,0.394,1.6472424135827168e-07,10,0.0198752632060607,20210516T000000_10
AV.PV6A..SH,2021-05-16T07:42:18.380000,P,0.349,2.833630787790753e-07,-1,-1.0,20210516T000000_-1
AV.PV6A..SH,2021-05-16T00:53:47.360000,S,0.398,1.133086016125162e-06,3,0.0161002401925272,20210516T000000_3
AV.PV6A..SH,2021-05-16T01:09:18.120000,S,0.342,1.3465488564179395e-06,5,0.0039110871621418,20210516T000000_5
AV.PV6A..SH,2021-05-16T02:20:14.960000,S,0.305,4.5848778995605254e-07,7,0.0035737741615153,20210516T000000_7
AV.PV6A..SH,2021-05-16T02:28:03.760000,S,0.413,4.18228097487372e-07,8,0.0035737741615153,20210516T000000_8
AV.PV6A..SH,2021-05-16T04:45:10.080000,S,0.508,2.947740256331599e-07,-1,-1.0,20210516T000000_-1
AV.PV6A..SH,2021-05-16T04:52:37.400000,S,0.495,3.635584278072202e-07,9,0.0035737741615153,20210516T000000_9
AV.PV6A..SH,2021-05-16T07:52:40.440000,S,0.373,2.748098495430895e-07,-1,-1.0,20210516T000000_-1
AV.PVV..SH,2021-05-16T00:53:15.360000,P,0.729,2.52511199505534e-07,2,0.0161002401925272,20210516T000000_2
AV.PVV..SH,2021-05-16T01:06:42.880000,P,0.405,2.152728058035791e-07,4,0.0039110871621418,20210516T000000_4
AV.PVV..SH,2021-05-16T01:09:11.480000,P,0.86,4.358763874279248e-07,5,0.0161002401925272,20210516T000000_5
AV.PVV..SH,2021-05-16T01:59:16.920000,P,0.325,2.596958381673176e-07,-1,-1.0,20210516T000000_-1
AV.PVV..SH,2021-05-16T02:20:08.200000,P,0.86,4.614201998265344e-07,7,0.0198752632060607,20210516T000000_7
AV.PVV..SH,2021-05-16T02:27:56.640000,P,0.896,2.736720148277527e-07,8,0.0198752632060607,20210516T000000_8
AV.PVV..SH,2021-05-16T04:42:46.120000,P,0.644,1.85947598652092e-07,-1,-1.0,20210516T000000_-1
AV.PVV..SH,2021-05-16T04:52:30.160000,P,0.763,3.709257612172223e-07,9,0.0198752632060607,20210516T000000_9
AV.PVV..SH,2021-05-16T06:46:14.520000,P,0.318,1.4460422903539438e-07,-1,-1.0,20210516T000000_-1
AV.PVV..SH,2021-05-16T07:19:46.740000,P,0.926,2.269162280299497e-07,10,0.0039110871621418,20210516T000000_10
AV.PVV..SH,2021-05-16T07:32:13.980000,P,0.561,1.5007903186869953e-07,-1,-1.0,20210516T000000_-1
AV.PVV..SH,2021-05-16T07:42:15.740000,P,0.716,2.3329198484134403e-07,-1,-1.0,20210516T000000_-1
AV.PVV..SH,2021-05-16T07:52:31.580000,P,0.722,2.559869187734876e-07,-1,-1.0,20210516T000000_-1
AV.PVV..SH,2021-05-16T00:53:22.400000,S,0.382,2.706291013510054e-07,2,0.0042322467799247,20210516T000000_2
AV.PVV..SH,2021-05-16T00:53:43.600000,S,0.682,6.717797873534437e-07,3,0.0042322467799247,20210516T000000_3
AV.PVV..SH,2021-05-16T01:09:15.580000,S,0.366,4.358763874279248e-07,5,0.0042322467799247,20210516T000000_5
AV.PVV..SH,2021-05-16T01:59:20.860000,S,0.494,2.596958381673176e-07,-1,-1.0,20210516T000000_-1
AV.PVV..SH,2021-05-16T02:20:12.060000,S,0.624,4.614201998265344e-07,7,0.0039110871621418,20210516T000000_7
AV.PVV..SH,2021-05-16T02:27:59.400000,S,0.522,2.833027110682451e-07,8,0.0039110871621418,20210516T000000_8
AV.PVV..SH,2021-05-16T04:31:48.400000,S,0.452,1.7321153222837893e-07,-1,-1.0,20210516T000000_-1
AV.PVV..SH,2021-05-16T06:46:14.440000,S,0.471,1.5757903781832288e-07,-1,-1.0,20210516T000000_-1
AV.PVV..SH,2021-05-16T07:52:37.520000,S,0.704,2.559869187734876e-07,-1,-1.0,20210516T000000_-1
AV.S12K..BH,2021-05-16T00:53:49.740000,S,0.601,2.3174936814029934e-06,-1,-1.0,20210516T000000_-1
AV.S12K..BH,2021-05-16T06:18:18.720000,S,0.318,9.215200975631888e-07,-1,-1.0,20210516T000000_-1
AV.DEER..BH,2021-05-16T08:26:26.200000,P,0.672,1.127900873143517e-06,3,0.0051469671319894,20210516T080000_3
AV.DEER..BH,2021-05-16T13:30:08.320000,P,0.87,6.310275466603343e-07,6,0.0051469671319894,20210516T080000_6
AV.DEER..BH,2021-05-16T14:18:42.140000,P,0.961,1.0314867040506217e-06,9,0.0051469671319894,20210516T080000_9
AV.DEER..BH,2021-05-16T13:30:28.520000,S,0.374,1.18356445000245e-06,-1,-1.0,20210516T080000_-1
AV.DEER..BH,2021-05-16T14:18:51.380000,S,0.783,8.196377621061401e-07,9,0.0010982489068228,20210516T080000_9
AV.DOL..BH,2021-05-16T08:00:01.560000,P,0.529,9.184770419778944e-07,-1,-1.0,20210516T080000_-1
AV.DOL..BH,2021-05-16T08:40:03.240000,P,0.945,9.142640351456066e-07,4,0.0051469671319894,20210516T080000_4
AV.DOL..BH,2021-05-16T11:39:15.480000,P,0.624,1.0669571111066034e-06,-1,-1.0,20210516T080000_-1
AV.DOL..BH,2021-05-16T13:30:12.980000,P,0.8,1.1680980378514505e-06,6,0.0010982489068228,20210516T080000_6
AV.DOL..BH,2021-05-16T14:18:44.620000,P,0.937,8.531361572750029e-07,-1,-1.0,20210516T080000_-1
AV.DOL..BH,2021-05-16T14:21:34.320000,P,0.358,1.0969733921228908e-06,10,0.0051469671319894,20210516T080000_10
AV.DOL..BH,2021-05-16T15:48:08.060000,P,0.909,2.298221488672425e-06,12,0.0051469671319894,20210516T080000_12
AV.DOL..BH,2021-05-16T08:40:13.860000,S,0.844,1.004791783998371e-06,4,0.0010982489068228,20210516T080000_4
AV.DOL..BH,2021-05-16T11:39:24.360000,S,0.565,1.034432557389664e-06,-1,-1.0,20210516T080000_-1
AV.DOL..BH,2021-05-16T14:18:56.020000,S,0.811,1.0269667427564857e-06,9,0.0030787938450925,20210516T080000_9
AV.DOL..BH,2021-05-16T14:21:51.780000,S,0.838,1.3448238860291897e-06,11,0.0051469671319894,20210516T080000_11
AV.DOL..BH,2021-05-16T15:48:26.040000,S,0.914,7.332719633268425e-06,-1,-1.0,20210516T080000_-1
AV.DT1..BH,2021-05-16T08:40:05.580000,P,0.597,9.644095371186268e-07,4,0.0030787938450925,20210516T080000_4
AV.DT1..BH,2021-05-16T13:30:09.900000,P,0.909,1.1717157804014278e-06,6,0.0030787938450925,20210516T080000_6
AV.DT1..BH,2021-05-16T14:18:44.060000,P,0.947,8.325372959916422e-07,9,0.0001392562274901,20210516T080000_9
AV.DT1..BH,2021-05-16T14:21:36.360000,P,0.452,9.91718366094574e-07,10,0.0010982489068228,20210516T080000_10
AV.DT1..BH,2021-05-16T15:48:10.740000,P,0.907,2.009558102145093e-06,12,0.0010982489068228,20210516T080000_12
AV.DT1..BH,2021-05-16T08:40:17.960000,S,0.733,1.0187624184254671e-06,4,0.0001392562274901,20210516T080000_4
AV.DT1..BH,2021-05-16T13:30:32.500000,S,0.468,1.180332105832349e-06,-1,-1.0,20210516T080000_-1
AV.DT1..BH,2021-05-16T14:18:54.780000,S,0.831,8.325372959916422e-07,9,0.0034336840438568,20210516T080000_9
AV.DT1..BH,2021-05-16T14:21:57.060000,S,0.732,8.952931125350005e-07,11,0.0010982489068228,20210516T080000_11
AV.DT1..BH,2021-05-16T15:48:30.520000,S,0.654,3.511598151817452e-06,13,0.0051469671319894,20210516T080000_13
AV.DTN..BH,2021-05-16T08:00:00.020000,P,0.416,1.2215980405017035e-06,-1,-1.0,20210516T080000_-1
AV.DTN..BH,2021-05-16T08:26:25.260000,P,0.465,1.3532222737921984e-06,3,0.0010982489068228,20210516T080000_3
AV.DTN..BH,2021-05-16T08:40:05.800000,P,0.449,1.0681621915864523e-06,4,0.0034336840438568,20210516T080000_4
AV.DTN..BH,2021-05-16T13:30:10.960000,P,0.698,1.3501933153747814e-06,6,0.0001392562274901,20210516T080000_6
AV.DTN..BH,2021-05-16T13:48:18.600000,P,0.483,9.32038290102355e-07,-1,-1.0,20210516T080000_-1
AV.DTN..BH,2021-05-16T14:18:44.740000,P,0.951,1.376664727104071e-06,9,0.00169238146019,20210516T080000_9
AV.DTN..BH,2021-05-16T14:21:37.000000,P,0.537,1.3479719882525387e-06,10,0.0030787938450925,20210516T080000_10
AV.DTN..BH,2021-05-16T15:48:11.100000,P,0.965,1.7004616665872163e-06,12,0.0030787938450925,20210516T080000_12
AV.DTN..BH,2021-05-16T13:30:35.040000,S,0.521,2.2596566395804984e-06,-1,-1.0,20210516T080000_-1
AV.DTN..BH,2021-05-16T14:18:55.100000,S,0.582,1.376664727104071e-06,9,0.0097450917995237,20210516T080000_9
AV.DTN..BH,2021-05-16T14:21:56.980000,S,0.465,1.520044975222845e-06,11,0.0030787938450925,20210516T080000_11
AV.DTN..BH,2021-05-16T15:48:31.300000,S,0.61,4.526516477199039e-06,13,0.0010982489068228,20210516T080000_13
AV.HAG..SH,2021-05-16T08:40:05.880000,P,0.973,1.316146835961263e-07,4,0.00169238146019,20210516T080000_4
AV.HAG..SH,2021-05-16T13:25:19.300000,P,0.574,1.346570144278303e-07,5,0.0051469671319894,20210516T080000_5
AV.HAG..SH,2021-05-16T13:30:15.120000,P,0.794,4.019470907223877e-07,6,0.0034336840438568,20210516T080000_6
AV.HAG..SH,2021-05-16T13:48:17.200000,P,0.466,2.1004812822411625e-07,-1,-1.0,20210516T080000_-1
AV.HAG..SH,2021-05-16T13:53:49.260000,P,0.583,4.192363007859967e-07,7,0.0051469671319894,20210516T080000_7
AV.HAG..SH,2021-05-16T14:03:39.800000,P,0.425,2.336028614990937e-07,-1,-1.0,20210516T080000_-1
AV.HAG..SH,2021-05-16T14:13:15.240000,P,0.609,2.81391322687341e-07,8,0.0051469671319894,20210516T080000_8
AV.HAG..SH,2021-05-16T14:18:47.640000,P,0.848,2.494458044566273e-07,9,0.0005437439377324,20210516T080000_9
AV.HAG..SH,2021-05-16T14:21:36.080000,P,0.713,3.856551700209821e-07,10,0.0001392562274901,20210516T080000_10
AV.HAG..SH,2021-05-16T15:48:10.420000,P,0.969,3.274124537711032e-06,12,0.0001392562274901,20210516T080000_12
AV.HAG..SH,2021-05-16T08:40:19.220000,S,0.839,2.595394903437409e-07,-1,-1.0,20210516T080000_-1
AV.HAG..SH,2021-05-16T13:25:23.640000,S,0.308,1.346570144278303e-07,5,0.0010982489068228,20210516T080000_5
AV.HAG..SH,2021-05-16T13:48:37.600000,S,0.561,1.8376768196048945e-07,-1,-1.0,20210516T080000_-1
AV.HAG..SH,2021-05-16T13:53:52.840000,S,0.347,4.192363007859967e-07,7,0.0010982489068228,20210516T080000_7
AV.HAG..SH,2021-05-16T14:13:19.740000,S,0.554,2.81391322687341e-07,8,0.0010982489068228,20210516T080000_8
AV.HAG..SH,2021-05-16T14:19:01.600000,S,0.703,4.866353719990002e-07,-1,-1.0,20210516T080000_-1
AV.HAG..SH,2021-05-16T14:21:55.980000,S,0.612,7.070423180266516e-07,11,0.0001392562274901,20210516T080000_11
AV.PN7A..BH,2021-05-16T08:16:28.380000,P,0.702,1.6909108353502234e-06,1,0.0051469671319894,20210516T080000_1
AV.PN7A..BH,2021-05-16T08:26:24.300000,P,0.434,1.761331418492773e-06,3,0.0030787938450925,20210516T080000_3
AV.PN7A..BH,2021-05-16T13:53:48.560000,P,0.583,1.970520315808244e-06,7,0.0030787938450925,20210516T080000_7
AV.PN7A..BH,2021-05-16T14:13:14.680000,P,0.312,2.263852138639777e-06,8,0.0030787938450925,20210516T080000_8
AV.PN7A..BH,2021-05-16T15:48:13.080000,P,0.908,2.36889877669455e-06,12,0.0034336840438568,20210516T080000_12
AV.PN7A..BH,2021-05-16T08:16:31.540000,S,0.429,1.6909108353502234e-06,1,0.0010982489068228,20210516T080000_1
AV.PN7A..BH,2021-05-16T13:53:52.780000,S,0.462,1.970520315808244e-06,7,0.0001392562274901,20210516T080000_7
AV.PN7A..BH,2021-05-16T14:13:18.420000,S,0.391,2.263852138639777e-06,-1,-1.0,20210516T080000_-1
AV.PN7A..BH,2021-05-16T15:48:35.440000,S,0.318,2.9387690574367298e-06,13,0.0030787938450925,20210516T080000_13
AV.PS1A..BH,2021-05-16T08:26:24.040000,P,0.54,1.6797946500446417e-06,3,0.0001392562274901,20210516T080000_3
AV.PS1A..BH,2021-05-16T13:25:19.000000,P,0.418,1.8051987353828736e-06,5,0.0030787938450925,20210516T080000_5
AV.PS1A..BH,2021-05-16T13:53:48.600000,P,0.78,1.5372446569017484e-06,7,0.0034336840438568,20210516T080000_7
AV.PS1A..BH,2021-05-16T14:13:14.600000,P,0.489,3.421260544200777e-06,8,0.0001392562274901,20210516T080000_8
AV.PS1A..BH,2021-05-16T15:48:10.440000,P,0.895,2.3756156224408187e-06,12,0.00169238146019,20210516T080000_12
AV.PS4A..BH,2021-05-16T15:48:10.360000,P,0.303,1.3849489732820075e-06,12,0.0097450917995237,20210516T080000_12
AV.PS4A..BH,2021-05-16T15:48:11.140000,P,0.663,3.4000629511865554e-06,-1,-1.0,20210516T080000_-1
AV.PS4A..BH,2021-05-16T13:53:50.880000,S,0.501,2.525636773498263e-06,-1,-1.0,20210516T080000_-1
AV.PS4A..BH,2021-05-16T14:03:39.700000,S,0.453,2.491647592250956e-06,-1,-1.0,20210516T080000_-1
AV.PS4A..BH,2021-05-16T14:13:17.180000,S,0.622,1.9906162833649432e-06,-1,-1.0,20210516T080000_-1
AV.PS4A..BH,2021-05-16T15:48:31.640000,S,0.407,5.712441179639427e-06,13,0.0001392562274901,20210516T080000_13
AV.PV6A..SH,2021-05-16T08:00:00.020000,P,0.314,9.936816525168981e-08,-1,-1.0,20210516T080000_-1
AV.PV6A..SH,2021-05-16T08:16:30.400000,P,0.44,3.746903018964076e-07,1,0.0030787938450925,20210516T080000_1
AV.PV6A..SH,2021-05-16T08:26:23.800000,P,0.369,1.438668846276414e-07,2,0.0051469671319894,20210516T080000_2
AV.PV6A..SH,2021-05-16T11:40:39.120000,P,0.792,2.098861529020724e-07,-1,-1.0,20210516T080000_-1
AV.PV6A..SH,2021-05-16T12:20:29.320000,P,0.49,1.179002921958272e-07,-1,-1.0,20210516T080000_-1
AV.PV6A..SH,2021-05-16T13:11:41.720000,P,0.956,7.00370435424702e-07,-1,-1.0,20210516T080000_-1
AV.PV6A..SH,2021-05-16T13:25:20.840000,P,0.48,2.266351231128283e-07,5,0.0001392562274901,20210516T080000_5
AV.PV6A..SH,2021-05-16T13:30:19.980000,P,0.322,1.618654010826504e-07,-1,-1.0,20210516T080000_-1
AV.PV6A..SH,2021-05-16T13:53:50.320000,P,0.696,7.889346420597576e-07,-1,-1.0,20210516T080000_-1
AV.PV6A..SH,2021-05-16T14:13:15.320000,P,0.471,5.555613142860238e-07,8,0.0034336840438568,20210516T080000_8
AV.PV6A..SH,2021-05-16T14:21:38.280000,P,0.655,2.440641537759803e-07,10,0.0034336840438568,20210516T080000_10
AV.PV6A..SH,2021-05-16T15:25:38.360000,P,0.544,1.5093314686964734e-07,-1,-1.0,20210516T080000_-1
AV.PV6A..SH,2021-05-16T15:48:12.940000,P,0.86,1.6626780734441129e-06,12,0.0005437439377324,20210516T080000_12
AV.PV6A..SH,2021-05-16T08:16:34.820000,S,0.541,3.746903018964076e-07,1,0.0001392562274901,20210516T080000_1
AV.PV6A..SH,2021-05-16T08:26:28.920000,S,0.367,1.2077558153578138e-07,2,0.0010982489068228,20210516T080000_2
AV.PV6A..SH,2021-05-16T08:40:24.360000,S,0.342,1.2513946501258033e-07,-1,-1.0,20210516T080000_-1
AV.PV6A..SH,2021-05-16T11:09:53.980000,S,0.574,2.363815809758308e-07,-1,-1.0,20210516T080000_-1
AV.PV6A..SH,2021-05-16T11:40:41.600000,S,0.434,2.098861529020724e-07,-1,-1.0,20210516T080000_-1
AV.PV6A..SH,2021-05-16T12:50:43.960000,S,0.362,1.3469821169564966e-07,-1,-1.0,20210516T080000_-1
AV.PV6A..SH,2021-05-16T13:11:43.420000,S,0.949,7.00370435424702e-07,-1,-1.0,20210516T080000_-1
AV.PV6A..SH,2021-05-16T13:48:40.600000,S,0.399,1.2499572221713606e-07,-1,-1.0,20210516T080000_-1
AV.PV6A..SH,2021-05-16T13:53:57.080000,S,0.344,7.889346420597576e-07,-1,-1.0,20210516T080000_-1
AV.PV6A..SH,2021-05-16T14:13:21.720000,S,0.311,5.555613142860238e-07,8,0.00169238146019,20210516T080000_8
AV.PV6A..SH,2021-05-16T14:22:00.360000,S,0.872,4.362021002179972e-07,11,0.0034336840438568,20210516T080000_11
AV.PV6A..SH,2021-05-16T15:48:35.760000,S,0.451,2.1864477730559884e-06,13,0.0034336840438568,20210516T080000_13
AV.PVV..SH,2021-05-16T08:26:24.080000,P,0.709,1.3536778453726586e-07,2,0.0030787938450925,20210516T080000_2
AV.PVV..SH,2021-05-16T08:40:05.720000,P,0.308,1.576141670511788e-07,4,0.0097450917995237,20210516T080000_4
AV.PVV..SH,2021-05-16T09:17:01.360000,P,0.444,1.8074840113513346e-07,-1,-1.0,20210516T080000_-1
AV.PVV..SH,2021-05-16T11:09:46.960000,P,0.592,2.526668367863749e-07,-1,-1.0,20210516T080000_-1
AV.PVV..SH,2021-05-16T13:25:18.660000,P,0.871,1.7126119189470049e-07,5,0.0034336840438568,20210516T080000_5
AV.PVV..SH,2021-05-16T13:30:33.080000,P,0.567,1.6070963226866297e-07,-1,-1.0,20210516T080000_-1
AV.PVV..SH,2021-05-16T13:48:16.460000,P,0.777,1.3218321726071738e-07,-1,-1.0,20210516T080000_-1
AV.PVV..SH,2021-05-16T13:53:48.360000,P,0.824,7.06693413121684e-07,7,0.00169238146019,20210516T080000_7
AV.PVV..SH,2021-05-16T14:03:39.760000,P,0.783,2.724999887959712e-07,-1,-1.0,20210516T080000_-1
AV.PVV..SH,2021-05-16T14:13:14.260000,P,0.853,5.957993494121183e-07,8,0.0097450917995237,20210516T080000_8
AV.PVV..SH,2021-05-16T14:21:35.320000,P,0.814,1.920949443956488e-07,10,0.00169238146019,20210516T080000_10
AV.PVV..SH,2021-05-16T15:48:09.940000,P,0.946,1.492610749664891e-06,12,0.0055919003073197,20210516T080000_12
AV.PVV..SH,2021-05-16T11:09:52.880000,S,0.661,2.526668367863749e-07,-1,-1.0,20210516T080000_-1
AV.PVV..SH,2021-05-16T13:30:21.920000,S,0.385,1.8659930844933123e-07,6,0.00169238146019,20210516T080000_6
AV.PVV..SH,2021-05-16T13:30:48.800000,S,0.594,2.682065201042861e-07,-1,-1.0,20210516T080000_-1
AV.PVV..SH,2021-05-16T13:53:54.520000,S,0.375,7.06693413121684e-07,7,0.0097450917995237,20210516T080000_7
AV.PVV..SH,2021-05-16T14:03:43.900000,S,0.435,2.724999887959712e-07,-1,-1.0,20210516T080000_-1
AV.PVV..SH,2021-05-16T14:13:20.320000,S,0.699,5.957993494121183e-07,8,0.0005437439377324,20210516T080000_8
AV.PVV..SH,2021-05-16T14:21:55.740000,S,0.584,2.905734106661839e-07,11,0.00169238146019,20210516T080000_11
AV.S12K..BH,2021-05-16T08:26:23.620000,P,0.93,7.094298553056433e-07,2,0.0001392562274901,20210516T080000_2
AV.S12K..BH,2021-05-16T13:30:20.220000,P,0.361,8.556328907616262e-07,6,0.0097450917995237,20210516T080000_6
AV.S12K..BH,2021-05-16T14:21:41.420000,P,0.4,7.631118137396697e-07,10,0.0097450917995237,20210516T080000_10
AV.S12K..BH,2021-05-16T15:48:15.000000,P,0.936,1.929826794366818e-06,12,0.0013055625130674,20210516T080000_12
AV.S12K..BH,2021-05-16T08:26:36.600000,S,0.424,9.07175603970245e-07,3,0.0034336840438568,20210516T080000_3
AV.S12K..BH,2021-05-16T15:48:39.600000,S,0.412,3.3133844681287883e-06,13,0.00169238146019,20210516T080000_13
AV.DEER..BH,2021-05-16T16:17:05.000000,P,0.615,9.956772828445537e-07,3,0.0013833243168501,20210516T160000_3
AV.DEER..BH,2021-05-16T17:08:01.000000,P,0.426,8.374556159651547e-07,-1,-1.0,20210516T160000_-1
AV.DEER..BH,2021-05-16T18:12:15.980000,P,0.712,1.0345274858991615e-06,5,0.0013833243168501,20210516T160000_5
AV.DEER..BH,2021-05-16T21:36:42.920000,P,0.627,1.240665596924373e-06,12,0.0013833243168501,20210516T160000_12
AV.DEER..BH,2021-05-16T23:43:27.620000,P,0.955,2.4646215024404228e-06,-1,-1.0,20210516T160000_-1
AV.DEER..BH,2021-05-16T16:17:14.860000,S,0.777,8.979953918242245e-07,3,0.0001887580392343,20210516T160000_3
AV.DEER..BH,2021-05-16T17:08:11.900000,S,0.648,1.0256346740789013e-06,-1,-1.0,20210516T160000_-1
AV.DEER..BH,2021-05-16T18:12:25.780000,S,0.502,1.0345274858991615e-06,6,0.0013833243168501,20210516T160000_6
AV.DEER..BH,2021-05-16T19:18:38.100000,S,0.682,9.709866617413354e-07,-1,-1.0,20210516T160000_-1
AV.DEER..BH,2021-05-16T21:37:03.060000,S,0.683,2.760414417934953e-06,13,0.0013833243168501,20210516T160000_13
AV.DEER..BH,2021-05-16T23:43:40.000000,S,0.761,5.406256150308764e-06,17,0.0013833243168501,20210516T160000_17
AV.DOL..BH,2021-05-16T16:13:49.420000,P,0.376,9.301161298935768e-07,-1,-1.0,20210516T160000_-1
AV.DOL..BH,2021-05-16T16:17:10.280000,P,0.845,1.1050938155676704e-06,3,0.0013053838044953,20210516T160000_3
AV.DOL..BH,2021-05-16T17:18:04.200000,P,0.464,7.656623211005353e-07,-1,-1.0,20210516T160000_-1
AV.DOL..BH,2021-05-16T17:57:50.060000,P,0.374,1.0638440244292724e-06,-1,-1.0,20210516T160000_-1
AV.DOL..BH,2021-05-16T18:00:50.280000,P,0.682,6.834056307525316e-07,-1,-1.0,20210516T160000_-1
AV.DOL..BH,2021-05-16T18:12:21.160000,P,0.924,8.620054927632737e-07,5,0.0001887580392343,20210516T160000_5
AV.DOL..BH,2021-05-16T18:18:06.840000,P,0.868,8.795277040007932e-07,7,0.0013833243168501,20210516T160000_7
AV.DOL..BH,2021-05-16T18:54:55.900000,P,0.691,1.2351637224128351e-06,9,0.0013833243168501,20210516T160000_9
AV.DOL..BH,2021-05-16T20:56:30.220000,P,0.397,1.050214905262692e-06,-1,-1.0,20210516T160000_-1
AV.DOL..BH,2021-05-16T21:17:30.680000,P,0.648,8.121915016090497e-07,-1,-1.0,20210516T160000_-1
AV.DOL..BH,2021-05-16T21:26:30.440000,P,0.73,9.588374041413772e-07,-1,-1.0,20210516T160000_-1
AV.DOL..BH,2021-05-16T21:36:40.140000,P,0.921,2.644687810970936e-06,12,0.0001887580392343,20210516T160000_12
AV.DOL..BH,2021-05-16T22:21:04.780000,P,0.372,7.039872116365586e-07,-1,-1.0,20210516T160000_-1
AV.DOL..BH,2021-05-16T23:43:30.660000,P,0.899,3.591593213059241e-06,-1,-1.0,20210516T160000_-1
AV.DOL..BH,2021-05-16T23:48:26.040000,P,0.571,8.249405141214083e-07,-1,-1.0,20210516T160000_-1
AV.DOL..BH,2021-05-16T16:14:03.400000,S,0.532,1.1697549098244051e-06,-1,-1.0,20210516T160000_-1
AV.DOL..BH,2021-05-16T16:17:24.020000,S,0.67,1.1453222441559774e-06,-1,-1.0,20210516T160000_-1
AV.DOL..BH,2021-05-16T17:18:07.200000,S,0.519,7.656623211005353e-07,-1,-1.0,20210516T160000_-1
AV.DOL..BH,2021-05-16T17:40:19.020000,S,0.878,1.8087173430103576e-06,-1,-1.0,20210516T160000_-1
AV.DOL..BH,2021-05-16T18:01:04.420000,S,0.728,8.80756999777077e-07,-1,-1.0,20210516T160000_-1
AV.DOL..BH,2021-05-16T18:12:35.060000,S,0.761,1.0268440746585838e-06,6,0.0001887580392343,20210516T160000_6
AV.DOL..BH,2021-05-16T18:18:24.980000,S,0.548,1.5067720369188464e-06,8,0.0013833243168501,20210516T160000_8
AV.DOL..BH,2021-05-16T18:55:14.800000,S,0.521,1.8813619817592555e-06,10,0.0013833243168501,20210516T160000_10
AV.DOL..BH,2021-05-16T21:17:48.820000,S,0.393,1.0142077826458262e-06,-1,-1.0,20210516T160000_-1
AV.DOL..BH,2021-05-16T21:26:41.120000,S,0.43,1.0474528835402452e-06,-1,-1.0,20210516T160000_-1
AV.DOL..BH,2021-05-16T21:36:57.820000,S,0.835,1.0610076060402209e-05,13,0.0001887580392343,20210516T160000_13
AV.DOL..BH,2021-05-16T23:43:45.200000,S,0.503,5.711903668270679e-06,17,0.0001887580392343,20210516T160000_17
AV.DT1..BH,2021-05-16T16:17:06.620000,P,0.378,1.0145794249183382e-06,3,0.0044808154697163,20210516T160000_3
AV.DT1..BH,2021-05-16T18:12:17.580000,P,0.617,9.56301846599672e-07,5,0.0013053838044953,20210516T160000_5
AV.DT1..BH,2021-05-16T18:54:58.920000,P,0.694,1.0590096053419984e-06,9,0.0001887580392343,20210516T160000_9
AV.DT1..BH,2021-05-16T21:36:43.300000,P,0.969,3.598024022721802e-06,12,0.0013053838044953,20210516T160000_12
AV.DT1..BH,2021-05-16T22:21:05.260000,P,0.572,8.474607398056833e-07,-1,-1.0,20210516T160000_-1
AV.DT1..BH,2021-05-16T23:43:29.740000,P,0.971,5.2918126129952725e-06,-1,-1.0,20210516T160000_-1
AV.DT1..BH,2021-05-16T16:17:17.640000,S,0.335,1.0484966423973674e-06,3,0.0003316411737735,20210516T160000_3
AV.DT1..BH,2021-05-16T18:12:28.740000,S,0.846,9.56301846599672e-07,6,0.0013053838044953,20210516T160000_6
AV.DT1..BH,2021-05-16T18:55:19.220000,S,0.499,8.081956366368104e-07,10,0.0001887580392343,20210516T160000_10
AV.DT1..BH,2021-05-16T21:37:03.360000,S,0.718,6.455780294345459e-06,13,0.0013053838044953,20210516T160000_13
AV.DT1..BH,2021-05-16T22:21:17.160000,S,0.5,7.565413397969678e-07,-1,-1.0,20210516T160000_-1
AV.DT1..BH,2021-05-16T23:43:42.980000,S,0.764,1.0547982128628064e-05,17,0.0013053838044953,20210516T160000_17
AV.DTN..BH,2021-05-16T16:13:46.600000,P,0.526,9.750108347361677e-07,-1,-1.0,20210516T160000_-1
AV.DTN..BH,2021-05-16T16:17:07.320000,P,0.68,9.822556421568152e-07,3,0.004305937099141,20210516T160000_3
AV.DTN..BH,2021-05-16T17:40:04.140000,P,0.836,1.1296469892840832e-06,4,0.0013833243168501,20210516T160000_4
AV.DTN..BH,2021-05-16T17:56:03.880000,P,0.669,9.50029971136246e-07,-1,-1.0,20210516T160000_-1
AV.DTN..BH,2021-05-16T18:00:47.400000,P,0.355,1.1645967106233002e-06,-1,-1.0,20210516T160000_-1
AV.DTN..BH,2021-05-16T18:12:18.280000,P,0.599,8.984120540844742e-07,5,0.0044808154697163,20210516T160000_5
AV.DTN..BH,2021-05-16T18:18:10.500000,P,0.849,8.198383056878811e-07,7,0.0001887580392343,20210516T160000_7
AV.DTN..BH,2021-05-16T18:54:59.240000,P,0.762,1.1770628134399883e-06,9,0.0013053838044953,20210516T160000_9
AV.DTN..BH,2021-05-16T21:36:43.700000,P,0.845,2.4989974463096587e-06,12,0.0044808154697163,20210516T160000_12
AV.DTN..BH,2021-05-16T21:59:34.760000,P,0.651,1.344337306363741e-06,14,0.0013833243168501,20210516T160000_14
AV.DTN..BH,2021-05-16T23:43:30.460000,P,0.954,6.300530912994873e-06,-1,-1.0,20210516T160000_-1
AV.DTN..BH,2021-05-16T16:17:23.080000,S,0.339,1.2534828783827834e-06,-1,-1.0,20210516T160000_-1
AV.DTN..BH,2021-05-16T17:40:24.320000,S,0.409,1.2566125633384218e-06,-1,-1.0,20210516T160000_-1
AV.DTN..BH,2021-05-16T17:56:18.760000,S,0.373,1.1092276963609038e-06,-1,-1.0,20210516T160000_-1
AV.DTN..BH,2021-05-16T18:12:30.120000,S,0.382,9.674864713815623e-07,6,0.0044808154697163,20210516T160000_6
AV.DTN..BH,2021-05-16T18:18:31.360000,S,0.575,9.880810694085085e-07,8,0.0001887580392343,20210516T160000_8
AV.DTN..BH,2021-05-16T18:55:20.800000,S,0.385,1.1023571460100356e-06,10,0.0013053838044953,20210516T160000_10
AV.DTN..BH,2021-05-16T21:37:04.720000,S,0.6,5.990212684992002e-06,13,0.0044808154697163,20210516T160000_13
AV.DTN..BH,2021-05-16T23:43:44.860000,S,0.737,5.603156751021743e-06,-1,-1.0,20210516T160000_-1
AV.HAG..SH,2021-05-16T17:40:03.440000,P,0.849,5.757807457484887e-07,4,0.0001887580392343,20210516T160000_4
AV.HAG..SH,2021-05-16T18:12:23.480000,P,0.857,1.979750550162862e-07,5,0.0003316411737735,20210516T160000_5
AV.HAG..SH,2021-05-16T18:18:08.720000,P,0.867,2.617845780150674e-07,7,0.0013053838044953,20210516T160000_7
AV.HAG..SH,2021-05-16T18:54:58.280000,P,0.937,5.784953600596054e-07,9,0.0044808154697163,20210516T160000_9
AV.HAG..SH,2021-05-16T20:19:21.480000,P,0.944,4.857597559748683e-07,11,0.0013833243168501,20210516T160000_11
AV.HAG..SH,2021-05-16T20:42:49.220000,P,0.879,1.5240529194215926e-07,-1,-1.0,20210516T160000_-1
AV.HAG..SH,2021-05-16T20:56:31.600000,P,0.904,1.4068348264117958e-07,-1,-1.0,20210516T160000_-1
AV.HAG..SH,2021-05-16T21:17:33.040000,P,0.554,1.7627047554924505e-07,-1,-1.0,20210516T160000_-1
AV.HAG..SH,2021-05-16T21:36:42.080000,P,0.975,4.310237727622734e-06,12,0.0003316411737735,20210516T160000_12
AV.HAG..SH,2021-05-16T21:59:30.680000,P,0.454,1.2991463904654665e-07,14,0.0001887580392343,20210516T160000_14
AV.HAG..SH,2021-05-16T21:59:31.580000,P,0.648,4.628076908375079e-07,-1,-1.0,20210516T160000_-1
AV.HAG..SH,2021-05-16T22:14:37.520000,P,0.937,4.470335568385053e-07,-1,-1.0,20210516T160000_-1
AV.HAG..SH,2021-05-16T23:43:33.940000,P,0.895,4.772258307639277e-06,17,0.0044808154697163,20210516T160000_17
AV.HAG..SH,2021-05-16T16:14:55.360000,S,0.774,6.102637257754395e-07,1,0.0013833243168501,20210516T160000_1
AV.HAG..SH,2021-05-16T18:12:39.200000,S,0.665,2.592213661500864e-07,6,0.0003316411737735,20210516T160000_6
AV.HAG..SH,2021-05-16T18:18:27.780000,S,0.718,4.685545036409168e-07,8,0.0013053838044953,20210516T160000_8
AV.HAG..SH,2021-05-16T18:55:18.920000,S,0.561,5.486565441970015e-07,10,0.0044808154697163,20210516T160000_10
AV.HAG..SH,2021-05-16T19:36:21.920000,S,0.451,3.697539625591162e-07,-1,-1.0,20210516T160000_-1
AV.HAG..SH,2021-05-16T20:19:25.500000,S,0.68,4.857597559748683e-07,11,0.0001887580392343,20210516T160000_11
AV.HAG..SH,2021-05-16T20:43:09.340000,S,0.769,2.9522109912250016e-07,-1,-1.0,20210516T160000_-1
AV.HAG..SH,2021-05-16T20:56:46.660000,S,0.702,2.179533993285077e-07,-1,-1.0,20210516T160000_-1
AV.HAG..SH,2021-05-16T21:37:02.620000,S,0.701,6.801306881243363e-06,13,0.0003316411737735,20210516T160000_13
AV.HAG..SH,2021-05-16T22:00:04.280000,S,0.4,4.857588464801665e-07,-1,-1.0,20210516T160000_-1
AV.HAG..SH,2021-05-16T22:14:41.860000,S,0.782,4.470335568385053e-07,15,0.0013833243168501,20210516T160000_15
AV.HAG..SH,2021-05-16T22:26:56.840000,S,0.316,1.4037235018804497e-07,16,0.0013833243168501,20210516T160000_16
AV.HAG..SH,2021-05-16T22:26:57.520000,S,0.351,3.051561066058639e-07,-1,-1.0,20210516T160000_-1
AV.HAG..SH,2021-05-16T23:43:50.900000,S,0.803,6.525252501887735e-06,-1,-1.0,20210516T160000_-1
AV.PN7A..BH,2021-05-16T16:14:40.480000,P,0.432,1.6978656276478432e-06,1,0.0001887580392343,20210516T160000_1
AV.PN7A..BH,2021-05-16T17:56:52.940000,P,0.595,1.232855652233411e-06,-1,-1.0,20210516T160000_-1
AV.PN7A..BH,2021-05-16T20:19:20.700000,P,0.851,2.118494876413024e-06,11,0.0013053838044953,20210516T160000_11
AV.PN7A..BH,2021-05-16T20:37:13.960000,P,0.785,9.920050842993078e-07,-1,-1.0,20210516T160000_-1
AV.PN7A..BH,2021-05-16T21:36:44.100000,P,0.922,2.6491284188523423e-06,12,0.004305937099141,20210516T160000_12
AV.PN7A..BH,2021-05-16T21:59:32.440000,P,0.453,1.2937385918121436e-06,14,0.0013053838044953,20210516T160000_14
AV.PN7A..BH,2021-05-16T22:14:36.680000,P,0.554,2.152260321963695e-06,15,0.0001887580392343,20210516T160000_15
AV.PN7A..BH,2021-05-16T16:14:52.900000,S,0.541,2.470147137501044e-06,1,0.0013053838044953,20210516T160000_1
AV.PN7A..BH,2021-05-16T20:19:25.080000,S,0.501,2.2105446078057867e-06,11,0.0044808154697163,20210516T160000_11
AV.PN7A..BH,2021-05-16T20:37:18.840000,S,0.319,1.1768115655286238e-06,-1,-1.0,20210516T160000_-1
AV.PN7A..BH,2021-05-16T21:37:04.640000,S,0.686,4.440894826984732e-06,13,0.004305937099141,20210516T160000_13
AV.PS1A..BH,2021-05-16T16:14:50.920000,P,0.57,2.3172449346020585e-06,2,0.0013833243168501,20210516T160000_2
AV.PS1A..BH,2021-05-16T18:54:58.000000,P,0.687,1.51304652717954e-06,9,0.0003316411737735,20210516T160000_9
AV.PS1A..BH,2021-05-16T20:19:21.000000,P,0.752,2.215653239545645e-06,11,0.0003316411737735,20210516T160000_11
AV.PS1A..BH,2021-05-16T21:36:41.640000,P,0.965,2.997705678353668e-06,12,0.0001031084384282,20210516T160000_12
AV.PS1A..BH,2021-05-16T21:59:29.920000,P,0.428,1.895033506116306e-06,14,0.0044808154697163,20210516T160000_14
AV.PS1A..BH,2021-05-16T23:43:35.560000,P,0.862,2.1548025870288257e-06,-1,-1.0,20210516T160000_-1
AV.PS1A..BH,2021-05-16T21:37:00.380000,S,0.653,8.774353773333132e-06,13,0.0001031084384282,20210516T160000_13
AV.PS1A..BH,2021-05-16T22:14:40.160000,S,0.581,2.726337925196276e-06,-1,-1.0,20210516T160000_-1
AV.PS1A..BH,2021-05-16T23:43:53.600000,S,0.544,2.439979425616912e-06,-1,-1.0,20210516T160000_-1
AV.PS4A..BH,2021-05-16T16:14:42.220000,P,0.686,2.7962371405010344e-06,1,0.0044808154697163,20210516T160000_1
AV.PS4A..BH,2021-05-16T20:19:20.760000,P,0.816,2.427377012281795e-06,11,0.004305937099141,20210516T160000_11
AV.PS4A..BH,2021-05-16T21:36:41.780000,P,0.976,5.11017196913599e-06,12,0.0023564572078635,20210516T160000_12
AV.PS4A..BH,2021-05-16T23:43:34.280000,P,0.928,3.2504331102245487e-06,-1,-1.0,20210516T160000_-1
AV.PS4A..BH,2021-05-16T16:14:52.760000,S,0.513,3.7645029351551776e-06,2,0.0001887580392343,20210516T160000_2
AV.PS4A..BH,2021-05-16T20:19:24.640000,S,0.354,2.427377012281795e-06,11,0.0001031084384282,20210516T160000_11
AV.PS4A..BH,2021-05-16T21:37:00.900000,S,0.809,1.1615844414336609e-05,13,0.0023564572078635,20210516T160000_13
AV.PS4A..BH,2021-05-16T22:26:55.360000,S,0.57,2.1003197616664693e-06,-1,-1.0,20210516T160000_-1
AV.PS4A..BH,2021-05-16T23:43:52.040000,S,0.437,4.980932317266706e-06,-1,-1.0,20210516T160000_-1
AV.PV6A..SH,2021-05-16T16:11:44.440000,P,0.428,1.898741430750306e-07,-1,-1.0,20210516T160000_-1
AV.PV6A..SH,2021-05-16T17:40:06.060000,P,0.522,3.378401061127079e-07,4,0.0013053838044953,20210516T160000_4
AV.PV6A..SH,2021-05-16T17:56:55.240000,P,0.647,1.958806308266503e-07,-1,-1.0,20210516T160000_-1
AV.PV6A..SH,2021-05-16T17:57:55.600000,P,0.319,1.0106707293289221e-07,-1,-1.0,20210516T160000_-1
AV.PV6A..SH,2021-05-16T18:18:11.600000,P,0.416,1.401245839360854e-07,7,0.0044808154697163,20210516T160000_7
AV.PV6A..SH,2021-05-16T18:55:00.420000,P,0.696,3.432222399624152e-07,9,0.004305937099141,20210516T160000_9
AV.PV6A..SH,2021-05-16T20:19:21.900000,P,0.849,8.897940233509871e-07,11,0.0023564572078635,20210516T160000_11
AV.PV6A..SH,2021-05-16T20:37:17.020000,P,0.643,3.293698398465495e-07,-1,-1.0,20210516T160000_-1
AV.PV6A..SH,2021-05-16T20:42:52.560000,P,0.326,1.417461845676371e-07,-1,-1.0,20210516T160000_-1
AV.PV6A..SH,2021-05-16T21:17:35.400000,P,0.587,9.107453280421397e-08,-1,-1.0,20210516T160000_-1
AV.PV6A..SH,2021-05-16T21:36:44.360000,P,0.838,1.4774570900044637e-06,12,9.774332923279798e-05,20210516T160000_12
AV.PV6A..SH,2021-05-16T21:59:31.980000,P,0.669,2.4540617005186505e-07,14,0.0003316411737735,20210516T160000_14
AV.PV6A..SH,2021-05-16T22:14:37.760000,P,0.703,7.271717663570598e-07,15,0.0013053838044953,20210516T160000_15
AV.PV6A..SH,2021-05-16T22:26:54.040000,P,0.537,5.466065431392053e-07,16,0.0001887580392343,20210516T160000_16
AV.PV6A..SH,2021-05-16T22:36:51.580000,P,0.318,3.025648425136751e-07,-1,-1.0,20210516T160000_-1
AV.PV6A..SH,2021-05-16T23:38:21.940000,P,0.32,2.3489954514843705e-07,-1,-1.0,20210516T160000_-1
AV.PV6A..SH,2021-05-16T23:43:37.180000,P,0.958,3.548553593191173e-07,17,0.0003316411737735,20210516T160000_17
AV.PV6A..SH,2021-05-16T16:14:57.640000,S,0.408,6.607281193282688e-07,2,0.0013053838044953,20210516T160000_2
AV.PV6A..SH,2021-05-16T17:40:28.700000,S,0.389,3.372235539700341e-07,-1,-1.0,20210516T160000_-1
AV.PV6A..SH,2021-05-16T17:56:57.920000,S,0.653,1.958806308266503e-07,-1,-1.0,20210516T160000_-1
AV.PV6A..SH,2021-05-16T18:18:32.560000,S,0.566,2.670137178029109e-07,8,0.0044808154697163,20210516T160000_8
AV.PV6A..SH,2021-05-16T18:55:22.560000,S,0.607,3.527654541812808e-07,10,0.0003316411737735,20210516T160000_10
AV.PV6A..SH,2021-05-16T20:43:12.920000,S,0.898,1.9722783406450617e-07,-1,-1.0,20210516T160000_-1
AV.PV6A..SH,2021-05-16T20:56:48.720000,S,0.508,1.5761492022647874e-07,-1,-1.0,20210516T160000_-1
AV.PV6A..SH,2021-05-16T21:17:57.520000,S,0.814,1.5009678122623884e-07,-1,-1.0,20210516T160000_-1
AV.PV6A..SH,2021-05-16T21:37:05.680000,S,0.73,3.9093729355954565e-06,13,9.774332923279798e-05,20210516T160000_13
AV.PV6A..SH,2021-05-16T21:38:24.840000,S,0.357,1.4941251436084713e-07,-1,-1.0,20210516T160000_-1
AV.PV6A..SH,2021-05-16T21:59:38.140000,S,0.435,2.4540617005186505e-07,14,0.004305937099141,20210516T160000_14
AV.PV6A..SH,2021-05-16T22:14:45.880000,S,0.335,8.060233085416257e-07,15,0.0044808154697163,20210516T160000_15
AV.PV6A..SH,2021-05-16T22:26:59.960000,S,0.381,5.466065431392053e-07,16,0.0013053838044953,20210516T160000_16
AV.PV6A..SH,2021-05-16T22:36:54.520000,S,0.587,3.025648425136751e-07,-1,-1.0,20210516T160000_-1
AV.PV6A..SH,2021-05-16T23:43:57.100000,S,0.675,5.175960495762411e-07,-1,-1.0,20210516T160000_-1
AV.PVV..SH,2021-05-16T16:11:41.200000,P,0.718,2.456432923736429e-07,-1,-1.0,20210516T160000_-1
AV.PVV..SH,2021-05-16T16:14:41.920000,P,0.47,5.018425781599944e-07,1,0.0003316411737735,20210516T160000_1
AV.PVV..SH,2021-05-16T17:40:03.780000,P,0.369,2.0811809520182578e-07,4,0.0044808154697163,20210516T160000_4
AV.PVV..SH,2021-05-16T18:03:25.580000,P,0.754,1.5739239245249337e-07,-1,-1.0,20210516T160000_-1
AV.PVV..SH,2021-05-16T18:17:51.240000,P,0.358,2.055753753893441e-07,-1,-1.0,20210516T160000_-1
AV.PVV..SH,2021-05-16T18:27:37.980000,P,0.374,1.516334577900125e-07,-1,-1.0,20210516T160000_-1
AV.PVV..SH,2021-05-16T18:36:05.580000,P,0.548,3.071385208386346e-07,-1,-1.0,20210516T160000_-1
AV.PVV..SH,2021-05-16T18:36:33.140000,P,0.306,2.6183070644947293e-07,-1,-1.0,20210516T160000_-1
AV.PVV..SH,2021-05-16T18:36:44.600000,P,0.403,2.510397223431937e-07,-1,-1.0,20210516T160000_-1
AV.PVV..SH,2021-05-16T18:39:10.280000,P,0.368,3.052670365377708e-07,-1,-1.0,20210516T160000_-1
AV.PVV..SH,2021-05-16T18:54:57.640000,P,0.955,4.31282614954398e-07,9,0.0001031084384282,20210516T160000_9
AV.PVV..SH,2021-05-16T20:19:20.680000,P,0.885,7.171897209445888e-07,11,9.774332923279798e-05,20210516T160000_11
AV.PVV..SH,2021-05-16T20:53:32.120000,P,0.426,3.753003454676218e-07,-1,-1.0,20210516T160000_-1
AV.PVV..SH,2021-05-16T21:36:41.400000,P,0.984,2.407951569693978e-06,12,0.0028409432142901,20210516T160000_12
AV.PVV..SH,2021-05-16T21:59:29.720000,P,0.493,3.126583294488228e-07,14,0.0001031084384282,20210516T160000_14
AV.PVV..SH,2021-05-16T22:14:36.540000,P,0.913,8.848622883306234e-07,15,0.0003316411737735,20210516T160000_15
AV.PVV..SH,2021-05-16T22:26:52.860000,P,0.713,4.028937041766767e-07,16,0.0044808154697163,20210516T160000_16
AV.PVV..SH,2021-05-16T23:43:34.660000,P,0.959,7.877528673816414e-07,-1,-1.0,20210516T160000_-1
AV.PVV..SH,2021-05-16T16:11:44.140000,S,0.487,2.456432923736429e-07,-1,-1.0,20210516T160000_-1
AV.PVV..SH,2021-05-16T16:14:53.280000,S,0.47,6.080995831325708e-07,2,0.0044808154697163,20210516T160000_2
AV.PVV..SH,2021-05-16T18:03:30.640000,S,0.7,1.5739239245249337e-07,-1,-1.0,20210516T160000_-1
AV.PVV..SH,2021-05-16T18:18:01.600000,S,0.43,2.2557819079338523e-07,-1,-1.0,20210516T160000_-1
AV.PVV..SH,2021-05-16T18:20:28.920000,S,0.336,1.671025700034079e-07,-1,-1.0,20210516T160000_-1
AV.PVV..SH,2021-05-16T18:36:33.240000,S,0.402,2.6183070644947293e-07,-1,-1.0,20210516T160000_-1
AV.PVV..SH,2021-05-16T18:55:18.080000,S,0.476,2.520491761970334e-07,10,0.004305937099141,20210516T160000_10
AV.PVV..SH,2021-05-16T20:19:27.360000,S,0.48,7.171897209445888e-07,11,0.0028409432142901,20210516T160000_11
AV.PVV..SH,2021-05-16T21:37:00.340000,S,0.856,2.6042243916890584e-06,13,0.0028409432142901,20210516T160000_13
AV.PVV..SH,2021-05-16T21:59:34.760000,S,0.477,3.126583294488228e-07,14,0.0023564572078635,20210516T160000_14
AV.PVV..SH,2021-05-16T22:14:42.720000,S,0.57,8.848622883306234e-07,15,0.004305937099141,20210516T160000_15
AV.PVV..SH,2021-05-16T22:26:59.520000,S,0.554,4.028937041766767e-07,16,0.0003316411737735,20210516T160000_16
AV.PVV..SH,2021-05-16T23:43:52.160000,S,0.681,7.404520943055104e-07,-1,-1.0,20210516T160000_-1
AV.S12K..BH,2021-05-16T21:36:46.560000,P,0.615,2.283311005157884e-06,12,0.0006719090026281,20210516T160000_12
AV.S12K..BH,2021-05-16T23:43:40.340000,P,0.922,1.077528281712148e-06,17,0.004305937099141,20210516T160000_17
AV.S12K..BH,2021-05-16T18:12:46.700000,S,0.41,1.06239610886405e-06,6,0.004305937099141,20210516T160000_6
AV.S12K..BH,2021-05-16T20:56:50.800000,S,0.368,1.331238422608294e-06,-1,-1.0,20210516T160000_-1
AV.S12K..BH,2021-05-16T21:37:09.600000,S,0.552,1.3183319424570072e-05,13,0.0006719090026281,20210516T160000_13
AV.S12K..BH,2021-05-16T23:44:01.820000,S,0.743,1.3252773669591988e-06,-1,-1.0,20210516T160000_-1
AV.DEER..BH,2021-05-17T00:25:05.480000,P,0.968,1.2602209835677058e-06,1,0.0037699502343866,20210517T000000_1
AV.DEER..BH,2021-05-17T00:52:24.680000,P,0.416,1.539096842861909e-06,-1,-1.0,20210517T000000_-1
AV.DEER..BH,2021-05-17T04:38:23.120000,P,0.954,1.5260498003044631e-06,7,0.0037699502343866,20210517T000000_7
AV.DEER..BH,2021-05-17T05:48:12.220000,P,0.907,8.018349717531237e-07,-1,-1.0,20210517T000000_-1
AV.DEER..BH,2021-05-17T00:25:16.740000,S,0.565,1.2602209835677058e-06,1,0.0003296556755585,20210517T000000_1
AV.DEER..BH,2021-05-17T00:47:40.120000,S,0.62,1.0974206361424876e-06,-1,-1.0,20210517T000000_-1
AV.DEER..BH,2021-05-17T00:52:33.180000,S,0.846,1.539096842861909e-06,5,0.0037699502343866,20210517T000000_5
AV.DEER..BH,2021-05-17T04:38:34.640000,S,0.733,1.5260498003044631e-06,-1,-1.0,20210517T000000_-1
AV.DEER..BH,2021-05-17T05:10:45.000000,S,0.3,1.0856706467166075e-06,-1,-1.0,20210517T000000_-1
AV.DEER..BH,2021-05-17T05:48:20.840000,S,0.703,6.468864057751489e-07,-1,-1.0,20210517T000000_-1
AV.DOL..BH,2021-05-17T00:25:07.820000,P,0.798,9.56162580223463e-07,1,0.0076478108101757,20210517T000000_1
AV.DOL..BH,2021-05-17T00:38:37.880000,P,0.301,7.05437230408279e-07,-1,-1.0,20210517T000000_-1
AV.DOL..BH,2021-05-17T04:38:23.500000,P,0.831,1.0755890116342923e-06,-1,-1.0,20210517T000000_-1
AV.DOL..BH,2021-05-17T06:02:27.260000,P,0.606,9.561285878589842e-07,10,0.0037699502343866,20210517T000000_10
AV.DOL..BH,2021-05-17T00:25:20.620000,S,0.843,1.2308169061725494e-06,-1,-1.0,20210517T000000_-1
AV.DOL..BH,2021-05-17T00:47:47.140000,S,0.791,1.5115593896553037e-06,3,0.0037699502343866,20210517T000000_3
AV.DOL..BH,2021-05-17T00:52:40.260000,S,0.85,1.960290774150053e-06,5,0.0003296556755585,20210517T000000_5
AV.DOL..BH,2021-05-17T04:37:35.940000,S,0.78,1.2949993788424765e-06,-1,-1.0,20210517T000000_-1
AV.DOL..BH,2021-05-17T04:38:35.420000,S,0.62,1.070263920155412e-06,-1,-1.0,20210517T000000_-1
AV.DOL..BH,2021-05-17T04:51:28.360000,S,0.547,1.186031113320496e-06,-1,-1.0,20210517T000000_-1
AV.DOL..BH,2021-05-17T06:02:45.120000,S,0.567,1.7481761460658165e-06,11,0.0037699502343866,20210517T000000_11
AV.DOL..BH,2021-05-17T06:32:14.240000,S,0.342,9.700372629595222e-07,-1,-1.0,20210517T000000_-1
AV.DT1..BH,2021-05-17T00:25:05.320000,P,0.66,8.170233058990561e-07,1,0.000212509919034,20210517T000000_1
AV.DT1..BH,2021-05-17T04:37:23.500000,P,0.641,8.044898436310177e-07,-1,-1.0,20210517T000000_-1
AV.DT1..BH,2021-05-17T04:38:24.300000,P,0.933,7.885298600740498e-07,7,0.0003296556755585,20210517T000000_7
AV.DT1..BH,2021-05-17T06:02:30.140000,P,0.881,7.095750333974138e-07,10,0.0003296556755585,20210517T000000_10
AV.DT1..BH,2021-05-17T00:39:01.140000,S,0.619,6.338570415209688e-07,-1,-1.0,20210517T000000_-1
AV.DT1..BH,2021-05-17T00:47:43.800000,S,0.513,1.5945131508487975e-06,-1,-1.0,20210517T000000_-1
AV.DT1..BH,2021-05-17T00:52:36.940000,S,0.812,2.087357643176801e-06,5,0.0076478108101757,20210517T000000_5
AV.DT1..BH,2021-05-17T04:37:28.980000,S,0.65,5.226668804425572e-07,-1,-1.0,20210517T000000_-1
AV.DT1..BH,2021-05-17T04:38:36.700000,S,0.861,1.2496135468609282e-06,-1,-1.0,20210517T000000_-1
AV.DT1..BH,2021-05-17T06:02:50.260000,S,0.613,9.976139381251414e-07,11,0.0003296556755585,20210517T000000_11
AV.DTN..BH,2021-05-17T00:00:00.020000,P,0.373,1.1078451507273712e-06,-1,-1.0,20210517T000000_-1
AV.DTN..BH,2021-05-17T04:38:24.940000,P,0.709,1.0463400030857883e-06,7,0.0076478108101757,20210517T000000_7
AV.DTN..BH,2021-05-17T06:02:30.520000,P,0.756,1.0682223319236073e-06,10,0.0076478108101757,20210517T000000_10
AV.DTN..BH,2021-05-17T07:50:28.920000,P,0.41,1.4368470147019252e-06,-1,-1.0,20210517T000000_-1
AV.DTN..BH,2021-05-17T00:47:46.640000,S,0.852,1.962345322681358e-06,3,0.0003296556755585,20210517T000000_3
AV.DTN..BH,2021-05-17T00:52:38.440000,S,0.471,1.1358677056705346e-06,5,0.000212509919034,20210517T000000_5
AV.DTN..BH,2021-05-17T00:52:39.680000,S,0.305,2.040940444203443e-06,-1,-1.0,20210517T000000_-1
AV.DTN..BH,2021-05-17T04:38:37.600000,S,0.528,1.4907951708664768e-06,-1,-1.0,20210517T000000_-1
AV.DTN..BH,2021-05-17T06:02:52.000000,S,0.466,1.706615307739412e-06,11,0.0076478108101757,20210517T000000_11
AV.HAG..SH,2021-05-17T00:38:31.240000,P,0.426,4.585450312788453e-07,2,0.0037699502343866,20210517T000000_2
AV.HAG..SH,2021-05-17T00:38:40.540000,P,0.517,3.110806972017599e-07,-1,-1.0,20210517T000000_-1
AV.HAG..SH,2021-05-17T00:47:19.260000,P,0.923,3.3753900652300217e-07,-1,-1.0,20210517T000000_-1
AV.HAG..SH,2021-05-17T00:47:53.300000,P,0.402,1.2303712537686806e-06,4,0.0037699502343866,20210517T000000_4
AV.HAG..SH,2021-05-17T00:52:12.380000,P,0.874,3.995832003056421e-07,-1,-1.0,20210517T000000_-1
AV.HAG..SH,2021-05-17T04:38:26.920000,P,0.529,4.098365025129169e-07,7,0.000212509919034,20210517T000000_7
AV.HAG..SH,2021-05-17T05:10:08.300000,P,0.924,6.093790716477088e-07,8,0.0037699502343866,20210517T000000_8
AV.HAG..SH,2021-05-17T05:41:51.760000,P,0.766,5.925529649175587e-07,9,0.0037699502343866,20210517T000000_9
AV.HAG..SH,2021-05-17T06:02:29.320000,P,0.985,7.912906880847004e-07,10,0.000212509919034,20210517T000000_10
AV.HAG..SH,2021-05-17T07:50:25.660000,P,0.778,2.0169531467217894e-07,-1,-1.0,20210517T000000_-1
AV.HAG..SH,2021-05-17T00:39:02.060000,S,0.548,2.254847544236327e-07,-1,-1.0,20210517T000000_-1
AV.HAG..SH,2021-05-17T00:47:53.140000,S,0.41,1.2303712537686806e-06,-1,-1.0,20210517T000000_-1
AV.HAG..SH,2021-05-17T00:52:45.560000,S,0.343,9.418826607543452e-07,5,0.0036768800225011,20210517T000000_5
AV.HAG..SH,2021-05-17T00:52:46.400000,S,0.472,1.682001311564818e-06,-1,-1.0,20210517T000000_-1
AV.HAG..SH,2021-05-17T04:38:42.620000,S,0.568,6.291559202509234e-07,-1,-1.0,20210517T000000_-1
AV.HAG..SH,2021-05-17T05:41:55.120000,S,0.397,5.925529649175587e-07,9,0.0003296556755585,20210517T000000_9
AV.HAG..SH,2021-05-17T06:02:51.220000,S,0.674,1.0013737892222707e-06,-1,-1.0,20210517T000000_-1
AV.PS1A..BH,2021-05-17T00:00:00.020000,P,0.443,1.4226312714527012e-06,-1,-1.0,20210517T000000_-1
AV.PS1A..BH,2021-05-17T00:38:30.880000,P,0.524,2.1612627278955188e-06,2,0.0003296556755585,20210517T000000_2
AV.PS1A..BH,2021-05-17T04:38:28.300000,P,0.78,1.7143812556241755e-06,7,0.0036768800225011,20210517T000000_7
AV.PS1A..BH,2021-05-17T05:41:51.160000,P,0.572,1.9905430690414505e-06,9,0.0076478108101757,20210517T000000_9
AV.PS1A..BH,2021-05-17T06:02:28.920000,P,0.87,2.0412394405866507e-06,10,0.0036768800225011,20210517T000000_10
AV.PS1A..BH,2021-05-17T00:38:39.880000,S,0.305,2.198523816332454e-06,-1,-1.0,20210517T000000_-1
AV.PS1A..BH,2021-05-17T04:38:43.060000,S,0.569,1.7887629155666218e-06,7,0.0018195465044724,20210517T000000_7
AV.PS1A..BH,2021-05-17T05:41:55.860000,S,0.467,1.9905430690414505e-06,9,0.000212509919034,20210517T000000_9
AV.PS1A..BH,2021-05-17T06:02:49.120000,S,0.379,1.929713334902772e-06,11,0.000212509919034,20210517T000000_11
AV.PS4A..BH,2021-05-17T00:38:30.880000,P,0.341,1.803700911295892e-06,2,0.0076478108101757,20210517T000000_2
AV.PS4A..BH,2021-05-17T00:47:54.020000,P,0.55,2.045615474344231e-06,4,0.0003296556755585,20210517T000000_4
AV.PS4A..BH,2021-05-17T06:02:29.040000,P,0.898,1.6820953305796138e-06,10,0.0018195465044724,20210517T000000_10
AV.PS4A..BH,2021-05-17T00:52:46.520000,S,0.667,2.636686303958413e-06,5,0.0018195465044724,20210517T000000_5
AV.PS4A..BH,2021-05-17T03:27:46.960000,S,0.331,1.515948952146573e-06,6,0.0037699502343866,20210517T000000_6
AV.PS4A..BH,2021-05-17T06:02:49.460000,S,0.637,1.7807232097766246e-06,11,0.0036768800225011,20210517T000000_11
AV.PV6A..SH,2021-05-17T00:38:32.000000,P,0.753,8.277762617581175e-07,2,0.000212509919034,20210517T000000_2
AV.PV6A..SH,2021-05-17T00:42:46.840000,P,0.319,1.733801440195748e-07,-1,-1.0,20210517T000000_-1
AV.PV6A..SH,2021-05-17T00:47:42.240000,P,0.441,4.729850218154752e-07,3,0.0076478108101757,20210517T000000_3
AV.PV6A..SH,2021-05-17T04:38:30.800000,P,0.687,1.5416846110838378e-07,7,0.0034978816017653,20210517T000000_7
AV.PV6A..SH,2021-05-17T05:10:08.720000,P,0.558,2.054723182709495e-07,8,0.0003296556755585,20210517T000000_8
AV.PV6A..SH,2021-05-17T05:41:52.360000,P,0.509,9.282462087867316e-07,9,0.0036768800225011,20210517T000000_9
AV.PV6A..SH,2021-05-17T06:02:31.640000,P,0.863,4.944438956044905e-07,10,0.0034978816017653,20210517T000000_10
AV.PV6A..SH,2021-05-17T06:58:31.400000,P,0.731,1.9411660900914285e-07,-1,-1.0,20210517T000000_-1
AV.PV6A..SH,2021-05-17T00:38:39.400000,S,0.381,8.277762617581175e-07,2,0.0036768800225011,20210517T000000_2
AV.PV6A..SH,2021-05-17T00:47:48.080000,S,0.57,5.174341595193255e-07,3,0.000212509919034,20210517T000000_3
AV.PV6A..SH,2021-05-17T00:52:51.960000,S,0.324,2.913039338636736e-07,5,0.0034978816017653,20210517T000000_5
AV.PV6A..SH,2021-05-17T03:27:51.680000,S,0.383,2.348931360529605e-07,6,0.0003296556755585,20210517T000000_6
AV.PV6A..SH,2021-05-17T03:42:44.760000,S,0.451,1.4802647285705461e-07,-1,-1.0,20210517T000000_-1
AV.PV6A..SH,2021-05-17T04:38:47.360000,S,0.589,2.15952923099394e-07,-1,-1.0,20210517T000000_-1
AV.PV6A..SH,2021-05-17T05:10:35.840000,S,0.431,4.76293223528046e-07,-1,-1.0,20210517T000000_-1
AV.PV6A..SH,2021-05-17T05:42:00.000000,S,0.344,9.282462087867316e-07,9,0.0018195465044724,20210517T000000_9
AV.PV6A..SH,2021-05-17T06:02:52.780000,S,0.871,4.749066420117743e-07,11,0.0018195465044724,20210517T000000_11
AV.PVV..SH,2021-05-17T00:38:30.680000,P,0.886,5.502392923517618e-07,2,0.0018195465044724,20210517T000000_2
AV.PVV..SH,2021-05-17T00:47:40.720000,P,0.866,5.657366841660405e-07,3,0.0036768800225011,20210517T000000_3
AV.PVV..SH,2021-05-17T00:47:54.720000,P,0.531,4.519666845226311e-07,4,0.0076478108101757,20210517T000000_4
AV.PVV..SH,2021-05-17T00:52:35.440000,P,0.377,1.5383992035822305e-07,-1,-1.0,20210517T000000_-1
AV.PVV..SH,2021-05-17T03:27:44.300000,P,0.322,2.615722110022034e-07,6,0.0076478108101757,20210517T000000_6
AV.PVV..SH,2021-05-17T04:38:27.160000,P,0.969,3.209060253084317e-07,-1,-1.0,20210517T000000_-1
AV.PVV..SH,2021-05-17T05:10:06.720000,P,0.767,2.366985256685439e-07,8,0.0076478108101757,20210517T000000_8
AV.PVV..SH,2021-05-17T05:41:51.020000,P,0.801,7.860701316531049e-07,9,0.0034978816017653,20210517T000000_9
AV.PVV..SH,2021-05-17T06:02:28.620000,P,0.967,8.304786547341791e-07,10,0.0032579503892655,20210517T000000_10
AV.PVV..SH,2021-05-17T00:38:37.040000,S,0.622,5.502392923517618e-07,2,0.0034978816017653,20210517T000000_2
AV.PVV..SH,2021-05-17T00:47:47.600000,S,0.745,5.657366841660405e-07,3,0.0018195465044724,20210517T000000_3
AV.PVV..SH,2021-05-17T00:52:47.900000,S,0.499,4.794584356204723e-07,5,0.0032579503892655,20210517T000000_5
AV.PVV..SH,2021-05-17T03:27:50.460000,S,0.433,2.615722110022034e-07,6,0.000212509919034,20210517T000000_6
AV.PVV..SH,2021-05-17T04:38:41.940000,S,0.837,2.886387164835469e-07,7,0.0032579503892655,20210517T000000_7
AV.PVV..SH,2021-05-17T05:41:57.240000,S,0.487,7.860701316531049e-07,9,0.0032579503892655,20210517T000000_9
AV.PVV..SH,2021-05-17T06:02:47.840000,S,0.405,3.011134026564833e-07,-1,-1.0,20210517T000000_-1
AV.PVV..SH,2021-05-17T06:02:48.480000,S,0.325,3.1645811304770177e-07,11,0.0034978816017653,20210517T000000_11
AV.S12K..BH,2021-05-17T05:10:10.220000,P,0.799,6.43226428564958e-07,8,0.000212509919034,20210517T000000_8
AV.S12K..BH,2021-05-17T00:48:01.400000,S,0.335,1.1351419288985198e-06,4,0.000212509919034,20210517T000000_4
AV.S12K..BH,2021-05-17T05:10:37.880000,S,0.369,1.1060119504691102e-06,-1,-1.0,20210517T000000_-1
AV.S12K..BH,2021-05-17T06:02:58.240000,S,0.573,9.474752005189656e-07,11,0.0032579503892655,20210517T000000_11
AV.DEER..BH,2021-05-17T08:00:00.020000,P,0.451,5.896861807741516e-07,-1,-1.0,20210517T080000_-1
AV.DEER..BH,2021-05-17T08:24:38.180000,P,0.954,8.44097826302459e-07,2,0.0004283816320785,20210517T080000_2
AV.DEER..BH,2021-05-17T09:02:13.000000,P,0.937,9.18867158361536e-07,3,0.0004283816320785,20210517T080000_3
AV.DEER..BH,2021-05-17T10:19:18.500000,P,0.971,5.6309847423108295e-05,5,0.0004283816320785,20210517T080000_5
AV.DEER..BH,2021-05-17T12:52:02.540000,P,0.452,6.351591537168133e-07,8,0.0004283816320785,20210517T080000_8
AV.DEER..BH,2021-05-17T13:21:19.400000,P,0.942,6.959627398828161e-07,9,0.0004283816320785,20210517T080000_9
AV.DEER..BH,2021-05-17T13:22:08.680000,P,0.664,1.0857694405785878e-06,11,0.0004283816320785,20210517T080000_11
AV.DEER..BH,2021-05-17T14:57:13.000000,P,0.36,4.525636825292169e-07,-1,-1.0,20210517T080000_-1
AV.DEER..BH,2021-05-17T15:36:51.960000,P,0.642,5.916473924116872e-07,-1,-1.0,20210517T080000_-1
AV.DEER..BH,2021-05-17T08:24:48.180000,S,0.902,8.44097826302459e-07,2,0.00183834993785,20210517T080000_2
AV.DEER..BH,2021-05-17T09:02:21.620000,S,0.877,1.0763343425423957e-06,3,0.00183834993785,20210517T080000_3
AV.DEER..BH,2021-05-17T10:19:24.520000,S,0.952,5.6309847423108295e-05,5,0.00183834993785,20210517T080000_5
AV.DEER..BH,2021-05-17T10:37:19.840000,S,0.453,8.210910209527356e-07,-1,-1.0,20210517T080000_-1
AV.DEER..BH,2021-05-17T13:21:38.140000,S,0.682,1.4653201105829794e-06,10,0.0004283816320785,20210517T080000_10
AV.DEER..BH,2021-05-17T15:37:01.640000,S,0.362,6.401921268661681e-07,-1,-1.0,20210517T080000_-1
AV.DOL..BH,2021-05-17T08:00:00.020000,P,0.425,9.048301876646292e-07,-1,-1.0,20210517T080000_-1
AV.DOL..BH,2021-05-17T08:22:22.840000,P,0.362,7.94229549683223e-07,-1,-1.0,20210517T080000_-1
AV.DOL..BH,2021-05-17T08:24:38.760000,P,0.804,9.472817055211636e-07,2,0.0040917160163326,20210517T080000_2
AV.DOL..BH,2021-05-17T08:30:17.320000,P,0.47,1.0552164440014169e-06,-1,-1.0,20210517T080000_-1
AV.DOL..BH,2021-05-17T09:02:13.960000,P,0.837,8.827898341223772e-07,3,0.0040917160163326,20210517T080000_3
AV.DOL..BH,2021-05-17T10:19:19.160000,P,0.976,6.342012784443796e-05,5,0.0040917160163326,20210517T080000_5
AV.DOL..BH,2021-05-17T10:36:56.760000,P,0.318,8.616089530733007e-07,7,0.0004283816320785,20210517T080000_7
AV.DOL..BH,2021-05-17T11:30:22.380000,P,0.32,6.818926294727135e-07,-1,-1.0,20210517T080000_-1
AV.DOL..BH,2021-05-17T12:51:59.080000,P,0.892,7.468361218343489e-07,8,0.00183834993785,20210517T080000_8
AV.DOL..BH,2021-05-17T13:21:17.440000,P,0.932,1.9646181499410886e-06,9,0.00183834993785,20210517T080000_9
AV.DOL..BH,2021-05-17T13:22:13.980000,P,0.371,1.2259798722880078e-06,11,0.00183834993785,20210517T080000_11
AV.DOL..BH,2021-05-17T13:34:37.880000,P,0.508,6.549671525135636e-07,13,0.0004283816320785,20210517T080000_13
AV.DOL..BH,2021-05-17T14:22:41.640000,P,0.468,8.908740483093425e-07,-1,-1.0,20210517T080000_-1
AV.DOL..BH,2021-05-17T15:01:34.520000,P,0.302,4.032241918139335e-07,-1,-1.0,20210517T080000_-1
AV.DOL..BH,2021-05-17T15:01:35.160000,P,0.608,1.1796089438576018e-06,-1,-1.0,20210517T080000_-1
AV.DOL..BH,2021-05-17T15:10:46.620000,P,0.389,5.508301228474011e-07,-1,-1.0,20210517T080000_-1
AV.DOL..BH,2021-05-17T08:24:49.260000,S,0.732,8.082756721705664e-07,-1,-1.0,20210517T080000_-1
AV.DOL..BH,2021-05-17T08:30:31.080000,S,0.566,9.05272941054136e-07,-1,-1.0,20210517T080000_-1
AV.DOL..BH,2021-05-17T09:02:23.840000,S,0.581,1.103324848372722e-06,3,0.0074164382943614,20210517T080000_3
AV.DOL..BH,2021-05-17T10:19:25.720000,S,0.964,6.342012784443796e-05,5,0.0074164382943614,20210517T080000_5
AV.DOL..BH,2021-05-17T10:37:14.860000,S,0.886,2.301225549672381e-06,-1,-1.0,20210517T080000_-1
AV.DOL..BH,2021-05-17T10:48:25.120000,S,0.702,1.0605581337586043e-06,-1,-1.0,20210517T080000_-1
AV.DOL..BH,2021-05-17T11:22:47.800000,S,0.38,9.714158295537343e-07,-1,-1.0,20210517T080000_-1
AV.DOL..BH,2021-05-17T12:52:11.440000,S,0.631,1.3426702025753912e-06,8,0.0040917160163326,20210517T080000_8
AV.DOL..BH,2021-05-17T13:21:35.280000,S,0.509,5.502872681972804e-06,10,0.00183834993785,20210517T080000_10
AV.DOL..BH,2021-05-17T13:22:31.440000,S,0.818,3.809700274359784e-06,12,0.0004283816320785,20210517T080000_12
AV.DOL..BH,2021-05-17T13:34:55.840000,S,0.526,1.0646344890119508e-06,-1,-1.0,20210517T080000_-1
AV.DOL..BH,2021-05-17T15:01:40.500000,S,0.647,1.1796089438576018e-06,-1,-1.0,20210517T080000_-1
AV.DT1..BH,2021-05-17T08:24:39.420000,P,0.473,8.493516929775069e-07,2,0.0074164382943614,20210517T080000_2
AV.DT1..BH,2021-05-17T09:02:14.280000,P,0.859,6.712352274007571e-07,3,0.0043208524638137,20210517T080000_3
AV.DT1..BH,2021-05-17T10:19:19.780000,P,0.981,3.63179060514085e-05,5,0.0043208524638137,20210517T080000_5
AV.DT1..BH,2021-05-17T10:36:59.740000,P,0.756,5.878137017134577e-07,7,0.00183834993785,20210517T080000_7
AV.DT1..BH,2021-05-17T12:52:02.460000,P,0.609,7.647317943337839e-07,8,0.0074164382943614,20210517T080000_8
AV.DT1..BH,2021-05-17T12:57:26.140000,P,0.316,8.191095730580855e-07,-1,-1.0,20210517T080000_-1
AV.DT1..BH,2021-05-17T13:21:20.180000,P,0.967,1.5715949075456592e-06,9,0.0040917160163326,20210517T080000_9
AV.DT1..BH,2021-05-17T13:22:10.360000,P,0.942,1.002401177174761e-06,11,0.0040917160163326,20210517T080000_11
AV.DT1..BH,2021-05-17T13:50:33.180000,P,0.713,5.296032554724661e-07,-1,-1.0,20210517T080000_-1
AV.DT1..BH,2021-05-17T14:22:29.340000,P,0.668,5.096447921459912e-07,14,0.0004283816320785,20210517T080000_14
AV.DT1..BH,2021-05-17T08:24:50.540000,S,0.788,8.493516929775069e-07,2,0.0043208524638137,20210517T080000_2
AV.DT1..BH,2021-05-17T09:02:23.880000,S,0.773,7.266864940902451e-07,3,0.0041697464718329,20210517T080000_3
AV.DT1..BH,2021-05-17T10:19:26.620000,S,0.955,3.63179060514085e-05,5,0.0041697464718329,20210517T080000_5
AV.DT1..BH,2021-05-17T10:37:19.840000,S,0.575,1.093623382075748e-06,-1,-1.0,20210517T080000_-1
AV.DT1..BH,2021-05-17T12:52:17.580000,S,0.702,8.311825467899325e-07,-1,-1.0,20210517T080000_-1
AV.DT1..BH,2021-05-17T13:21:40.160000,S,0.545,2.3516035980719607e-06,10,0.0040917160163326,20210517T080000_10
AV.DT1..BH,2021-05-17T13:22:25.620000,S,0.801,2.206408453275799e-06,12,0.00183834993785,20210517T080000_12
AV.DT1..BH,2021-05-17T14:22:34.940000,S,0.672,4.528542660864332e-07,14,0.00183834993785,20210517T080000_14
AV.DTN..BH,2021-05-17T08:24:40.720000,P,0.702,1.1639634749371908e-06,2,0.0041697464718329,20210517T080000_2
AV.DTN..BH,2021-05-17T08:30:14.680000,P,0.86,1.0031214969785651e-06,-1,-1.0,20210517T080000_-1
AV.DTN..BH,2021-05-17T09:02:15.020000,P,0.588,1.5527475625276566e-06,3,0.0012772535088379,20210517T080000_3
AV.DTN..BH,2021-05-17T10:19:20.480000,P,0.967,1.4695940080855507e-05,5,0.0012772535088379,20210517T080000_5
AV.DTN..BH,2021-05-17T10:36:59.920000,P,0.621,1.301369024986343e-06,7,0.0040917160163326,20210517T080000_7
AV.DTN..BH,2021-05-17T10:48:10.080000,P,0.621,1.1801786286014249e-06,-1,-1.0,20210517T080000_-1
AV.DTN..BH,2021-05-17T12:52:02.600000,P,0.697,9.290322964261576e-07,8,0.0043208524638137,20210517T080000_8
AV.DTN..BH,2021-05-17T12:57:27.080000,P,0.567,8.656284080643672e-07,-1,-1.0,20210517T080000_-1
AV.DTN..BH,2021-05-17T13:21:20.440000,P,0.972,1.64437960847863e-06,9,0.0074164382943614,20210517T080000_9
AV.DTN..BH,2021-05-17T13:22:11.120000,P,0.867,1.3477462061928236e-06,11,0.0074164382943614,20210517T080000_11
AV.DTN..BH,2021-05-17T13:34:41.080000,P,0.39,9.083142913368648e-07,13,0.00183834993785,20210517T080000_13
AV.DTN..BH,2021-05-17T14:22:29.560000,P,0.414,1.257681219613005e-06,14,0.0040917160163326,20210517T080000_14
AV.DTN..BH,2021-05-17T15:10:49.580000,P,0.369,7.553793466286152e-07,-1,-1.0,20210517T080000_-1
AV.DTN..BH,2021-05-17T08:24:51.240000,S,0.405,1.2290591939745354e-06,2,0.0012772535088379,20210517T080000_2
AV.DTN..BH,2021-05-17T10:19:27.780000,S,0.918,1.4695940080855507e-05,5,4.135129666883903e-06,20210517T080000_5
AV.DTN..BH,2021-05-17T10:37:22.300000,S,0.437,2.7602607133303536e-06,-1,-1.0,20210517T080000_-1
AV.DTN..BH,2021-05-17T11:30:27.000000,S,0.313,1.2884635225418606e-06,-1,-1.0,20210517T080000_-1
AV.DTN..BH,2021-05-17T13:21:40.480000,S,0.749,3.367938688825234e-06,10,0.0074164382943614,20210517T080000_10
AV.DTN..BH,2021-05-17T13:22:26.960000,S,0.733,2.214873802586226e-06,12,0.0040917160163326,20210517T080000_12
AV.DTN..BH,2021-05-17T14:22:36.020000,S,0.382,1.1409242688387169e-06,14,0.0074164382943614,20210517T080000_14
AV.HAG..SH,2021-05-17T08:16:35.780000,P,0.785,6.694860985589912e-07,1,0.0004283816320785,20210517T080000_1
AV.HAG..SH,2021-05-17T08:17:28.440000,P,0.391,1.370556077517904e-07,-1,-1.0,20210517T080000_-1
AV.HAG..SH,2021-05-17T09:02:17.040000,P,0.674,2.388643736139784e-07,3,4.135129666883903e-06,20210517T080000_3
AV.HAG..SH,2021-05-17T10:19:22.360000,P,0.978,1.039021026372211e-05,5,2.861555257394443e-07,20210517T080000_5
AV.HAG..SH,2021-05-17T10:36:59.180000,P,0.9,4.608134247519047e-07,7,0.0074164382943614,20210517T080000_7
AV.HAG..SH,2021-05-17T10:49:22.280000,P,0.334,1.0464680855193365e-07,-1,-1.0,20210517T080000_-1
AV.HAG..SH,2021-05-17T12:52:00.600000,P,0.97,2.8131020712862664e-07,8,0.0041697464718329,20210517T080000_8
AV.HAG..SH,2021-05-17T12:57:31.480000,P,0.904,1.9264049910816539e-07,-1,-1.0,20210517T080000_-1
AV.HAG..SH,2021-05-17T13:21:19.740000,P,0.982,2.977599024234223e-06,9,0.0043208524638137,20210517T080000_9
AV.HAG..SH,2021-05-17T13:22:16.240000,P,0.924,7.294992201423156e-07,11,0.0043208524638137,20210517T080000_11
AV.HAG..SH,2021-05-17T13:34:40.760000,P,0.627,2.288918921067307e-07,13,0.0040917160163326,20210517T080000_13
AV.HAG..SH,2021-05-17T13:51:12.600000,P,0.301,1.7608140012725928e-07,-1,-1.0,20210517T080000_-1
AV.HAG..SH,2021-05-17T14:35:28.280000,P,0.483,3.704138862303809e-07,-1,-1.0,20210517T080000_-1
AV.HAG..SH,2021-05-17T14:38:32.820000,P,0.895,3.305559914679179e-07,-1,-1.0,20210517T080000_-1
AV.HAG..SH,2021-05-17T15:01:30.600000,P,0.948,1.217383783114201e-06,-1,-1.0,20210517T080000_-1
AV.HAG..SH,2021-05-17T08:16:39.280000,S,0.46,3.531062588990608e-07,-1,-1.0,20210517T080000_-1
AV.HAG..SH,2021-05-17T08:16:41.080000,S,0.317,6.694860985589912e-07,1,0.00183834993785,20210517T080000_1
AV.HAG..SH,2021-05-17T09:02:29.680000,S,0.557,3.439664340021409e-07,-1,-1.0,20210517T080000_-1
AV.HAG..SH,2021-05-17T10:19:32.300000,S,0.673,1.039021026372211e-05,6,0.0004283816320785,20210517T080000_6
AV.HAG..SH,2021-05-17T10:37:19.880000,S,0.435,8.622018867754377e-07,-1,-1.0,20210517T080000_-1
AV.HAG..SH,2021-05-17T10:48:31.820000,S,0.54,3.203451512945321e-07,-1,-1.0,20210517T080000_-1
AV.HAG..SH,2021-05-17T12:52:14.300000,S,0.659,4.789229706148035e-07,8,0.0012772535088379,20210517T080000_8
AV.HAG..SH,2021-05-17T13:21:41.280000,S,0.395,2.954884848804795e-06,-1,-1.0,20210517T080000_-1
AV.HAG..SH,2021-05-17T13:22:34.060000,S,0.399,9.488525165579632e-07,12,0.0074164382943614,20210517T080000_12
AV.HAG..SH,2021-05-17T13:35:01.280000,S,0.388,3.3169226298923604e-07,-1,-1.0,20210517T080000_-1
AV.HAG..SH,2021-05-17T14:35:32.840000,S,0.374,3.704138862303809e-07,-1,-1.0,20210517T080000_-1
AV.HAG..SH,2021-05-17T14:38:54.840000,S,0.346,5.425878839560028e-07,-1,-1.0,20210517T080000_-1
AV.HAG..SH,2021-05-17T15:01:35.280000,S,0.774,1.217383783114201e-06,-1,-1.0,20210517T080000_-1
AV.PN7A..BH,2021-05-17T08:16:35.100000,P,0.818,3.453719500612351e-06,1,0.0040917160163326,20210517T080000_1
AV.PN7A..BH,2021-05-17T09:36:45.180000,P,0.873,1.2638874977710657e-06,4,0.0004283816320785,20210517T080000_4
AV.PN7A..BH,2021-05-17T10:19:24.760000,P,0.955,1.267136894966825e-06,5,0.0034182897833349,20210517T080000_5
AV.PN7A..BH,2021-05-17T12:57:41.480000,P,0.36,1.0191789669988791e-06,-1,-1.0,20210517T080000_-1
AV.PN7A..BH,2021-05-17T13:21:21.960000,P,0.845,1.4846801832391066e-06,9,0.0041697464718329,20210517T080000_9
AV.PN7A..BH,2021-05-17T14:35:24.480000,P,0.318,1.2476507436076645e-06,-1,-1.0,20210517T080000_-1
AV.PN7A..BH,2021-05-17T15:01:30.020000,P,0.789,3.995179667981574e-06,-1,-1.0,20210517T080000_-1
AV.PN7A..BH,2021-05-17T10:19:36.440000,S,0.761,1.845638962549856e-06,6,0.00183834993785,20210517T080000_6
AV.PN7A..BH,2021-05-17T12:57:44.640000,S,0.362,1.0191789669988791e-06,-1,-1.0,20210517T080000_-1
AV.PN7A..BH,2021-05-17T15:01:32.400000,S,0.319,3.995179667981574e-06,-1,-1.0,20210517T080000_-1
AV.PS1A..BH,2021-05-17T08:16:35.500000,P,0.852,2.9285686196089955e-06,1,0.0074164382943614,20210517T080000_1
AV.PS1A..BH,2021-05-17T10:19:23.720000,P,0.961,1.8785133306664648e-06,5,0.0070841125772537,20210517T080000_5
AV.PS1A..BH,2021-05-17T11:22:32.700000,P,0.363,1.3120780977260438e-06,-1,-1.0,20210517T080000_-1
AV.PS1A..BH,2021-05-17T12:51:59.960000,P,0.751,1.1002484825439751e-06,8,4.135129666883903e-06,20210517T080000_8
AV.PS1A..BH,2021-05-17T13:21:19.400000,P,0.791,1.89304785180866e-06,9,0.0012772535088379,20210517T080000_9
AV.PS1A..BH,2021-05-17T14:38:33.000000,P,0.781,1.5814462130947504e-06,-1,-1.0,20210517T080000_-1
AV.PS1A..BH,2021-05-17T15:01:30.280000,P,0.974,2.999654725499568e-06,-1,-1.0,20210517T080000_-1
AV.PS1A..BH,2021-05-17T10:19:33.280000,S,0.322,2.765836597973248e-06,5,0.0122342848416984,20210517T080000_5
AV.PS1A..BH,2021-05-17T12:52:12.820000,S,0.431,1.7284341993217822e-06,8,2.861555257394443e-07,20210517T080000_8
AV.PS1A..BH,2021-05-17T13:21:39.280000,S,0.414,2.317344296898227e-06,-1,-1.0,20210517T080000_-1
AV.PS1A..BH,2021-05-17T13:21:39.920000,S,0.456,3.396364718355472e-06,10,0.0043208524638137,20210517T080000_10
AV.PS1A..BH,2021-05-17T15:01:33.560000,S,0.35,3.532282335072523e-06,-1,-1.0,20210517T080000_-1
AV.PS4A..BH,2021-05-17T08:16:35.420000,P,0.587,2.8086417387385154e-06,1,0.0043208524638137,20210517T080000_1
AV.PS4A..BH,2021-05-17T09:36:45.560000,P,0.813,1.9210842765460256e-06,4,0.00183834993785,20210517T080000_4
AV.PS4A..BH,2021-05-17T10:19:22.620000,P,0.936,1.4764864317839964e-05,5,7.704928591701184e-05,20210517T080000_5
AV.PS4A..BH,2021-05-17T13:21:19.800000,P,0.841,2.2853168957226444e-06,9,4.135129666883903e-06,20210517T080000_9
AV.PS4A..BH,2021-05-17T14:35:21.480000,P,0.344,1.9397584765101783e-06,-1,-1.0,20210517T080000_-1
AV.PS4A..BH,2021-05-17T15:01:29.960000,P,0.924,3.92504125557025e-06,-1,-1.0,20210517T080000_-1
AV.PS4A..BH,2021-05-17T08:16:37.260000,S,0.548,2.8086417387385154e-06,-1,-1.0,20210517T080000_-1
AV.PS4A..BH,2021-05-17T09:36:47.400000,S,0.496,1.9210842765460256e-06,4,0.0040917160163326,20210517T080000_4
AV.PS4A..BH,2021-05-17T10:19:32.000000,S,0.787,1.4764864317839964e-05,5,0.0010720706547238,20210517T080000_5
AV.PS4A..BH,2021-05-17T13:21:39.280000,S,0.561,4.782066298503196e-06,10,0.0041697464718329,20210517T080000_10
AV.PS4A..BH,2021-05-17T15:01:32.560000,S,0.636,3.92504125557025e-06,-1,-1.0,20210517T080000_-1
AV.PV6A..SH,2021-05-17T08:16:36.440000,P,0.874,1.208252797368914e-06,1,0.0041697464718329,20210517T080000_1
AV.PV6A..SH,2021-05-17T09:36:47.440000,P,0.709,1.7109630334743997e-07,4,0.0074164382943614,20210517T080000_4
AV.PV6A..SH,2021-05-17T10:19:26.020000,P,0.868,1.009168499876978e-06,5,1.754508997636919e-07,20210517T080000_5
AV.PV6A..SH,2021-05-17T10:37:02.040000,P,0.938,4.113371687708424e-07,7,0.0043208524638137,20210517T080000_7
AV.PV6A..SH,2021-05-17T10:48:13.020000,P,0.824,1.690260376108199e-07,-1,-1.0,20210517T080000_-1
AV.PV6A..SH,2021-05-17T12:52:03.400000,P,0.446,1.4126048597518093e-07,8,0.0034182897833349,20210517T080000_8
AV.PV6A..SH,2021-05-17T12:52:04.720000,P,0.382,1.05904945257862e-07,-1,-1.0,20210517T080000_-1
AV.PV6A..SH,2021-05-17T12:52:16.960000,P,0.313,3.268480952556274e-07,-1,-1.0,20210517T080000_-1
AV.PV6A..SH,2021-05-17T13:21:22.400000,P,0.849,1.628768814043724e-06,9,2.861555257394443e-07,20210517T080000_9
AV.PV6A..SH,2021-05-17T13:34:42.960000,P,0.698,1.5362820704467597e-07,13,0.0074164382943614,20210517T080000_13
AV.PV6A..SH,2021-05-17T14:34:15.080000,P,0.336,1.1448851466866473e-07,-1,-1.0,20210517T080000_-1
AV.PV6A..SH,2021-05-17T14:35:28.140000,P,0.353,3.276040558830573e-07,-1,-1.0,20210517T080000_-1
AV.PV6A..SH,2021-05-17T14:38:35.700000,P,0.942,2.3320065167808934e-07,-1,-1.0,20210517T080000_-1
AV.PV6A..SH,2021-05-17T15:01:31.100000,P,0.872,2.2007197912898846e-06,-1,-1.0,20210517T080000_-1
AV.PV6A..SH,2021-05-17T08:16:42.600000,S,0.341,1.208252797368914e-06,1,0.0012772535088379,20210517T080000_1
AV.PV6A..SH,2021-05-17T09:36:50.480000,S,0.418,1.7109630334743997e-07,4,0.0043208524638137,20210517T080000_4
AV.PV6A..SH,2021-05-17T10:19:38.100000,S,0.714,9.918401246977735e-07,6,0.0040917160163326,20210517T080000_6
AV.PV6A..SH,2021-05-17T10:37:26.200000,S,0.445,4.743873205370619e-07,-1,-1.0,20210517T080000_-1
AV.PV6A..SH,2021-05-17T10:48:36.960000,S,0.346,1.823677706624949e-07,-1,-1.0,20210517T080000_-1
AV.PV6A..SH,2021-05-17T11:22:58.720000,S,0.698,1.9498659753480757e-07,-1,-1.0,20210517T080000_-1
AV.PV6A..SH,2021-05-17T11:55:44.760000,S,0.358,1.458699756540227e-07,-1,-1.0,20210517T080000_-1
AV.PV6A..SH,2021-05-17T12:52:17.280000,S,0.553,3.268480952556274e-07,8,0.0070841125772537,20210517T080000_8
AV.PV6A..SH,2021-05-17T13:21:44.160000,S,0.732,1.8806990738085003e-06,10,0.0012772535088379,20210517T080000_10
AV.PV6A..SH,2021-05-17T13:35:04.280000,S,0.557,1.473354558356732e-07,-1,-1.0,20210517T080000_-1
AV.PV6A..SH,2021-05-17T14:38:42.500000,S,0.608,2.3320065167808934e-07,-1,-1.0,20210517T080000_-1
AV.PV6A..SH,2021-05-17T14:38:58.440000,S,0.371,3.291186203568941e-07,-1,-1.0,20210517T080000_-1
AV.PV6A..SH,2021-05-17T15:01:37.200000,S,0.571,2.2007197912898846e-06,-1,-1.0,20210517T080000_-1
AV.PVV..SH,2021-05-17T08:16:35.100000,P,0.837,5.601550014944223e-07,1,4.135129666883903e-06,20210517T080000_1
AV.PVV..SH,2021-05-17T09:36:46.000000,P,0.806,1.9424085451191786e-07,4,0.0041697464718329,20210517T080000_4
AV.PVV..SH,2021-05-17T10:19:22.860000,P,0.98,3.525488182276604e-06,5,0.0004036855229248,20210517T080000_5
AV.PVV..SH,2021-05-17T10:36:59.360000,P,0.381,2.793538840251131e-07,7,0.0041697464718329,20210517T080000_7
AV.PVV..SH,2021-05-17T12:51:59.660000,P,0.752,1.5463318447928034e-07,8,0.0122342848416984,20210517T080000_8
AV.PVV..SH,2021-05-17T12:57:41.600000,P,0.619,1.978416719339293e-07,-1,-1.0,20210517T080000_-1
AV.PVV..SH,2021-05-17T12:58:11.400000,P,0.322,1.5762877580982606e-07,-1,-1.0,20210517T080000_-1
AV.PVV..SH,2021-05-17T13:21:19.260000,P,0.982,1.531576913293975e-06,9,0.0034182897833349,20210517T080000_9
AV.PVV..SH,2021-05-17T13:34:39.980000,P,0.413,1.545753036680253e-07,13,0.0043208524638137,20210517T080000_13
AV.PVV..SH,2021-05-17T14:35:23.760000,P,0.422,3.5574254297898733e-07,-1,-1.0,20210517T080000_-1
AV.PVV..SH,2021-05-17T14:35:42.380000,P,0.427,3.087015159053408e-07,-1,-1.0,20210517T080000_-1
AV.PVV..SH,2021-05-17T14:38:32.920000,P,0.602,2.115700539206955e-07,-1,-1.0,20210517T080000_-1
AV.PVV..SH,2021-05-17T15:01:29.880000,P,0.957,1.968310925803962e-06,-1,-1.0,20210517T080000_-1
AV.PVV..SH,2021-05-17T08:16:41.480000,S,0.343,5.601550014944223e-07,1,2.861555257394443e-07,20210517T080000_1
AV.PVV..SH,2021-05-17T09:36:48.620000,S,0.686,1.9424085451191786e-07,4,0.0012772535088379,20210517T080000_4
AV.PVV..SH,2021-05-17T09:54:41.800000,S,0.354,1.1916866782257785e-07,-1,-1.0,20210517T080000_-1
AV.PVV..SH,2021-05-17T10:19:32.620000,S,0.747,3.525488182276604e-06,5,7.186318223420194e-05,20210517T080000_5
AV.PVV..SH,2021-05-17T12:52:13.120000,S,0.53,2.823817055741529e-07,8,7.704928591701184e-05,20210517T080000_8
AV.PVV..SH,2021-05-17T13:21:39.520000,S,0.301,9.383541055285604e-07,10,4.135129666883903e-06,20210517T080000_10
AV.PVV..SH,2021-05-17T14:35:30.080000,S,0.33,3.5574254297898733e-07,-1,-1.0,20210517T080000_-1
AV.PVV..SH,2021-05-17T14:35:44.940000,S,0.642,3.087015159053408e-07,-1,-1.0,20210517T080000_-1
AV.PVV..SH,2021-05-17T15:01:36.080000,S,0.585,1.968310925803962e-06,-1,-1.0,20210517T080000_-1
AV.S12K..BH,2021-05-17T10:19:29.200000,P,0.967,9.2151503849891e-07,5,0.0052128154610698,20210517T080000_5
AV.S12K..BH,2021-05-17T10:37:03.900000,P,0.713,6.416134397113638e-07,7,0.0012772535088379,20210517T080000_7
AV.S12K..BH,2021-05-17T13:21:24.980000,P,0.945,1.3587875855591849e-06,9,0.0070841125772537,20210517T080000_9
AV.S12K..BH,2021-05-17T13:22:20.440000,P,0.301,7.177155225690512e-07,11,0.0041697464718329,20210517T080000_11
AV.S12K..BH,2021-05-17T14:38:37.740000,P,0.682,5.030214538237487e-07,-1,-1.0,20210517T080000_-1
AV.S12K..BH,2021-05-17T10:19:46.180000,S,0.928,5.906699243496405e-06,6,0.0074164382943614,20210517T080000_6
AV.S12K..BH,2021-05-17T10:37:29.400000,S,0.31,9.506594551567104e-07,-1,-1.0,20210517T080000_-1
AV.S12K..BH,2021-05-17T13:21:49.080000,S,0.404,2.414496748315287e-06,10,2.861555257394443e-07,20210517T080000_10
AV.S12K..BH,2021-05-17T13:22:38.840000,S,0.608,9.052789096131164e-07,12,0.0043208524638137,20210517T080000_12
AV.S12K..BH,2021-05-17T14:39:03.880000,S,0.306,6.76209367611591e-07,-1,-1.0,20210517T080000_-1
AV.DEER..BH,2021-05-17T16:53:32.220000,P,0.9,6.54813447908964e-07,5,0.0075783433980511,20210517T160000_5
AV.DEER..BH,2021-05-17T19:28:29.180000,P,0.964,6.919992756593274e-07,-1,-1.0,20210517T160000_-1
AV.DEER..BH,2021-05-17T20:27:53.260000,P,0.371,3.843287004201557e-07,-1,-1.0,20210517T160000_-1
AV.DEER..BH,2021-05-17T20:27:53.900000,P,0.545,1.5331678469010512e-06,13,0.0075783433980511,20210517T160000_13
AV.DEER..BH,2021-05-17T21:59:50.380000,P,0.865,4.854553594668687e-07,15,0.0075783433980511,20210517T160000_15
AV.DEER..BH,2021-05-17T23:49:47.980000,P,0.365,3.652036468793085e-07,16,0.0075783433980511,20210517T160000_16
AV.DEER..BH,2021-05-17T16:11:25.280000,S,0.602,8.316353614645777e-07,-1,-1.0,20210517T160000_-1
AV.DEER..BH,2021-05-17T16:53:40.360000,S,0.572,7.001788162597222e-07,5,0.0009800077341147,20210517T160000_5
AV.DEER..BH,2021-05-17T18:31:33.740000,S,0.72,5.118054673403094e-07,-1,-1.0,20210517T160000_-1
AV.DEER..BH,2021-05-17T19:02:50.120000,S,0.385,3.827032344361214e-07,-1,-1.0,20210517T160000_-1
AV.DEER..BH,2021-05-17T19:28:39.000000,S,0.79,6.919992756593274e-07,12,0.0075783433980511,20210517T160000_12
AV.DEER..BH,2021-05-17T20:28:06.840000,S,0.596,2.6459094897290925e-06,14,0.0075783433980511,20210517T160000_14
AV.DEER..BH,2021-05-17T21:59:59.120000,S,0.812,4.854553594668687e-07,15,0.0009800077341147,20210517T160000_15
AV.DOL..BH,2021-05-17T16:11:04.540000,P,0.949,9.1984645678167e-07,1,0.0075783433980511,20210517T160000_1
AV.DOL..BH,2021-05-17T16:53:35.020000,P,0.933,5.868910193385091e-07,5,0.0005696361292963,20210517T160000_5
AV.DOL..BH,2021-05-17T16:59:48.040000,P,0.94,1.0907205023613642e-06,6,0.0075783433980511,20210517T160000_6
AV.DOL..BH,2021-05-17T17:07:46.460000,P,0.317,6.345886731651262e-07,-1,-1.0,20210517T160000_-1
AV.DOL..BH,2021-05-17T17:13:35.660000,P,0.319,5.961769602436107e-07,-1,-1.0,20210517T160000_-1
AV.DOL..BH,2021-05-17T17:14:51.560000,P,0.875,5.038182848693395e-07,8,0.0075783433980511,20210517T160000_8
AV.DOL..BH,2021-05-17T17:17:54.600000,P,0.355,5.736293928748637e-07,-1,-1.0,20210517T160000_-1
AV.DOL..BH,2021-05-17T17:18:09.960000,P,0.607,9.090779258258408e-07,-1,-1.0,20210517T160000_-1
AV.DOL..BH,2021-05-17T17:37:52.700000,P,0.368,6.304674684542988e-07,-1,-1.0,20210517T160000_-1
AV.DOL..BH,2021-05-17T17:57:45.640000,P,0.785,7.251451279444154e-07,11,0.0075783433980511,20210517T160000_11
AV.DOL..BH,2021-05-17T19:28:34.360000,P,0.928,7.124826879589818e-07,12,0.0009800077341147,20210517T160000_12
AV.DOL..BH,2021-05-17T19:35:46.060000,P,0.953,7.140992579479644e-07,-1,-1.0,20210517T160000_-1
AV.DOL..BH,2021-05-17T20:27:57.480000,P,0.755,5.547733962885104e-06,13,0.0009800077341147,20210517T160000_13
AV.DOL..BH,2021-05-17T21:15:41.100000,P,0.545,5.641182951876544e-07,-1,-1.0,20210517T160000_-1
AV.DOL..BH,2021-05-17T21:17:25.240000,P,0.626,5.006375545235642e-07,-1,-1.0,20210517T160000_-1
AV.DOL..BH,2021-05-17T21:59:50.820000,P,0.917,9.2546497398871e-07,15,0.0005696361292963,20210517T160000_15
AV.DOL..BH,2021-05-17T22:10:20.220000,P,0.332,4.801199793291744e-07,-1,-1.0,20210517T160000_-1
AV.DOL..BH,2021-05-17T22:10:26.680000,P,0.424,5.693094635716989e-07,-1,-1.0,20210517T160000_-1
AV.DOL..BH,2021-05-17T22:19:22.680000,P,0.598,4.474167099033366e-07,-1,-1.0,20210517T160000_-1
AV.DOL..BH,2021-05-17T22:36:23.180000,P,0.737,4.683182908138406e-07,-1,-1.0,20210517T160000_-1
AV.DOL..BH,2021-05-17T23:49:43.960000,P,0.759,4.64027237967457e-07,16,0.0009800077341147,20210517T160000_16
AV.DOL..BH,2021-05-17T16:11:22.320000,S,0.681,2.652966941241175e-06,-1,-1.0,20210517T160000_-1
AV.DOL..BH,2021-05-17T16:53:45.180000,S,0.787,5.868910193385091e-07,5,0.0015071199717605,20210517T160000_5
AV.DOL..BH,2021-05-17T17:00:05.660000,S,0.734,2.6412237730255583e-06,-1,-1.0,20210517T160000_-1
AV.DOL..BH,2021-05-17T17:15:09.440000,S,0.735,1.1707198837029864e-06,9,0.0075783433980511,20210517T160000_9
AV.DOL..BH,2021-05-17T17:18:27.580000,S,0.608,6.896905233588768e-07,-1,-1.0,20210517T160000_-1
AV.DOL..BH,2021-05-17T17:57:54.760000,S,0.505,5.41389169939066e-07,11,0.0009800077341147,20210517T160000_11
AV.DOL..BH,2021-05-17T18:31:31.880000,S,0.568,6.190177828102605e-07,-1,-1.0,20210517T160000_-1
AV.DOL..BH,2021-05-17T19:28:48.220000,S,0.842,1.4155002645566128e-06,-1,-1.0,20210517T160000_-1
AV.DOL..BH,2021-05-17T19:36:05.420000,S,0.737,7.526532499468885e-07,-1,-1.0,20210517T160000_-1
AV.DOL..BH,2021-05-17T20:28:00.440000,S,0.422,5.547733962885104e-06,13,0.0005696361292963,20210517T160000_13
AV.DOL..BH,2021-05-17T21:15:58.760000,S,0.422,5.560526687986567e-07,-1,-1.0,20210517T160000_-1
AV.DOL..BH,2021-05-17T21:17:43.540000,S,0.463,7.381946716122911e-07,-1,-1.0,20210517T160000_-1
AV.DOL..BH,2021-05-17T21:26:17.800000,S,0.497,5.597262884293741e-07,-1,-1.0,20210517T160000_-1
AV.DOL..BH,2021-05-17T21:59:59.340000,S,0.891,9.2546497398871e-07,15,0.0015071199717605,20210517T160000_15
AV.DOL..BH,2021-05-17T22:19:41.760000,S,0.567,5.898318704566918e-07,-1,-1.0,20210517T160000_-1
AV.DOL..BH,2021-05-17T22:36:36.980000,S,0.571,5.623475090033025e-07,-1,-1.0,20210517T160000_-1
AV.DOL..BH,2021-05-17T23:45:39.520000,S,0.461,3.958999457154278e-07,-1,-1.0,20210517T160000_-1
AV.DOL..BH,2021-05-17T23:49:56.540000,S,0.871,8.781271390034817e-07,17,0.0075783433980511,20210517T160000_17
AV.DT1..BH,2021-05-17T16:11:07.260000,P,0.951,8.378222560168069e-07,1,0.0009800077341147,20210517T160000_1
AV.DT1..BH,2021-05-17T16:53:33.280000,P,0.839,3.971821911363804e-07,5,0.0015229882524443,20210517T160000_5
AV.DT1..BH,2021-05-17T16:59:50.740000,P,0.948,9.973622354664258e-07,6,0.0009800077341147,20210517T160000_6
AV.DT1..BH,2021-05-17T17:14:54.320000,P,0.828,6.156406016089022e-07,8,0.0009800077341147,20210517T160000_8
AV.DT1..BH,2021-05-17T17:57:47.240000,P,0.695,5.423761990641651e-07,11,0.0005696361292963,20210517T160000_11
AV.DT1..BH,2021-05-17T19:28:30.800000,P,0.832,9.006314485304756e-07,12,0.0005696361292963,20210517T160000_12
AV.DT1..BH,2021-05-17T20:27:53.560000,P,0.535,1.8519149591611495e-07,-1,-1.0,20210517T160000_-1
AV.DT1..BH,2021-05-17T20:27:54.360000,P,0.448,1.8804839783115312e-06,13,0.0015071199717605,20210517T160000_13
AV.DT1..BH,2021-05-17T21:59:51.340000,P,0.973,1.1173341363246436e-06,15,0.0015229882524443,20210517T160000_15
AV.DT1..BH,2021-05-17T23:49:47.200000,P,0.62,3.849949052892043e-07,16,0.0005696361292963,20210517T160000_16
AV.DT1..BH,2021-05-17T16:11:27.260000,S,0.586,1.1924743148483683e-06,2,0.0075783433980511,20210517T160000_2
AV.DT1..BH,2021-05-17T16:53:42.040000,S,0.767,3.971821911363804e-07,5,0.0002355321350854,20210517T160000_5
AV.DT1..BH,2021-05-17T17:00:10.800000,S,0.785,1.2350508313829778e-06,-1,-1.0,20210517T160000_-1
AV.DT1..BH,2021-05-17T17:15:14.400000,S,0.488,6.986966809563455e-07,9,0.0009800077341147,20210517T160000_9
AV.DT1..BH,2021-05-17T17:57:57.660000,S,0.589,3.871279545819562e-07,11,0.0015071199717605,20210517T160000_11
AV.DT1..BH,2021-05-17T19:28:41.940000,S,0.834,9.006314485304756e-07,12,0.0015071199717605,20210517T160000_12
AV.DT1..BH,2021-05-17T22:00:00.380000,S,0.931,1.1173341363246436e-06,15,0.0002355321350854,20210517T160000_15
AV.DTN..BH,2021-05-17T16:11:07.580000,P,0.857,1.4552308584825369e-06,1,0.0005696361292963,20210517T160000_1
AV.DTN..BH,2021-05-17T16:53:33.820000,P,0.866,8.224893122132926e-07,5,0.0001566308395602,20210517T160000_5
AV.DTN..BH,2021-05-17T16:59:50.980000,P,0.935,9.6587837106199e-07,6,0.0005696361292963,20210517T160000_6
AV.DTN..BH,2021-05-17T17:14:54.520000,P,0.36,9.007662811200134e-07,8,0.0005696361292963,20210517T160000_8
AV.DTN..BH,2021-05-17T17:17:57.800000,P,0.609,7.666593546673539e-07,-1,-1.0,20210517T160000_-1
AV.DTN..BH,2021-05-17T17:57:47.820000,P,0.522,7.100479706423357e-07,11,0.0015229882524443,20210517T160000_11
AV.DTN..BH,2021-05-17T19:28:31.640000,P,0.802,8.620974085715716e-07,12,0.0015229882524443,20210517T160000_12
AV.DTN..BH,2021-05-17T19:35:48.920000,P,0.751,6.415979214580148e-07,-1,-1.0,20210517T160000_-1
AV.DTN..BH,2021-05-17T20:27:55.400000,P,0.708,2.307409658897086e-06,13,0.0015229882524443,20210517T160000_13
AV.DTN..BH,2021-05-17T20:28:12.520000,P,0.322,3.776798166654771e-06,-1,-1.0,20210517T160000_-1
AV.DTN..BH,2021-05-17T21:17:29.000000,P,0.698,6.176857709760952e-07,-1,-1.0,20210517T160000_-1
AV.DTN..BH,2021-05-17T21:21:36.140000,P,0.669,6.899330742271559e-07,-1,-1.0,20210517T160000_-1
AV.DTN..BH,2021-05-17T21:59:51.820000,P,0.877,7.434015287799411e-07,15,0.0001566308395602,20210517T160000_15
AV.DTN..BH,2021-05-17T23:49:47.180000,P,0.653,6.705299711029511e-07,16,0.0015071199717605,20210517T160000_16
AV.DTN..BH,2021-05-17T16:11:27.540000,S,0.529,1.8506993910705205e-06,2,0.0009800077341147,20210517T160000_2
AV.DTN..BH,2021-05-17T16:53:43.060000,S,0.67,8.07655510470795e-07,5,0.0061560785993139,20210517T160000_5
AV.DTN..BH,2021-05-17T17:00:11.360000,S,0.493,2.142258836101973e-06,-1,-1.0,20210517T160000_-1
AV.DTN..BH,2021-05-17T17:15:14.940000,S,0.413,9.641755696065957e-07,9,0.0005696361292963,20210517T160000_9
AV.DTN..BH,2021-05-17T19:28:43.320000,S,0.36,7.853067813812231e-07,12,0.0002355321350854,20210517T160000_12
AV.DTN..BH,2021-05-17T22:00:01.440000,S,0.677,7.434015287799411e-07,15,0.0061560785993139,20210517T160000_15
AV.DTN..BH,2021-05-17T23:50:02.540000,S,0.518,6.823678972978087e-07,17,0.0009800077341147,20210517T160000_17
AV.HAG..SH,2021-05-17T16:11:06.840000,P,0.978,1.6560151152589242e-06,1,0.0015071199717605,20210517T160000_1
AV.HAG..SH,2021-05-17T16:59:50.280000,P,0.979,1.5674767155360314e-06,6,0.0015071199717605,20210517T160000_6
AV.HAG..SH,2021-05-17T17:14:53.880000,P,0.939,5.45543230145995e-07,8,0.0015071199717605,20210517T160000_8
AV.HAG..SH,2021-05-17T19:28:36.800000,P,0.616,2.846007589596411e-07,12,0.0001566308395602,20210517T160000_12
AV.HAG..SH,2021-05-17T19:35:48.540000,P,0.846,2.749954148839606e-07,-1,-1.0,20210517T160000_-1
AV.HAG..SH,2021-05-17T20:27:58.320000,P,0.798,1.933829707922996e-06,13,0.0002355321350854,20210517T160000_13
AV.HAG..SH,2021-05-17T21:17:27.820000,P,0.67,1.5222705940232117e-07,-1,-1.0,20210517T160000_-1
AV.HAG..SH,2021-05-17T21:59:53.440000,P,0.566,1.750893119378816e-07,15,0.0003401052854192,20210517T160000_15
AV.HAG..SH,2021-05-17T23:49:46.120000,P,0.473,2.669163734481117e-07,17,0.0005696361292963,20210517T160000_17
AV.HAG..SH,2021-05-17T16:11:28.000000,S,0.394,1.5519997305091238e-06,3,0.0075783433980511,20210517T160000_3
AV.HAG..SH,2021-05-17T17:00:10.560000,S,0.415,1.3816513728670543e-06,7,0.0075783433980511,20210517T160000_7
AV.HAG..SH,2021-05-17T17:15:15.060000,S,0.414,6.779424097658193e-07,9,0.0015071199717605,20210517T160000_9
AV.HAG..SH,2021-05-17T19:28:52.640000,S,0.453,5.972129315523489e-07,-1,-1.0,20210517T160000_-1
AV.HAG..SH,2021-05-17T20:09:18.540000,S,0.337,2.76999998050087e-07,-1,-1.0,20210517T160000_-1
AV.HAG..SH,2021-05-17T21:16:03.800000,S,0.496,1.7733053425672557e-07,-1,-1.0,20210517T160000_-1
AV.HAG..SH,2021-05-17T21:17:48.380000,S,0.715,2.678599742012011e-07,-1,-1.0,20210517T160000_-1
AV.HAG..SH,2021-05-17T22:00:04.460000,S,0.618,2.112822272692938e-07,15,3.8910896764529454e-05,20210517T160000_15
AV.HAG..SH,2021-05-17T23:49:57.260000,S,0.826,3.935618906325544e-07,17,0.0015071199717605,20210517T160000_17
AV.PN7A..BH,2021-05-17T16:11:09.240000,P,0.73,1.121355353461695e-06,1,0.0015229882524443,20210517T160000_1
AV.PN7A..BH,2021-05-17T16:22:54.060000,P,0.765,1.1759931339838658e-06,4,0.0075783433980511,20210517T160000_4
AV.PN7A..BH,2021-05-17T16:59:52.700000,P,0.892,1.04731941519276e-06,6,0.0015229882524443,20210517T160000_6
AV.PN7A..BH,2021-05-17T16:23:00.120000,S,0.497,1.1759931339838658e-06,4,0.0009800077341147,20210517T160000_4
AV.PN7A..BH,2021-05-17T17:00:14.260000,S,0.385,1.3789008335152175e-06,7,0.0009800077341147,20210517T160000_7
AV.PS1A..BH,2021-05-17T16:11:06.760000,P,0.887,1.7147748394563678e-06,1,0.0002355321350854,20210517T160000_1
AV.PS1A..BH,2021-05-17T16:59:50.240000,P,0.934,1.457966959605983e-06,6,0.0002355321350854,20210517T160000_6
AV.PS1A..BH,2021-05-17T17:14:53.820000,P,0.865,9.445017781217756e-07,8,0.0015229882524443,20210517T160000_8
AV.PS1A..BH,2021-05-17T17:17:56.920000,P,0.495,8.472534887005168e-07,-1,-1.0,20210517T160000_-1
AV.PS1A..BH,2021-05-17T20:28:00.920000,P,0.519,2.914115157182096e-06,13,0.0001566308395602,20210517T160000_13
AV.PS1A..BH,2021-05-17T21:59:54.360000,P,0.706,1.0013333167080418e-06,15,0.0026183286361941,20210517T160000_15
AV.PS1A..BH,2021-05-17T16:11:26.200000,S,0.356,1.2161624454165576e-06,-1,-1.0,20210517T160000_-1
AV.PS1A..BH,2021-05-17T16:11:26.820000,S,0.308,1.874120357570064e-06,2,0.0005696361292963,20210517T160000_2
AV.PS1A..BH,2021-05-17T17:00:09.580000,S,0.511,2.350161821595975e-06,7,0.0005696361292963,20210517T160000_7
AV.PS4A..BH,2021-05-17T16:11:06.980000,P,0.951,1.7898910300573334e-06,1,0.0001566308395602,20210517T160000_1
AV.PS4A..BH,2021-05-17T16:59:50.440000,P,0.939,1.6646507674522582e-06,6,0.0001566308395602,20210517T160000_6
AV.PS4A..BH,2021-05-17T17:14:53.980000,P,0.851,9.307062782681896e-07,8,0.0002355321350854,20210517T160000_8
AV.PS4A..BH,2021-05-17T20:27:59.920000,P,0.369,2.8867398214060813e-06,13,0.0061560785993139,20210517T160000_13
AV.PS4A..BH,2021-05-17T23:49:55.960000,P,0.648,1.3947126262792151e-06,-1,-1.0,20210517T160000_-1
AV.PS4A..BH,2021-05-17T16:11:26.140000,S,0.58,2.7940486688748933e-06,2,0.0015071199717605,20210517T160000_2
AV.PS4A..BH,2021-05-17T17:00:09.720000,S,0.466,2.394685907347593e-06,7,0.0015071199717605,20210517T160000_7
AV.PS4A..BH,2021-05-17T17:15:13.400000,S,0.433,1.6635805195619469e-06,-1,-1.0,20210517T160000_-1
AV.PV6A..SH,2021-05-17T16:11:09.480000,P,0.9,8.481734994347789e-07,1,0.0061560785993139,20210517T160000_1
AV.PV6A..SH,2021-05-17T16:22:56.060000,P,0.701,4.669474265028839e-07,4,0.0005696361292963,20210517T160000_4
AV.PV6A..SH,2021-05-17T16:40:50.640000,P,0.383,1.259596018599041e-07,-1,-1.0,20210517T160000_-1
AV.PV6A..SH,2021-05-17T16:59:52.980000,P,0.937,7.105497275006201e-07,6,0.0061560785993139,20210517T160000_6
AV.PV6A..SH,2021-05-17T17:14:56.500000,P,0.89,3.1508821507486573e-07,8,0.0001566308395602,20210517T160000_8
AV.PV6A..SH,2021-05-17T17:18:14.800000,P,0.32,1.5259531949141097e-07,-1,-1.0,20210517T160000_-1
AV.PV6A..SH,2021-05-17T17:45:05.040000,P,0.504,1.7102189531215117e-07,10,0.0075783433980511,20210517T160000_10
AV.PV6A..SH,2021-05-17T19:01:04.800000,P,0.483,1.1701652624651616e-07,-1,-1.0,20210517T160000_-1
AV.PV6A..SH,2021-05-17T19:20:34.560000,P,0.332,9.010556567545792e-08,-1,-1.0,20210517T160000_-1
AV.PV6A..SH,2021-05-17T20:08:57.820000,P,0.879,1.0887244172863576e-07,-1,-1.0,20210517T160000_-1
AV.PV6A..SH,2021-05-17T20:27:58.800000,P,0.601,1.6310277715092525e-06,14,0.0009800077341147,20210517T160000_14
AV.PV6A..SH,2021-05-17T21:43:53.920000,P,0.306,1.1092819107716427e-07,-1,-1.0,20210517T160000_-1
AV.PV6A..SH,2021-05-17T23:43:55.760000,P,0.524,9.338449302731533e-08,-1,-1.0,20210517T160000_-1
AV.PV6A..SH,2021-05-17T23:47:48.440000,P,0.381,1.2880352073807444e-07,-1,-1.0,20210517T160000_-1
AV.PV6A..SH,2021-05-17T16:11:31.260000,S,0.852,1.1562843837964465e-06,3,0.0009800077341147,20210517T160000_3
AV.PV6A..SH,2021-05-17T17:00:14.720000,S,0.77,9.268968028663948e-07,7,0.0015229882524443,20210517T160000_7
AV.PV6A..SH,2021-05-17T17:15:18.260000,S,0.873,4.038802785544249e-07,-1,-1.0,20210517T160000_-1
AV.PV6A..SH,2021-05-17T17:18:36.560000,S,0.651,1.622199334860852e-07,-1,-1.0,20210517T160000_-1
AV.PV6A..SH,2021-05-17T17:45:10.640000,S,0.484,1.7102189531215117e-07,10,0.0009800077341147,20210517T160000_10
AV.PV6A..SH,2021-05-17T20:09:19.240000,S,0.343,2.0242622156274598e-07,-1,-1.0,20210517T160000_-1
AV.PV6A..SH,2021-05-17T21:17:51.100000,S,0.693,2.0736673889132362e-07,-1,-1.0,20210517T160000_-1
AV.PV6A..SH,2021-05-17T22:06:12.800000,S,0.35,8.211478075281775e-08,-1,-1.0,20210517T160000_-1
AV.PV6A..SH,2021-05-17T23:49:58.480000,S,0.902,7.107622650437406e-07,16,0.0015229882524443,20210517T160000_16
AV.PV6A..SH,2021-05-17T23:52:15.440000,S,0.703,8.573746299589402e-07,-1,-1.0,20210517T160000_-1
AV.PV6A..SH,2021-05-17T23:56:44.800000,S,0.468,4.037521819100221e-07,-1,-1.0,20210517T160000_-1
AV.PVV..SH,2021-05-17T16:11:06.360000,P,0.978,7.724513011453382e-07,1,0.0003401052854192,20210517T160000_1
AV.PVV..SH,2021-05-17T16:22:53.760000,P,0.707,1.882778946082908e-07,4,0.0015071199717605,20210517T160000_4
AV.PVV..SH,2021-05-17T16:59:49.840000,P,0.976,6.854361913610774e-07,6,0.0003401052854192,20210517T160000_6
AV.PVV..SH,2021-05-17T17:14:53.480000,P,0.91,2.85042659697865e-07,8,0.0061560785993139,20210517T160000_8
AV.PVV..SH,2021-05-17T17:15:12.440000,P,0.455,2.4221449734795897e-07,9,0.0015229882524443,20210517T160000_9
AV.PVV..SH,2021-05-17T17:45:03.820000,P,0.304,1.4763448064059048e-07,10,0.0005696361292963,20210517T160000_10
AV.PVV..SH,2021-05-17T18:55:00.280000,P,0.389,9.722501204123549e-08,-1,-1.0,20210517T160000_-1
AV.PVV..SH,2021-05-17T20:08:55.520000,P,0.368,1.15992875748816e-07,-1,-1.0,20210517T160000_-1
AV.PVV..SH,2021-05-17T20:13:30.940000,P,0.546,1.279270094300955e-07,-1,-1.0,20210517T160000_-1
AV.PVV..SH,2021-05-17T20:27:59.320000,P,0.946,1.1756825415432104e-06,14,0.0005696361292963,20210517T160000_14
AV.PVV..SH,2021-05-17T22:54:08.560000,P,0.449,1.4062995035146741e-07,-1,-1.0,20210517T160000_-1
AV.PVV..SH,2021-05-17T23:49:43.280000,P,0.468,1.770867328332315e-07,16,0.0002355321350854,20210517T160000_16
AV.PVV..SH,2021-05-17T16:11:26.760000,S,0.357,3.666706334115588e-07,2,0.0015229882524443,20210517T160000_2
AV.PVV..SH,2021-05-17T16:11:28.480000,S,0.399,4.926857286591257e-07,3,0.0005696361292963,20210517T160000_3
AV.PVV..SH,2021-05-17T16:22:58.120000,S,0.336,2.2265574273205857e-07,4,0.0015229882524443,20210517T160000_4
AV.PVV..SH,2021-05-17T17:00:09.360000,S,0.39,5.756932637268619e-07,7,0.0002355321350854,20210517T160000_7
AV.PVV..SH,2021-05-17T17:14:58.540000,S,0.373,1.796074968751782e-07,8,0.0003401052854192,20210517T160000_8
AV.PVV..SH,2021-05-17T17:15:16.360000,S,0.388,2.4221449734795897e-07,9,0.0002355321350854,20210517T160000_9
AV.PVV..SH,2021-05-17T17:45:08.640000,S,0.365,1.4045910745608128e-07,10,0.0015071199717605,20210517T160000_10
AV.PVV..SH,2021-05-17T22:38:27.400000,S,0.499,2.125820373066745e-07,-1,-1.0,20210517T160000_-1
AV.PVV..SH,2021-05-17T22:54:13.760000,S,0.304,1.4062995035146741e-07,-1,-1.0,20210517T160000_-1
AV.PVV..SH,2021-05-17T23:13:26.920000,S,0.344,1.5974190148426717e-07,-1,-1.0,20210517T160000_-1
AV.PVV..SH,2021-05-17T23:49:55.280000,S,0.595,2.3618376587819517e-07,17,0.0015229882524443,20210517T160000_17
AV.S12K..BH,2021-05-17T16:11:12.080000,P,0.918,9.353193490824196e-07,1,3.8910896764529454e-05,20210517T160000_1
AV.S12K..BH,2021-05-17T16:59:55.580000,P,0.932,8.282747785415268e-07,6,3.8910896764529454e-05,20210517T160000_6
AV.S12K..BH,2021-05-17T17:14:58.880000,P,0.436,4.6784199980720587e-07,8,3.8910896764529454e-05,20210517T160000_8
AV.S12K..BH,2021-05-17T19:28:40.920000,P,0.806,5.225614359005704e-07,12,0.0061560785993139,20210517T160000_12
AV.S12K..BH,2021-05-17T20:27:59.160000,P,0.411,1.4734542901351233e-06,14,0.0015071199717605,20210517T160000_14
AV.S12K..BH,2021-05-17T21:59:58.840000,P,0.545,3.932656227334519e-07,15,0.0009168070575024,20210517T160000_15
AV.S12K..BH,2021-05-17T23:50:00.300000,P,0.568,1.0996402579621645e-06,-1,-1.0,20210517T160000_-1
AV.S12K..BH,2021-05-17T16:11:36.420000,S,0.396,1.3030173704464687e-06,3,0.0015071199717605,20210517T160000_3
AV.S12K..BH,2021-05-17T17:00:19.260000,S,0.691,1.117097895075858e-06,7,0.0001566308395602,20210517T160000_7
AV.S12K..BH,2021-05-17T17:15:22.500000,S,0.517,6.43640134967427e-07,-1,-1.0,20210517T160000_-1
AV.S12K..BH,2021-05-17T19:28:59.380000,S,0.81,9.680699122327496e-07,-1,-1.0,20210517T160000_-1
AV.S12K..BH,2021-05-17T22:00:12.740000,S,0.641,3.834048527551204e-07,15,0.002825145091101,20210517T160000_15
AV.S12K..BH,2021-05-17T23:50:00.220000,S,0.323,9.334877404398868e-07,17,0.0002355321350854,20210517T160000_17
AV.S12K..BH,2021-05-17T23:50:01.880000,S,0.326,1.0996402579621645e-06,16,0.0001566308395602,20210517T160000_16
AV.DEER..BH,2021-05-18T01:37:04.220000,P,0.317,4.028802322864067e-07,1,0.0013763838079665,20210518T000000_1
AV.DEER..BH,2021-05-18T02:19:00.100000,P,0.971,9.95828759187134e-06,3,0.0013763838079665,20210518T000000_3
AV.DEER..BH,2021-05-18T02:51:11.720000,P,0.808,8.30418684927281e-07,5,0.0013763838079665,20210518T000000_5
AV.DEER..BH,2021-05-18T03:55:18.820000,P,0.964,1.1585565289351507e-06,6,0.0013763838079665,20210518T000000_6
AV.DEER..BH,2021-05-18T03:56:34.000000,P,0.358,3.5301907246321207e-06,7,0.0013763838079665,20210518T000000_7
AV.DEER..BH,2021-05-18T03:59:43.100000,P,0.83,1.0427397683088202e-06,8,0.0013763838079665,20210518T000000_8
AV.DEER..BH,2021-05-18T05:26:22.380000,P,0.462,3.412222042697977e-07,-1,-1.0,20210518T000000_-1
AV.DEER..BH,2021-05-18T05:27:38.920000,P,0.563,3.969898614286649e-07,12,0.0013763838079665,20210518T000000_12
AV.DEER..BH,2021-05-18T05:42:42.000000,P,0.713,9.193377081828658e-07,13,0.0013763838079665,20210518T000000_13
AV.DEER..BH,2021-05-18T05:43:08.460000,P,0.303,8.085414719971595e-07,-1,-1.0,20210518T000000_-1
AV.DEER..BH,2021-05-18T06:27:58.140000,P,0.51,2.5216459675903025e-07,-1,-1.0,20210518T000000_-1
AV.DEER..BH,2021-05-18T07:38:25.120000,P,0.505,3.3257668974329135e-07,-1,-1.0,20210518T000000_-1
AV.DEER..BH,2021-05-18T07:38:45.040000,P,0.453,1.229399117619323e-06,-1,-1.0,20210518T000000_-1
AV.DEER..BH,2021-05-18T07:46:33.020000,P,0.881,2.679175565845071e-07,-1,-1.0,20210518T000000_-1
AV.DEER..BH,2021-05-18T01:37:15.720000,S,0.485,4.843351462113787e-07,1,0.0045426897569563,20210518T000000_1
AV.DEER..BH,2021-05-18T02:19:10.660000,S,0.867,9.95828759187134e-06,3,0.0045426897569563,20210518T000000_3
AV.DEER..BH,2021-05-18T02:51:17.740000,S,0.424,8.30418684927281e-07,5,0.0045426897569563,20210518T000000_5
AV.DEER..BH,2021-05-18T03:55:28.820000,S,0.441,1.5099655001904466e-06,-1,-1.0,20210518T000000_-1
AV.DEER..BH,2021-05-18T03:59:49.960000,S,0.646,7.643405979251838e-07,8,0.0045426897569563,20210518T000000_8
AV.DEER..BH,2021-05-18T04:01:01.400000,S,0.387,9.572306680638576e-07,-1,-1.0,20210518T000000_-1
AV.DEER..BH,2021-05-18T05:06:42.740000,S,0.488,2.622180375055905e-07,-1,-1.0,20210518T000000_-1
AV.DEER..BH,2021-05-18T05:42:55.220000,S,0.805,1.3575510138252866e-06,-1,-1.0,20210518T000000_-1
AV.DEER..BH,2021-05-18T07:29:32.200000,S,0.33,2.575886526301474e-07,-1,-1.0,20210518T000000_-1
AV.DEER..BH,2021-05-18T07:38:50.480000,S,0.807,1.229399117619323e-06,-1,-1.0,20210518T000000_-1
AV.DEER..BH,2021-05-18T07:46:42.860000,S,0.716,3.013718128386245e-07,-1,-1.0,20210518T000000_-1
AV.DOL..BH,2021-05-18T00:00:00.020000,P,0.399,4.418579067078099e-07,-1,-1.0,20210518T000000_-1
AV.DOL..BH,2021-05-18T01:37:03.000000,P,0.841,5.576320063482854e-07,1,0.0037141428354961,20210518T000000_1
AV.DOL..BH,2021-05-18T02:07:58.700000,P,0.552,4.705891001322016e-07,-1,-1.0,20210518T000000_-1
AV.DOL..BH,2021-05-18T02:19:00.780000,P,0.847,5.810486982227303e-06,4,0.0013763838079665,20210518T000000_4
AV.DOL..BH,2021-05-18T02:51:12.460000,P,0.943,7.96958772752987e-07,5,0.0037141428354961,20210518T000000_5
AV.DOL..BH,2021-05-18T03:55:14.620000,P,0.928,2.2193137283466058e-06,6,0.0045426897569563,20210518T000000_6
AV.DOL..BH,2021-05-18T04:49:25.560000,P,0.688,3.600409002046945e-07,-1,-1.0,20210518T000000_-1
AV.DOL..BH,2021-05-18T04:49:43.400000,P,0.884,5.239289180281048e-07,-1,-1.0,20210518T000000_-1
AV.DOL..BH,2021-05-18T05:08:06.700000,P,0.94,1.4056123518457753e-06,11,0.0013763838079665,20210518T000000_11
AV.DOL..BH,2021-05-18T05:31:53.440000,P,0.393,4.456171893707506e-07,-1,-1.0,20210518T000000_-1
AV.DOL..BH,2021-05-18T05:42:46.540000,P,0.933,4.766762231156463e-06,13,0.0045426897569563,20210518T000000_13
AV.DOL..BH,2021-05-18T07:29:30.280000,P,0.513,3.2073145916911017e-07,-1,-1.0,20210518T000000_-1
AV.DOL..BH,2021-05-18T07:38:22.860000,P,0.795,6.687067752864095e-07,-1,-1.0,20210518T000000_-1
AV.DOL..BH,2021-05-18T07:46:38.440000,P,0.528,3.9092299175536027e-07,-1,-1.0,20210518T000000_-1
AV.DOL..BH,2021-05-18T01:37:12.780000,S,0.85,5.576320063482854e-07,1,0.011932943400952,20210518T000000_1
AV.DOL..BH,2021-05-18T01:55:42.280000,S,0.353,4.490283913582971e-07,-1,-1.0,20210518T000000_-1
AV.DOL..BH,2021-05-18T02:19:11.120000,S,0.531,8.411296221311204e-06,4,0.0045426897569563,20210518T000000_4
AV.DOL..BH,2021-05-18T02:51:18.960000,S,0.878,7.96958772752987e-07,5,0.011932943400952,20210518T000000_5
AV.DOL..BH,2021-05-18T03:56:31.480000,S,0.393,7.782423381286208e-06,7,0.0045426897569563,20210518T000000_7
AV.DOL..BH,2021-05-18T03:59:45.140000,S,0.644,1.3472986211127136e-06,8,0.0037141428354961,20210518T000000_8
AV.DOL..BH,2021-05-18T04:49:30.400000,S,0.691,3.8297835658340773e-07,-1,-1.0,20210518T000000_-1
AV.DOL..BH,2021-05-18T04:49:48.600000,S,0.774,5.239289180281048e-07,-1,-1.0,20210518T000000_-1
AV.DOL..BH,2021-05-18T05:08:11.980000,S,0.756,1.4056123518457753e-06,11,0.0045426897569563,20210518T000000_11
AV.DOL..BH,2021-05-18T05:27:36.480000,S,0.459,4.6624430183328514e-07,12,0.0045426897569563,20210518T000000_12
AV.DOL..BH,2021-05-18T07:29:40.960000,S,0.55,3.2073145916911017e-07,-1,-1.0,20210518T000000_-1
AV.DOL..BH,2021-05-18T07:38:42.780000,S,0.615,1.7458553429605672e-06,-1,-1.0,20210518T000000_-1
AV.DOL..BH,2021-05-18T07:46:52.160000,S,0.754,4.976801051270741e-07,-1,-1.0,20210518T000000_-1
AV.DT1..BH,2021-05-18T01:37:05.120000,P,0.307,5.515310590453737e-07,1,0.0006482082288036,20210518T000000_1
AV.DT1..BH,2021-05-18T02:19:01.380000,P,0.943,6.950070655875607e-06,3,0.0037141428354961,20210518T000000_3
AV.DT1..BH,2021-05-18T02:51:13.000000,P,0.911,4.94779783366539e-07,5,0.0006482082288036,20210518T000000_5
AV.DT1..BH,2021-05-18T03:55:18.060000,P,0.907,1.9275889826531056e-06,6,0.0037141428354961,20210518T000000_6
AV.DT1..BH,2021-05-18T03:56:35.120000,P,0.564,5.363442141970154e-06,-1,-1.0,20210518T000000_-1
AV.DT1..BH,2021-05-18T03:59:43.560000,P,0.353,1.1212987374165095e-06,8,0.011932943400952,20210518T000000_8
AV.DT1..BH,2021-05-18T05:27:39.040000,P,0.304,3.249692781537306e-07,12,0.0037141428354961,20210518T000000_12
AV.DT1..BH,2021-05-18T05:42:43.040000,P,0.71,1.301244083151687e-06,13,0.0037141428354961,20210518T000000_13
AV.DT1..BH,2021-05-18T07:29:27.660000,P,0.508,2.500070479527494e-07,-1,-1.0,20210518T000000_-1
AV.DT1..BH,2021-05-18T07:46:34.700000,P,0.94,4.138386771046498e-07,-1,-1.0,20210518T000000_-1
AV.DT1..BH,2021-05-18T01:37:16.960000,S,0.551,5.515310590453737e-07,1,0.0043606259905044,20210518T000000_1
AV.DT1..BH,2021-05-18T02:19:12.860000,S,0.945,6.950070655875607e-06,4,0.0037141428354961,20210518T000000_4
AV.DT1..BH,2021-05-18T02:51:19.880000,S,0.452,4.94779783366539e-07,5,0.0043606259905044,20210518T000000_5
AV.DT1..BH,2021-05-18T03:55:28.960000,S,0.743,1.6405189171564416e-06,6,0.011932943400952,20210518T000000_6
AV.DT1..BH,2021-05-18T03:56:39.280000,S,0.34,5.363442141970154e-06,7,0.0037141428354961,20210518T000000_7
AV.DT1..BH,2021-05-18T03:59:50.660000,S,0.563,1.246554006684164e-06,8,0.0006482082288036,20210518T000000_8
AV.DT1..BH,2021-05-18T05:26:32.060000,S,0.427,2.536426109145396e-07,-1,-1.0,20210518T000000_-1
AV.DT1..BH,2021-05-18T05:27:41.720000,S,0.513,3.64090197990663e-07,12,0.011932943400952,20210518T000000_12
AV.DT1..BH,2021-05-18T06:28:07.960000,S,0.777,3.543276250184136e-07,-1,-1.0,20210518T000000_-1
AV.DT1..BH,2021-05-18T06:29:16.760000,S,0.691,3.269926764914999e-07,-1,-1.0,20210518T000000_-1
AV.DT1..BH,2021-05-18T07:38:46.640000,S,0.714,8.798839417067938e-07,-1,-1.0,20210518T000000_-1
AV.DT1..BH,2021-05-18T07:46:45.700000,S,0.847,4.138386771046498e-07,-1,-1.0,20210518T000000_-1
AV.DTN..BH,2021-05-18T00:00:00.020000,P,0.442,5.997555376779928e-07,-1,-1.0,20210518T000000_-1
AV.DTN..BH,2021-05-18T00:59:33.160000,P,0.587,5.404991725299624e-07,-1,-1.0,20210518T000000_-1
AV.DTN..BH,2021-05-18T01:37:05.420000,P,0.752,5.024813276577333e-07,1,0.0001264027868311,20210518T000000_1
AV.DTN..BH,2021-05-18T02:19:02.020000,P,0.971,2.170637799281394e-06,3,0.011932943400952,20210518T000000_3
AV.DTN..BH,2021-05-18T02:48:44.040000,P,0.74,5.151217123966489e-07,-1,-1.0,20210518T000000_-1
AV.DTN..BH,2021-05-18T03:55:17.860000,P,0.951,2.1216922050371068e-06,6,0.0006482082288036,20210518T000000_6
AV.DTN..BH,2021-05-18T03:58:31.340000,P,0.336,1.267118477699114e-06,-1,-1.0,20210518T000000_-1
AV.DTN..BH,2021-05-18T03:59:42.860000,P,0.889,1.8749075252344485e-06,8,0.0043606259905044,20210518T000000_8
AV.DTN..BH,2021-05-18T04:50:39.020000,P,0.347,3.3525469689266174e-07,-1,-1.0,20210518T000000_-1
AV.DTN..BH,2021-05-18T05:06:31.660000,P,0.706,4.392454684420954e-07,-1,-1.0,20210518T000000_-1
AV.DTN..BH,2021-05-18T05:30:02.540000,P,0.306,4.179892130196096e-07,-1,-1.0,20210518T000000_-1
AV.DTN..BH,2021-05-18T05:42:43.640000,P,0.434,4.104584547803825e-07,13,0.011932943400952,20210518T000000_13
AV.DTN..BH,2021-05-18T05:42:44.540000,P,0.465,1.5441364666912705e-06,-1,-1.0,20210518T000000_-1
AV.DTN..BH,2021-05-18T07:29:28.540000,P,0.472,4.573550995701226e-07,-1,-1.0,20210518T000000_-1
AV.DTN..BH,2021-05-18T07:38:25.960000,P,0.401,6.308172260105493e-07,-1,-1.0,20210518T000000_-1
AV.DTN..BH,2021-05-18T07:44:00.040000,P,0.38,4.283952534933633e-07,-1,-1.0,20210518T000000_-1
AV.DTN..BH,2021-05-18T07:46:35.200000,P,0.645,5.4177019137569e-07,-1,-1.0,20210518T000000_-1
AV.DTN..BH,2021-05-18T01:37:17.820000,S,0.8,5.679693231286365e-07,1,0.0006175126992353,20210518T000000_1
AV.DTN..BH,2021-05-18T02:19:13.980000,S,0.871,4.7443054427276365e-06,4,0.011932943400952,20210518T000000_4
AV.DTN..BH,2021-05-18T02:51:21.160000,S,0.325,4.49636701205236e-07,5,0.0001264027868311,20210518T000000_5
AV.DTN..BH,2021-05-18T03:58:33.560000,S,0.328,1.2662029575949418e-06,-1,-1.0,20210518T000000_-1
AV.DTN..BH,2021-05-18T03:59:49.700000,S,0.791,1.8749075252344485e-06,8,0.0001264027868311,20210518T000000_8
AV.DTN..BH,2021-05-18T07:38:46.400000,S,0.355,1.066729396370647e-06,-1,-1.0,20210518T000000_-1
AV.HAG..SH,2021-05-18T00:59:32.240000,P,0.588,1.5101915096238377e-07,-1,-1.0,20210518T000000_-1
AV.HAG..SH,2021-05-18T00:59:53.000000,P,0.464,1.613795177490829e-07,-1,-1.0,20210518T000000_-1
AV.HAG..SH,2021-05-18T02:19:03.740000,P,0.928,1.369542133033974e-06,4,0.0006482082288036,20210518T000000_4
AV.HAG..SH,2021-05-18T03:55:14.780000,P,0.86,1.824319383558759e-06,6,0.0043606259905044,20210518T000000_6
AV.HAG..SH,2021-05-18T04:49:39.960000,P,0.862,1.570890958646487e-06,10,0.0013763838079665,20210518T000000_10
AV.HAG..SH,2021-05-18T04:51:02.040000,P,0.416,2.241039567252301e-07,-1,-1.0,20210518T000000_-1
AV.HAG..SH,2021-05-18T05:08:03.340000,P,0.948,2.447671477057156e-06,11,0.0037141428354961,20210518T000000_11
AV.HAG..SH,2021-05-18T05:08:57.520000,P,0.313,6.80493812410532e-08,-1,-1.0,20210518T000000_-1
AV.HAG..SH,2021-05-18T05:08:58.320000,P,0.361,8.652137495346326e-08,-1,-1.0,20210518T000000_-1
AV.HAG..SH,2021-05-18T05:27:33.720000,P,0.309,2.054623564617941e-07,12,0.0006482082288036,20210518T000000_12
AV.HAG..SH,2021-05-18T05:31:54.200000,P,0.473,1.659414721189023e-07,-1,-1.0,20210518T000000_-1
AV.HAG..SH,2021-05-18T05:42:47.520000,P,0.77,1.4511505241898703e-06,13,0.0006482082288036,20210518T000000_13
AV.HAG..SH,2021-05-18T07:19:32.440000,P,0.378,3.615728587647027e-07,14,0.0013763838079665,20210518T000000_14
AV.HAG..SH,2021-05-18T07:38:25.260000,P,0.832,5.850259299222671e-07,-1,-1.0,20210518T000000_-1
AV.HAG..SH,2021-05-18T00:59:52.920000,S,0.358,1.613795177490829e-07,-1,-1.0,20210518T000000_-1
AV.HAG..SH,2021-05-18T02:09:35.920000,S,0.625,3.100288665791595e-07,2,0.0013763838079665,20210518T000000_2
AV.HAG..SH,2021-05-18T02:19:17.640000,S,0.448,2.74152966994734e-06,3,0.0006482082288036,20210518T000000_3
AV.HAG..SH,2021-05-18T03:56:29.960000,S,0.315,3.315954927529674e-06,7,0.011932943400952,20210518T000000_7
AV.HAG..SH,2021-05-18T03:58:39.660000,S,0.505,2.033679180613035e-07,-1,-1.0,20210518T000000_-1
AV.HAG..SH,2021-05-18T04:31:54.620000,S,0.405,2.018405496073683e-07,9,0.0013763838079665,20210518T000000_9
AV.HAG..SH,2021-05-18T04:49:42.720000,S,0.704,1.570890958646487e-06,10,0.0045426897569563,20210518T000000_10
AV.HAG..SH,2021-05-18T04:51:06.960000,S,0.44,2.241039567252301e-07,-1,-1.0,20210518T000000_-1
AV.HAG..SH,2021-05-18T05:08:06.840000,S,0.573,2.447671477057156e-06,11,0.011932943400952,20210518T000000_11
AV.HAG..SH,2021-05-18T05:27:36.360000,S,0.497,2.054623564617941e-07,12,0.0043606259905044,20210518T000000_12
AV.HAG..SH,2021-05-18T07:19:35.480000,S,0.459,3.615728587647027e-07,14,0.0045426897569563,20210518T000000_14
AV.PS1A..BH,2021-05-18T00:59:31.420000,P,0.412,8.71800807544787e-07,-1,-1.0,20210518T000000_-1
AV.PS1A..BH,2021-05-18T02:09:32.380000,P,0.663,4.999603220312565e-07,2,0.0045426897569563,20210518T000000_2
AV.PS1A..BH,2021-05-18T02:09:33.200000,P,0.368,1.1745511301342049e-06,-1,-1.0,20210518T000000_-1
AV.PS1A..BH,2021-05-18T02:19:05.140000,P,0.957,1.2875468655693112e-06,4,0.0043606259905044,20210518T000000_4
AV.PS1A..BH,2021-05-18T03:55:14.020000,P,0.918,1.178757429443067e-06,6,0.0001264027868311,20210518T000000_6
AV.PS1A..BH,2021-05-18T04:49:39.960000,P,0.958,1.3026351552980486e-06,10,0.0037141428354961,20210518T000000_10
AV.PS1A..BH,2021-05-18T05:08:03.400000,P,0.897,2.8496631330199307e-06,11,0.0006482082288036,20210518T000000_11
AV.PS1A..BH,2021-05-18T05:42:48.760000,P,0.62,5.104668048261374e-07,13,0.0043606259905044,20210518T000000_13
AV.PS1A..BH,2021-05-18T05:42:49.580000,P,0.531,1.880474314930325e-06,-1,-1.0,20210518T000000_-1
AV.PS1A..BH,2021-05-18T07:19:32.140000,P,0.646,1.5467815046577016e-06,14,0.0037141428354961,20210518T000000_14
AV.PS1A..BH,2021-05-18T07:38:26.480000,P,0.313,1.071420911102905e-06,-1,-1.0,20210518T000000_-1
AV.PS1A..BH,2021-05-18T02:09:37.080000,S,0.532,1.3782296264253091e-06,2,0.0037141428354961,20210518T000000_2
AV.PS1A..BH,2021-05-18T02:19:19.360000,S,0.815,2.8852239211119013e-06,3,0.0043606259905044,20210518T000000_3
AV.PS1A..BH,2021-05-18T03:55:28.120000,S,0.475,1.517487362434622e-06,-1,-1.0,20210518T000000_-1
AV.PS1A..BH,2021-05-18T04:49:44.760000,S,0.334,1.3026351552980486e-06,-1,-1.0,20210518T000000_-1
AV.PS1A..BH,2021-05-18T07:38:47.460000,S,0.625,1.8171338069805645e-06,-1,-1.0,20210518T000000_-1
AV.PS4A..BH,2021-05-18T02:09:32.160000,P,0.589,1.7395132090314291e-06,2,0.011932943400952,20210518T000000_2
AV.PS4A..BH,2021-05-18T02:19:04.300000,P,0.86,1.3327262422535568e-06,4,0.0001264027868311,20210518T000000_4
AV.PS4A..BH,2021-05-18T03:55:14.700000,P,0.767,3.062375753870583e-06,6,0.0006175126992353,20210518T000000_6
AV.PS4A..BH,2021-05-18T04:49:39.380000,P,0.905,5.62484956390108e-06,10,0.011932943400952,20210518T000000_10
AV.PS4A..BH,2021-05-18T05:08:02.700000,P,0.963,1.6326925106113777e-05,11,0.0043606259905044,20210518T000000_11
AV.PS4A..BH,2021-05-18T05:42:47.920000,P,0.524,1.7681688859738642e-06,13,0.0001264027868311,20210518T000000_13
AV.PS4A..BH,2021-05-18T02:09:34.860000,S,0.593,1.7395132090314291e-06,2,0.0006482082288036,20210518T000000_2
AV.PS4A..BH,2021-05-18T02:19:17.400000,S,0.573,4.913879820378497e-06,3,0.0001264027868311,20210518T000000_3
AV.PS4A..BH,2021-05-18T03:55:26.800000,S,0.406,2.6511154374020407e-06,-1,-1.0,20210518T000000_-1
AV.PS4A..BH,2021-05-18T04:31:52.000000,S,0.44,1.0665959280231618e-06,-1,-1.0,20210518T000000_-1
AV.PS4A..BH,2021-05-18T04:31:52.720000,S,0.308,1.8258946283822293e-06,-1,-1.0,20210518T000000_-1
AV.PS4A..BH,2021-05-18T04:49:23.440000,S,0.408,2.8442157145036617e-06,-1,-1.0,20210518T000000_-1
AV.PS4A..BH,2021-05-18T04:49:41.700000,S,0.667,5.62484956390108e-06,10,0.0006482082288036,20210518T000000_10
AV.PS4A..BH,2021-05-18T05:08:05.200000,S,0.55,1.6326925106113777e-05,11,0.0001264027868311,20210518T000000_11
AV.PS4A..BH,2021-05-18T07:19:33.980000,S,0.488,2.180096771553508e-06,14,0.011932943400952,20210518T000000_14
AV.PV6A..SH,2021-05-18T00:00:00.020000,P,0.633,1.1508511477131833e-07,-1,-1.0,20210518T000000_-1
AV.PV6A..SH,2021-05-18T01:23:06.320000,P,0.562,9.357494690220849e-08,-1,-1.0,20210518T000000_-1
AV.PV6A..SH,2021-05-18T02:09:33.280000,P,0.62,6.807200634284527e-07,2,0.0043606259905044,20210518T000000_2
AV.PV6A..SH,2021-05-18T02:17:40.860000,P,0.324,1.1498863727865682e-07,-1,-1.0,20210518T000000_-1
AV.PV6A..SH,2021-05-18T02:19:07.440000,P,0.947,3.8501167409776826e-07,4,0.0006175126992353,20210518T000000_4
AV.PV6A..SH,2021-05-18T03:32:50.480000,P,0.304,1.515250573902449e-07,-1,-1.0,20210518T000000_-1
AV.PV6A..SH,2021-05-18T03:55:15.700000,P,0.911,9.149884476755688e-07,6,0.0018579235181076,20210518T000000_6
AV.PV6A..SH,2021-05-18T04:16:52.920000,P,0.47,6.591588430637786e-08,-1,-1.0,20210518T000000_-1
AV.PV6A..SH,2021-05-18T04:27:52.300000,P,0.59,1.011167256592671e-07,-1,-1.0,20210518T000000_-1
AV.PV6A..SH,2021-05-18T04:31:51.520000,P,0.456,3.831423782685306e-07,9,0.0045426897569563,20210518T000000_9
AV.PV6A..SH,2021-05-18T04:49:41.720000,P,0.396,1.2511803788584077e-06,10,0.0043606259905044,20210518T000000_10
AV.PV6A..SH,2021-05-18T04:51:20.780000,P,0.432,9.468816841717853e-08,-1,-1.0,20210518T000000_-1
AV.PV6A..SH,2021-05-18T05:08:04.380000,P,0.943,2.27905593419564e-06,11,0.0006175126992353,20210518T000000_11
AV.PV6A..SH,2021-05-18T05:13:47.440000,P,0.61,1.0587586274368733e-07,-1,-1.0,20210518T000000_-1
AV.PV6A..SH,2021-05-18T05:42:47.680000,P,0.719,7.306035172405245e-07,13,0.0006175126992353,20210518T000000_13
AV.PV6A..SH,2021-05-18T06:32:01.680000,P,0.368,8.579929300367439e-08,-1,-1.0,20210518T000000_-1
AV.PV6A..SH,2021-05-18T07:13:50.700000,P,0.366,2.3508523838700057e-07,-1,-1.0,20210518T000000_-1
AV.PV6A..SH,2021-05-18T07:19:33.040000,P,0.757,7.627338050042454e-07,14,0.0006482082288036,20210518T000000_14
AV.PV6A..SH,2021-05-18T07:22:00.640000,P,0.4,7.97884283088024e-08,-1,-1.0,20210518T000000_-1
AV.PV6A..SH,2021-05-18T02:09:40.080000,S,0.359,6.807200634284527e-07,2,0.0001264027868311,20210518T000000_2
AV.PV6A..SH,2021-05-18T02:17:47.440000,S,0.322,1.1498863727865682e-07,-1,-1.0,20210518T000000_-1
AV.PV6A..SH,2021-05-18T02:19:23.320000,S,0.7,7.250570774886e-07,-1,-1.0,20210518T000000_-1
AV.PV6A..SH,2021-05-18T03:12:35.680000,S,0.43,7.35350837999249e-08,-1,-1.0,20210518T000000_-1
AV.PV6A..SH,2021-05-18T03:33:03.600000,S,0.416,3.243778508021933e-07,-1,-1.0,20210518T000000_-1
AV.PV6A..SH,2021-05-18T03:34:51.520000,S,0.373,4.12210397371382e-07,-1,-1.0,20210518T000000_-1
AV.PV6A..SH,2021-05-18T03:55:25.720000,S,0.706,9.562783134242636e-07,6,1.271809483345074e-05,20210518T000000_6
AV.PV6A..SH,2021-05-18T04:31:57.160000,S,0.501,3.831423782685306e-07,9,0.0037141428354961,20210518T000000_9
AV.PV6A..SH,2021-05-18T05:23:00.600000,S,0.564,1.684500858800675e-07,-1,-1.0,20210518T000000_-1
AV.PV6A..SH,2021-05-18T06:40:40.480000,S,0.75,2.256585389659449e-07,-1,-1.0,20210518T000000_-1
AV.PV6A..SH,2021-05-18T06:41:27.580000,S,0.417,3.218318624931271e-07,-1,-1.0,20210518T000000_-1
AV.PV6A..SH,2021-05-18T06:49:27.440000,S,0.415,1.929456630023197e-07,-1,-1.0,20210518T000000_-1
AV.PV6A..SH,2021-05-18T07:19:39.000000,S,0.52,7.627338050042454e-07,14,0.0043606259905044,20210518T000000_14
AV.PV6A..SH,2021-05-18T07:24:01.720000,S,0.322,1.5983088985649374e-07,-1,-1.0,20210518T000000_-1
AV.PV6A..SH,2021-05-18T07:38:51.840000,S,0.602,5.009870847061393e-07,-1,-1.0,20210518T000000_-1
AV.PVV..SH,2021-05-18T02:09:31.960000,P,0.879,5.349891694095277e-07,2,0.0006175126992353,20210518T000000_2
AV.PVV..SH,2021-05-18T02:19:04.360000,P,0.978,7.446413974321331e-07,4,0.0018579235181076,20210518T000000_4
AV.PVV..SH,2021-05-18T03:55:13.580000,P,0.928,7.194860245363088e-07,6,7.978637664057887e-05,20210518T000000_6
AV.PVV..SH,2021-05-18T04:16:56.620000,P,0.311,1.3787578723167826e-07,-1,-1.0,20210518T000000_-1
AV.PVV..SH,2021-05-18T04:31:52.740000,P,0.465,2.543976620472677e-07,9,0.011932943400952,20210518T000000_9
AV.PVV..SH,2021-05-18T04:35:25.000000,P,0.308,2.2839491009563065e-07,-1,-1.0,20210518T000000_-1
AV.PVV..SH,2021-05-18T04:49:39.540000,P,0.882,1.2201813888168545e-06,10,0.0001264027868311,20210518T000000_10
AV.PVV..SH,2021-05-18T05:08:02.840000,P,0.97,3.451055135883508e-06,11,0.0018579235181076,20210518T000000_11
AV.PVV..SH,2021-05-18T05:19:38.840000,P,0.692,1.6829095272896668e-07,-1,-1.0,20210518T000000_-1
AV.PVV..SH,2021-05-18T05:42:47.880000,P,0.784,7.087391509230656e-07,13,0.0018579235181076,20210518T000000_13
AV.PVV..SH,2021-05-18T06:03:30.940000,P,0.441,1.543084096056191e-07,-1,-1.0,20210518T000000_-1
AV.PVV..SH,2021-05-18T06:06:03.020000,P,0.463,1.5344843973252864e-07,-1,-1.0,20210518T000000_-1
AV.PVV..SH,2021-05-18T06:13:58.680000,P,0.352,1.121459689557014e-07,-1,-1.0,20210518T000000_-1
AV.PVV..SH,2021-05-18T06:26:16.840000,P,0.503,1.33387473510993e-07,-1,-1.0,20210518T000000_-1
AV.PVV..SH,2021-05-18T07:19:31.840000,P,0.793,4.614115596268676e-07,14,0.0001264027868311,20210518T000000_14
AV.PVV..SH,2021-05-18T07:38:26.840000,P,0.536,2.582355307367834e-07,-1,-1.0,20210518T000000_-1
AV.PVV..SH,2021-05-18T02:09:38.000000,S,0.447,5.349891694095277e-07,2,0.0018579235181076,20210518T000000_2
AV.PVV..SH,2021-05-18T02:19:17.900000,S,0.793,1.0797197091960695e-06,3,0.0006175126992353,20210518T000000_3
AV.PVV..SH,2021-05-18T02:39:07.900000,S,0.341,1.414541230815303e-07,-1,-1.0,20210518T000000_-1
AV.PVV..SH,2021-05-18T04:31:56.560000,S,0.663,2.543976620472677e-07,9,0.0006482082288036,20210518T000000_9
AV.PVV..SH,2021-05-18T04:49:41.820000,S,0.706,9.74547901932965e-07,10,0.0006175126992353,20210518T000000_10
AV.PVV..SH,2021-05-18T05:08:05.240000,S,0.591,2.958849563583499e-06,11,1.271809483345074e-05,20210518T000000_11
AV.PVV..SH,2021-05-18T05:19:42.280000,S,0.335,1.558455124950342e-07,-1,-1.0,20210518T000000_-1
AV.PVV..SH,2021-05-18T05:47:25.320000,S,0.352,1.397101812017354e-07,-1,-1.0,20210518T000000_-1
AV.PVV..SH,2021-05-18T06:05:37.960000,S,0.311,1.109103351382146e-07,-1,-1.0,20210518T000000_-1
AV.PVV..SH,2021-05-18T06:26:30.920000,S,0.426,1.045322051140829e-07,-1,-1.0,20210518T000000_-1
AV.PVV..SH,2021-05-18T07:19:34.500000,S,0.598,4.614115596268676e-07,14,0.0006175126992353,20210518T000000_14
AV.S12K..BH,2021-05-18T02:19:09.980000,P,0.926,6.228378310879634e-07,4,1.271809483345074e-05,20210518T000000_4
AV.S12K..BH,2021-05-18T03:55:15.500000,P,0.94,1.3160467915440677e-06,6,9.12415403429765e-06,20210518T000000_6
AV.S12K..BH,2021-05-18T05:42:47.660000,P,0.589,9.928048712026794e-07,-1,-1.0,20210518T000000_-1
AV.S12K..BH,2021-05-18T06:50:52.140000,P,0.656,3.773884884594736e-07,-1,-1.0,20210518T000000_-1
AV.S12K..BH,2021-05-18T07:38:31.240000,P,0.716,5.365994866224355e-07,-1,-1.0,20210518T000000_-1
AV.S12K..BH,2021-05-18T02:19:28.880000,S,0.729,1.624313313186576e-06,-1,-1.0,20210518T000000_-1
AV.S12K..BH,2021-05-18T03:56:30.560000,S,0.562,3.692763812068733e-06,-1,-1.0,20210518T000000_-1
AV.S12K..BH,2021-05-18T07:38:56.800000,S,0.627,9.762849231265136e-07,-1,-1.0,20210518T000000_-1
AV.S12K..BH,2021-05-18T07:47:03.860000,S,0.625,2.9196331752245896e-07,-1,-1.0,20210518T000000_-1
AV.DEER..BH,2021-05-18T09:12:26.840000,P,0.544,5.482863798533799e-07,3,0.0018165630688781,20210518T080000_3
AV.DEER..BH,2021-05-18T09:37:17.880000,P,0.387,3.59119809445474e-07,4,0.0018165630688781,20210518T080000_4
AV.DEER..BH,2021-05-18T09:47:21.660000,P,0.958,8.411567478106008e-07,6,0.0018165630688781,20210518T080000_6
AV.DEER..BH,2021-05-18T10:42:19.200000,P,0.819,9.631137345422758e-07,8,0.0018165630688781,20210518T080000_8
AV.DEER..BH,2021-05-18T11:18:55.820000,P,0.849,4.262664106136073e-07,13,0.0018165630688781,20210518T080000_13
AV.DEER..BH,2021-05-18T13:40:22.480000,P,0.678,4.612444968188356e-07,-1,-1.0,20210518T080000_-1
AV.DEER..BH,2021-05-18T08:49:43.720000,S,0.307,3.107078327957425e-07,2,0.0018165630688781,20210518T080000_2
AV.DEER..BH,2021-05-18T09:47:40.380000,S,0.875,1.6201245216507232e-06,7,0.0018165630688781,20210518T080000_7
AV.DEER..BH,2021-05-18T10:10:48.180000,S,0.707,3.0413406193474657e-07,-1,-1.0,20210518T080000_-1
AV.DEER..BH,2021-05-18T11:19:03.660000,S,0.692,4.262664106136073e-07,13,0.0037922061081144,20210518T080000_13
AV.DEER..BH,2021-05-18T13:40:28.120000,S,0.437,4.4152938016850406e-07,-1,-1.0,20210518T080000_-1
AV.DOL..BH,2021-05-18T08:00:00.020000,P,0.572,1.0509912584666381e-07,-1,-1.0,20210518T080000_-1
AV.DOL..BH,2021-05-18T08:00:00.640000,P,0.311,4.159070954301569e-07,-1,-1.0,20210518T080000_-1
AV.DOL..BH,2021-05-18T08:49:32.820000,P,0.954,4.402131708047818e-07,2,0.0037922061081144,20210518T080000_2
AV.DOL..BH,2021-05-18T09:07:40.880000,P,0.345,2.832148311426863e-07,-1,-1.0,20210518T080000_-1
AV.DOL..BH,2021-05-18T09:12:27.880000,P,0.562,5.313597739586839e-07,3,0.0037922061081144,20210518T080000_3
AV.DOL..BH,2021-05-18T09:37:16.160000,P,0.842,6.062931561245932e-07,4,0.0037922061081144,20210518T080000_4
AV.DOL..BH,2021-05-18T09:47:19.660000,P,0.962,2.236871750938008e-06,6,0.0037922061081144,20210518T080000_6
AV.DOL..BH,2021-05-18T10:10:38.200000,P,0.305,2.617844359065203e-07,-1,-1.0,20210518T080000_-1
AV.DOL..BH,2021-05-18T10:40:11.820000,P,0.329,3.215455421923253e-07,-1,-1.0,20210518T080000_-1
AV.DOL..BH,2021-05-18T10:42:20.480000,P,0.778,7.680392286602e-07,8,0.0037922061081144,20210518T080000_8
AV.DOL..BH,2021-05-18T10:47:50.940000,P,0.571,3.516345543630451e-07,-1,-1.0,20210518T080000_-1
AV.DOL..BH,2021-05-18T10:48:43.680000,P,0.471,3.863788151647896e-07,9,0.0018165630688781,20210518T080000_9
AV.DOL..BH,2021-05-18T11:18:57.480000,P,0.953,3.7429035160130297e-07,13,0.0083084913088942,20210518T080000_13
AV.DOL..BH,2021-05-18T11:31:57.880000,P,0.796,2.653977162481169e-07,-1,-1.0,20210518T080000_-1
AV.DOL..BH,2021-05-18T12:24:46.520000,P,0.365,2.69072302216955e-07,-1,-1.0,20210518T080000_-1
AV.DOL..BH,2021-05-18T12:41:55.260000,P,0.391,3.197510523023084e-07,-1,-1.0,20210518T080000_-1
AV.DOL..BH,2021-05-18T12:41:56.640000,P,0.413,3.5974753131995385e-07,-1,-1.0,20210518T080000_-1
AV.DOL..BH,2021-05-18T13:37:13.960000,P,0.472,3.697704187288764e-07,-1,-1.0,20210518T080000_-1
AV.DOL..BH,2021-05-18T13:46:39.840000,P,0.69,3.1681258860771777e-07,-1,-1.0,20210518T080000_-1
AV.DOL..BH,2021-05-18T15:13:52.040000,P,0.347,4.205481332064665e-07,-1,-1.0,20210518T080000_-1
AV.DOL..BH,2021-05-18T15:15:07.260000,P,0.51,4.595487723690894e-07,-1,-1.0,20210518T080000_-1
AV.DOL..BH,2021-05-18T15:38:17.260000,P,0.348,2.916215464665584e-07,-1,-1.0,20210518T080000_-1
AV.DOL..BH,2021-05-18T15:41:53.960000,P,0.718,4.290444621801726e-07,-1,-1.0,20210518T080000_-1
AV.DOL..BH,2021-05-18T15:45:08.860000,P,0.916,4.502243484694192e-07,19,0.0018165630688781,20210518T080000_19
AV.DOL..BH,2021-05-18T15:55:17.800000,P,0.654,2.683223954136338e-07,-1,-1.0,20210518T080000_-1
AV.DOL..BH,2021-05-18T08:49:41.660000,S,0.702,4.438655878402642e-07,2,0.0083084913088942,20210518T080000_2
AV.DOL..BH,2021-05-18T09:37:33.960000,S,0.928,1.5977964267221978e-06,-1,-1.0,20210518T080000_-1
AV.DOL..BH,2021-05-18T09:47:37.440000,S,0.673,5.8227296904078685e-06,7,0.0037922061081144,20210518T080000_7
AV.DOL..BH,2021-05-18T10:49:04.700000,S,0.753,7.242238098115195e-07,-1,-1.0,20210518T080000_-1
AV.DOL..BH,2021-05-18T11:19:07.100000,S,0.763,3.062295377276314e-07,13,0.0034746411228216,20210518T080000_13
AV.DOL..BH,2021-05-18T11:23:32.160000,S,0.568,3.956096747970151e-07,-1,-1.0,20210518T080000_-1
AV.DOL..BH,2021-05-18T11:32:16.320000,S,0.609,4.083773887941789e-07,-1,-1.0,20210518T080000_-1
AV.DOL..BH,2021-05-18T11:48:47.240000,S,0.607,3.444837659571931e-07,-1,-1.0,20210518T080000_-1
AV.DOL..BH,2021-05-18T12:16:39.720000,S,0.308,3.780178303713911e-07,-1,-1.0,20210518T080000_-1
AV.DOL..BH,2021-05-18T12:42:04.680000,S,0.499,3.5974753131995385e-07,-1,-1.0,20210518T080000_-1
AV.DOL..BH,2021-05-18T13:40:22.720000,S,0.516,7.652198519281228e-07,-1,-1.0,20210518T080000_-1
AV.DOL..BH,2021-05-18T14:11:51.700000,S,0.699,3.898117313383409e-07,18,0.0018165630688781,20210518T080000_18
AV.DOL..BH,2021-05-18T15:42:11.340000,S,0.643,4.408896927543538e-07,-1,-1.0,20210518T080000_-1
AV.DOL..BH,2021-05-18T15:45:14.040000,S,0.874,4.502243484694192e-07,19,0.0037922061081144,20210518T080000_19
AV.DOL..BH,2021-05-18T15:55:23.980000,S,0.825,2.683223954136338e-07,-1,-1.0,20210518T080000_-1
AV.DT1..BH,2021-05-18T08:49:34.680000,P,0.962,4.051544806316089e-07,2,0.0034746411228216,20210518T080000_2
AV.DT1..BH,2021-05-18T09:12:27.440000,P,0.626,5.412238124336e-07,3,0.0083084913088942,20210518T080000_3
AV.DT1..BH,2021-05-18T09:37:18.620000,P,0.533,4.326296050294333e-07,4,0.0083084913088942,20210518T080000_4
AV.DT1..BH,2021-05-18T09:47:22.360000,P,0.974,2.8971976462344173e-06,6,0.0083084913088942,20210518T080000_6
AV.DT1..BH,2021-05-18T10:42:20.040000,P,0.595,7.143598281800223e-07,8,0.0083084913088942,20210518T080000_8
AV.DT1..BH,2021-05-18T10:49:09.080000,P,0.477,3.635699954429583e-07,10,0.0018165630688781,20210518T080000_10
AV.DT1..BH,2021-05-18T11:18:57.420000,P,0.929,5.846749218108016e-07,12,0.0018165630688781,20210518T080000_12
AV.DT1..BH,2021-05-18T13:38:58.280000,P,0.658,3.2771936275821645e-07,16,0.0018165630688781,20210518T080000_16
AV.DT1..BH,2021-05-18T08:49:44.980000,S,0.903,3.1385988563670253e-07,2,0.0022518617510134,20210518T080000_2
AV.DT1..BH,2021-05-18T09:37:38.780000,S,0.831,7.970498927534209e-07,5,0.0018165630688781,20210518T080000_5
AV.DT1..BH,2021-05-18T09:47:42.560000,S,0.639,2.771451136140968e-06,7,0.0083084913088942,20210518T080000_7
AV.DT1..BH,2021-05-18T10:40:23.460000,S,0.818,2.9300363735274004e-07,-1,-1.0,20210518T080000_-1
AV.DT1..BH,2021-05-18T10:49:09.280000,S,0.326,3.635699954429583e-07,-1,-1.0,20210518T080000_-1
AV.DT1..BH,2021-05-18T11:19:06.780000,S,0.811,5.846749218108016e-07,12,0.0037922061081144,20210518T080000_12
AV.DTN..BH,2021-05-18T08:00:00.020000,P,0.349,3.4539954185675015e-07,-1,-1.0,20210518T080000_-1
AV.DTN..BH,2021-05-18T08:49:35.000000,P,0.712,4.209780968267296e-07,2,0.0004395834686427,20210518T080000_2
AV.DTN..BH,2021-05-18T09:37:19.060000,P,0.952,6.092580520089541e-07,4,0.0034746411228216,20210518T080000_4
AV.DTN..BH,2021-05-18T09:47:22.640000,P,0.966,2.370497213632916e-06,6,0.0034746411228216,20210518T080000_6
AV.DTN..BH,2021-05-18T10:47:48.520000,P,0.642,5.068732775725948e-07,-1,-1.0,20210518T080000_-1
AV.DTN..BH,2021-05-18T10:49:42.240000,P,0.377,7.074992822708737e-07,-1,-1.0,20210518T080000_-1
AV.DTN..BH,2021-05-18T11:18:57.960000,P,0.621,5.690965849680651e-07,12,0.0083084913088942,20210518T080000_12
AV.DTN..BH,2021-05-18T11:32:00.780000,P,0.86,4.591030347000924e-07,-1,-1.0,20210518T080000_-1
AV.DTN..BH,2021-05-18T11:44:33.000000,P,0.432,4.425711779276753e-07,-1,-1.0,20210518T080000_-1
AV.DTN..BH,2021-05-18T15:41:57.800000,P,0.423,4.92763206239033e-07,-1,-1.0,20210518T080000_-1
AV.DTN..BH,2021-05-18T08:49:45.320000,S,0.306,4.1493143498883e-07,2,0.0017080478497501,20210518T080000_2
AV.DTN..BH,2021-05-18T09:37:39.520000,S,0.425,1.360578608000651e-06,5,0.0037922061081144,20210518T080000_5
AV.DTN..BH,2021-05-18T09:47:42.700000,S,0.661,3.635109123933944e-06,7,0.0034746411228216,20210518T080000_7
AV.HAG..SH,2021-05-18T09:37:18.380000,P,0.926,7.364582188529312e-07,4,0.0022518617510134,20210518T080000_4
AV.HAG..SH,2021-05-18T09:47:21.960000,P,0.981,2.90238540401333e-06,6,0.0022518617510134,20210518T080000_6
AV.HAG..SH,2021-05-18T10:48:48.800000,P,0.327,1.974714649577436e-07,9,0.0037922061081144,20210518T080000_9
AV.HAG..SH,2021-05-18T11:07:33.680000,P,0.493,1.758322127898282e-07,11,0.0018165630688781,20210518T080000_11
AV.HAG..SH,2021-05-18T11:19:00.920000,P,0.658,1.2420670714163864e-07,12,0.0034746411228216,20210518T080000_12
AV.HAG..SH,2021-05-18T13:38:54.780000,P,0.671,3.792169991356786e-07,16,0.0037922061081144,20210518T080000_16
AV.HAG..SH,2021-05-18T14:04:43.960000,P,0.86,2.403312748811004e-07,-1,-1.0,20210518T080000_-1
AV.HAG..SH,2021-05-18T14:11:42.140000,P,0.814,3.26005789474948e-07,18,0.0037922061081144,20210518T080000_18
AV.HAG..SH,2021-05-18T15:45:07.340000,P,0.629,2.773417691059876e-07,19,0.0083084913088942,20210518T080000_19
AV.HAG..SH,2021-05-18T15:59:15.040000,P,0.621,2.816865958266135e-07,21,0.0018165630688781,20210518T080000_21
AV.HAG..SH,2021-05-18T09:47:43.120000,S,0.421,3.5834584650729084e-06,7,0.0022518617510134,20210518T080000_7
AV.HAG..SH,2021-05-18T10:49:08.600000,S,0.318,1.9524576089224865e-07,-1,-1.0,20210518T080000_-1
AV.HAG..SH,2021-05-18T10:49:09.440000,S,0.458,3.314284242605936e-07,10,0.0037922061081144,20210518T080000_10
AV.HAG..SH,2021-05-18T11:19:13.340000,S,0.686,1.2543233651740593e-07,12,0.0022518617510134,20210518T080000_12
AV.HAG..SH,2021-05-18T11:22:06.240000,S,0.301,1.6270850267119388e-07,14,0.0018165630688781,20210518T080000_14
AV.HAG..SH,2021-05-18T11:23:35.880000,S,0.54,1.2714605190922157e-07,-1,-1.0,20210518T080000_-1
AV.HAG..SH,2021-05-18T14:04:48.320000,S,0.817,2.403312748811004e-07,-1,-1.0,20210518T080000_-1
AV.HAG..SH,2021-05-18T14:11:46.820000,S,0.782,3.26005789474948e-07,18,0.0083084913088942,20210518T080000_18
AV.HAG..SH,2021-05-18T15:42:14.560000,S,0.414,1.364752222343668e-07,-1,-1.0,20210518T080000_-1
AV.HAG..SH,2021-05-18T15:45:11.600000,S,0.347,2.773417691059876e-07,19,0.0034746411228216,20210518T080000_19
AV.HAG..SH,2021-05-18T15:49:13.000000,S,0.382,1.230535815466283e-07,20,0.0018165630688781,20210518T080000_20
AV.HAG..SH,2021-05-18T15:59:19.160000,S,0.438,2.816865958266135e-07,21,0.0037922061081144,20210518T080000_21
AV.PN7A..BH,2021-05-18T08:35:36.300000,P,0.636,7.32061664621142e-07,1,0.0018165630688781,20210518T080000_1
AV.PN7A..BH,2021-05-18T09:37:21.680000,P,0.473,6.213426786416676e-07,4,0.0004395834686427,20210518T080000_4
AV.PN7A..BH,2021-05-18T09:47:24.220000,P,0.856,1.350055072180112e-06,6,0.0004395834686427,20210518T080000_6
AV.PN7A..BH,2021-05-18T10:48:50.760000,P,0.363,4.600775298513328e-07,9,0.0083084913088942,20210518T080000_9
AV.PN7A..BH,2021-05-18T11:07:32.360000,P,0.808,1.348373757537047e-06,11,0.0037922061081144,20210518T080000_11
AV.PN7A..BH,2021-05-18T12:47:16.300000,P,0.603,9.412426038579724e-07,15,0.0018165630688781,20210518T080000_15
AV.PN7A..BH,2021-05-18T13:38:53.900000,P,0.708,8.243267188845493e-07,16,0.0083084913088942,20210518T080000_16
AV.PN7A..BH,2021-05-18T14:04:43.340000,P,0.439,1.3995675089972792e-06,17,0.0018165630688781,20210518T080000_17
AV.PN7A..BH,2021-05-18T14:07:18.400000,P,0.572,4.942523332829296e-07,-1,-1.0,20210518T080000_-1
AV.PN7A..BH,2021-05-18T14:11:41.580000,P,0.778,1.877849626907846e-06,18,0.0034746411228216,20210518T080000_18
AV.PN7A..BH,2021-05-18T15:45:07.020000,P,0.886,7.462441544703324e-07,19,0.0022518617510134,20210518T080000_19
AV.PN7A..BH,2021-05-18T15:49:08.360000,P,0.708,5.679914920619922e-07,20,0.0037922061081144,20210518T080000_20
AV.PN7A..BH,2021-05-18T15:59:14.380000,P,0.78,1.2506526445577038e-06,21,0.0083084913088942,20210518T080000_21
AV.PN7A..BH,2021-05-18T09:47:45.860000,S,0.493,2.026100673901965e-06,7,0.0004395834686427,20210518T080000_7
AV.PN7A..BH,2021-05-18T12:47:19.200000,S,0.324,9.412426038579724e-07,15,0.0037922061081144,20210518T080000_15
AV.PN7A..BH,2021-05-18T14:11:45.880000,S,0.469,1.877849626907846e-06,18,0.0022518617510134,20210518T080000_18
AV.PN7A..BH,2021-05-18T15:45:10.700000,S,0.385,7.462441544703324e-07,19,0.0004395834686427,20210518T080000_19
AV.PN7A..BH,2021-05-18T15:59:18.520000,S,0.436,1.2506526445577038e-06,21,0.0034746411228216,20210518T080000_21
AV.PS1A..BH,2021-05-18T08:00:00.020000,P,0.461,1.2713896921923151e-06,-1,-1.0,20210518T080000_-1
AV.PS1A..BH,2021-05-18T09:37:18.440000,P,0.541,6.392266413968173e-07,4,0.0017080478497501,20210518T080000_4
AV.PS1A..BH,2021-05-18T09:47:21.740000,P,0.896,2.1968508008285426e-06,6,0.0017080478497501,20210518T080000_6
AV.PS1A..BH,2021-05-18T10:42:21.960000,P,0.536,6.503367444565811e-07,8,0.0034746411228216,20210518T080000_8
AV.PS1A..BH,2021-05-18T10:48:47.720000,P,0.776,7.026284265521099e-07,9,0.0034746411228216,20210518T080000_9
AV.PS1A..BH,2021-05-18T11:07:32.460000,P,0.787,1.273478233088099e-06,11,0.0083084913088942,20210518T080000_11
AV.PS1A..BH,2021-05-18T11:23:15.180000,P,0.515,5.633651198877487e-07,-1,-1.0,20210518T080000_-1
AV.PS1A..BH,2021-05-18T12:47:18.760000,P,0.502,7.809296107552655e-07,15,0.0083084913088942,20210518T080000_15
AV.PS1A..BH,2021-05-18T13:38:52.300000,P,0.513,5.298314817991923e-07,16,0.0034746411228216,20210518T080000_16
AV.PS1A..BH,2021-05-18T14:04:43.940000,P,0.933,1.1157047765664174e-06,17,0.0037922061081144,20210518T080000_17
AV.PS1A..BH,2021-05-18T14:11:41.820000,P,0.915,1.17778427011217e-06,18,0.0004395834686427,20210518T080000_18
AV.PS1A..BH,2021-05-18T15:45:06.900000,P,0.928,1.7884586895888788e-06,19,0.0017080478497501,20210518T080000_19
AV.PS1A..BH,2021-05-18T15:49:08.060000,P,0.354,6.971044967940543e-07,20,0.0083084913088942,20210518T080000_20
AV.PS1A..BH,2021-05-18T15:59:14.440000,P,0.929,1.148671117334743e-06,21,0.0022518617510134,20210518T080000_21
AV.PS1A..BH,2021-05-18T09:37:37.780000,S,0.509,1.2848441883761552e-06,5,0.0083084913088942,20210518T080000_5
AV.PS1A..BH,2021-05-18T09:47:41.380000,S,0.666,3.2539146559429355e-06,7,0.0017080478497501,20210518T080000_7
AV.PS1A..BH,2021-05-18T10:49:07.800000,S,0.496,6.251161153159046e-07,10,0.0083084913088942,20210518T080000_10
AV.PS1A..BH,2021-05-18T11:07:35.980000,S,0.791,1.273478233088099e-06,11,0.0034746411228216,20210518T080000_11
AV.PS1A..BH,2021-05-18T12:47:22.360000,S,0.395,7.809296107552655e-07,15,0.0034746411228216,20210518T080000_15
AV.PS1A..BH,2021-05-18T14:04:48.160000,S,0.453,1.8172330555898952e-06,17,0.0083084913088942,20210518T080000_17
AV.PS1A..BH,2021-05-18T15:45:10.400000,S,0.844,1.7884586895888788e-06,19,0.0017880080704538,20210518T080000_19
AV.PS1A..BH,2021-05-18T15:49:11.760000,S,0.642,6.971044967940543e-07,20,0.0034746411228216,20210518T080000_20
AV.PS4A..BH,2021-05-18T09:37:19.020000,P,0.621,9.028031513480528e-07,4,0.0017880080704538,20210518T080000_4
AV.PS4A..BH,2021-05-18T09:47:21.940000,P,0.818,3.160833330184687e-06,6,0.0017880080704538,20210518T080000_6
AV.PS4A..BH,2021-05-18T10:42:21.740000,P,0.689,6.940217645023949e-07,8,0.0022518617510134,20210518T080000_8
AV.PS4A..BH,2021-05-18T11:07:32.200000,P,0.816,1.374562771161436e-06,11,0.0022518617510134,20210518T080000_11
AV.PS4A..BH,2021-05-18T09:47:41.360000,S,0.719,5.725557457481045e-06,7,0.0017880080704538,20210518T080000_7
AV.PS4A..BH,2021-05-18T11:07:35.120000,S,0.711,1.374562771161436e-06,11,0.0004395834686427,20210518T080000_11
AV.PS4A..BH,2021-05-18T11:22:03.600000,S,0.497,9.75704097072594e-07,-1,-1.0,20210518T080000_-1
AV.PS4A..BH,2021-05-18T14:04:45.560000,S,0.414,1.7280170823141816e-06,17,0.0034746411228216,20210518T080000_17
AV.PS4A..BH,2021-05-18T14:11:43.920000,S,0.448,2.217237351942458e-06,-1,-1.0,20210518T080000_-1
AV.PS4A..BH,2021-05-18T15:45:10.480000,S,0.465,8.263958193310827e-07,19,0.0004532188445043,20210518T080000_19
AV.PS4A..BH,2021-05-18T15:59:16.380000,S,0.713,1.994822468986968e-06,-1,-1.0,20210518T080000_-1
AV.PV6A..SH,2021-05-18T08:35:39.900000,P,0.485,2.539055117267708e-07,1,0.0037922061081144,20210518T080000_1
AV.PV6A..SH,2021-05-18T09:07:27.920000,P,0.445,1.1519496467826687e-07,-1,-1.0,20210518T080000_-1
AV.PV6A..SH,2021-05-18T09:37:21.020000,P,0.86,5.020407343181432e-07,4,0.0004532188445043,20210518T080000_4
AV.PV6A..SH,2021-05-18T09:47:24.300000,P,0.788,1.5407031241920777e-06,6,0.0004532188445043,20210518T080000_6
AV.PV6A..SH,2021-05-18T10:06:18.460000,P,0.479,1.4751265098311708e-07,-1,-1.0,20210518T080000_-1
AV.PV6A..SH,2021-05-18T10:48:50.640000,P,0.709,1.2419792483342462e-07,9,0.0022518617510134,20210518T080000_9
AV.PV6A..SH,2021-05-18T11:22:03.000000,P,0.301,6.39420960624193e-08,14,0.0037922061081144,20210518T080000_14
AV.PV6A..SH,2021-05-18T11:22:03.660000,P,0.337,3.432474784403894e-07,-1,-1.0,20210518T080000_-1
AV.PV6A..SH,2021-05-18T12:47:17.820000,P,0.744,4.463702225621091e-07,15,0.0022518617510134,20210518T080000_15
AV.PV6A..SH,2021-05-18T12:49:06.120000,P,0.358,8.460543199362291e-08,-1,-1.0,20210518T080000_-1
AV.PV6A..SH,2021-05-18T13:38:52.780000,P,0.378,6.786156347970973e-08,16,0.0022518617510134,20210518T080000_16
AV.PV6A..SH,2021-05-18T13:38:53.680000,P,0.394,1.9505868920077774e-07,-1,-1.0,20210518T080000_-1
AV.PV6A..SH,2021-05-18T14:04:45.120000,P,0.597,4.521436380855448e-07,17,0.0022518617510134,20210518T080000_17
AV.PV6A..SH,2021-05-18T14:11:42.700000,P,0.517,8.714963684042233e-08,-1,-1.0,20210518T080000_-1
AV.PV6A..SH,2021-05-18T14:11:43.340000,P,0.362,6.389047371158085e-07,-1,-1.0,20210518T080000_-1
AV.PV6A..SH,2021-05-18T15:45:06.740000,P,0.947,3.808964379459212e-07,19,0.0016769090529751,20210518T080000_19
AV.PV6A..SH,2021-05-18T15:49:08.640000,P,0.379,2.8348941327749344e-07,20,0.0022518617510134,20210518T080000_20
AV.PV6A..SH,2021-05-18T15:59:16.060000,P,0.771,5.144169676896126e-07,21,0.0004395834686427,20210518T080000_21
AV.PV6A..SH,2021-05-18T08:09:16.480000,S,0.392,2.873391338198417e-07,-1,-1.0,20210518T080000_-1
AV.PV6A..SH,2021-05-18T08:35:43.600000,S,0.798,2.539055117267708e-07,1,0.0083084913088942,20210518T080000_1
AV.PV6A..SH,2021-05-18T08:51:38.960000,S,0.637,1.1237848411838058e-06,-1,-1.0,20210518T080000_-1
AV.PV6A..SH,2021-05-18T09:26:38.760000,S,0.334,9.72534621723753e-08,-1,-1.0,20210518T080000_-1
AV.PV6A..SH,2021-05-18T09:37:44.640000,S,0.768,6.746719805050816e-07,-1,-1.0,20210518T080000_-1
AV.PV6A..SH,2021-05-18T09:47:46.420000,S,0.838,2.242971504529123e-06,7,0.0004532188445043,20210518T080000_7
AV.PV6A..SH,2021-05-18T10:06:20.040000,S,0.341,7.80985232040621e-08,-1,-1.0,20210518T080000_-1
AV.PV6A..SH,2021-05-18T10:49:12.020000,S,0.745,1.762935397664478e-07,10,0.0034746411228216,20210518T080000_10
AV.PV6A..SH,2021-05-18T10:54:13.920000,S,0.361,8.149758201625448e-08,-1,-1.0,20210518T080000_-1
AV.PV6A..SH,2021-05-18T11:07:36.380000,S,0.845,6.031893917679554e-07,11,0.0017080478497501,20210518T080000_11
AV.PV6A..SH,2021-05-18T11:22:09.660000,S,0.376,3.432474784403894e-07,14,0.0083084913088942,20210518T080000_14
AV.PV6A..SH,2021-05-18T11:50:50.320000,S,0.472,1.044462010213465e-07,-1,-1.0,20210518T080000_-1
AV.PV6A..SH,2021-05-18T12:47:22.000000,S,0.655,4.463702225621091e-07,15,0.0004395834686427,20210518T080000_15
AV.PV6A..SH,2021-05-18T13:16:22.640000,S,0.356,9.631055064573957e-08,-1,-1.0,20210518T080000_-1
AV.PV6A..SH,2021-05-18T14:04:50.520000,S,0.352,4.521436380855448e-07,17,0.0004395834686427,20210518T080000_17
AV.PV6A..SH,2021-05-18T15:21:27.040000,S,0.304,1.1691005852298988e-07,-1,-1.0,20210518T080000_-1
AV.PV6A..SH,2021-05-18T15:45:10.460000,S,0.838,3.808964379459212e-07,19,0.0002837917120164,20210518T080000_19
AV.PV6A..SH,2021-05-18T15:49:12.160000,S,0.581,2.8348941327749344e-07,20,0.0004395834686427,20210518T080000_20
AV.PV6A..SH,2021-05-18T15:59:21.320000,S,0.316,5.144169676896126e-07,21,0.0017080478497501,20210518T080000_21
AV.PVV..SH,2021-05-18T08:35:35.680000,P,0.587,1.6384159096105577e-07,1,0.0034746411228216,20210518T080000_1
AV.PVV..SH,2021-05-18T09:12:28.680000,P,0.301,1.385430010714117e-07,3,0.0034746411228216,20210518T080000_3
AV.PVV..SH,2021-05-18T09:37:18.780000,P,0.907,2.6920005780084466e-07,4,0.0016769090529751,20210518T080000_4
AV.PVV..SH,2021-05-18T09:47:21.460000,P,0.97,1.8156143823944149e-06,6,0.0016769090529751,20210518T080000_6
AV.PVV..SH,2021-05-18T10:42:21.800000,P,0.837,1.5288401300495025e-07,8,0.0004395834686427,20210518T080000_8
AV.PVV..SH,2021-05-18T10:48:47.360000,P,0.837,1.1853818193685585e-07,9,0.0004395834686427,20210518T080000_9
AV.PVV..SH,2021-05-18T11:07:31.580000,P,0.919,3.919087703252444e-07,11,0.0017880080704538,20210518T080000_11
AV.PVV..SH,2021-05-18T11:22:01.100000,P,0.476,2.425963714358659e-07,14,0.0034746411228216,20210518T080000_14
AV.PVV..SH,2021-05-18T12:47:17.360000,P,0.639,1.448131854431267e-07,15,0.0017080478497501,20210518T080000_15
AV.PVV..SH,2021-05-18T13:38:53.280000,P,0.472,1.3439259305414453e-07,16,0.0004395834686427,20210518T080000_16
AV.PVV..SH,2021-05-18T14:04:43.480000,P,0.85,4.810493123841297e-07,17,0.0017080478497501,20210518T080000_17
AV.PVV..SH,2021-05-18T14:11:41.580000,P,0.758,5.177420803192945e-07,18,0.0017080478497501,20210518T080000_18
AV.PVV..SH,2021-05-18T15:37:00.840000,P,0.869,1.1937773081172054e-07,-1,-1.0,20210518T080000_-1
AV.PVV..SH,2021-05-18T15:59:14.040000,P,0.961,5.449368813970068e-07,21,0.0017880080704538,20210518T080000_21
AV.PVV..SH,2021-05-18T08:35:38.000000,S,0.301,1.6384159096105577e-07,1,0.0022518617510134,20210518T080000_1
AV.PVV..SH,2021-05-18T09:37:37.080000,S,0.353,1.953989965386427e-07,-1,-1.0,20210518T080000_-1
AV.PVV..SH,2021-05-18T09:37:38.320000,S,0.363,3.126087051441573e-07,5,0.0034746411228216,20210518T080000_5
AV.PVV..SH,2021-05-18T11:07:35.200000,S,0.336,3.919087703252444e-07,11,0.0004532188445043,20210518T080000_11
AV.PVV..SH,2021-05-18T11:22:09.960000,S,0.434,2.425963714358659e-07,14,0.0022518617510134,20210518T080000_14
AV.PVV..SH,2021-05-18T12:47:22.120000,S,0.471,1.448131854431267e-07,15,0.0017880080704538,20210518T080000_15
AV.PVV..SH,2021-05-18T14:04:46.140000,S,0.438,4.810493123841297e-07,17,0.0017880080704538,20210518T080000_17
AV.PVV..SH,2021-05-18T14:11:47.640000,S,0.392,5.177420803192945e-07,18,0.0017880080704538,20210518T080000_18
AV.PVV..SH,2021-05-18T15:45:10.880000,S,0.331,1.4250962010464718e-07,19,0.0014308333400531,20210518T080000_19
AV.PVV..SH,2021-05-18T15:59:20.160000,S,0.653,5.449368813970068e-07,21,0.0004532188445043,20210518T080000_21
AV.S12K..BH,2021-05-18T09:12:29.960000,P,0.447,4.7400138214470644e-07,3,0.0022518617510134,20210518T080000_3
AV.S12K..BH,2021-05-18T09:37:22.940000,P,0.88,6.183615823829314e-07,5,0.0022518617510134,20210518T080000_5
AV.S12K..BH,2021-05-18T09:47:27.160000,P,0.571,1.2376433460303815e-06,6,0.0002837917120164,20210518T080000_6
AV.S12K..BH,2021-05-18T10:42:23.100000,P,0.468,5.753578875555831e-07,8,0.0017080478497501,20210518T080000_8
AV.S12K..BH,2021-05-18T13:38:52.540000,P,0.609,4.520640004557208e-07,16,0.0017080478497501,20210518T080000_16
AV.S12K..BH,2021-05-18T15:45:08.760000,P,0.858,7.506740189455741e-07,19,0.0009847332514254,20210518T080000_19
AV.S12K..BH,2021-05-18T09:37:48.600000,S,0.479,1.0862722774618303e-06,-1,-1.0,20210518T080000_-1
AV.S12K..BH,2021-05-18T09:47:50.720000,S,0.633,2.739468300205772e-06,7,0.0016769090529751,20210518T080000_7
AV.S12K..BH,2021-05-18T15:45:13.580000,S,0.858,7.506740189455741e-07,19,0.0093694313134029,20210518T080000_19
AV.S12K..BH,2021-05-18T15:49:15.680000,S,0.642,8.899359045244637e-07,20,0.0017080478497501,20210518T080000_20
AV.DEER..BH,2021-05-18T17:34:00.220000,P,0.961,1.4702214912176714e-06,2,0.0708638548658506,20210518T160000_2
AV.DEER..BH,2021-05-18T20:29:30.600000,P,0.973,1.187123075396812e-06,5,0.0708638548658506,20210518T160000_5
AV.DEER..BH,2021-05-18T23:28:26.340000,P,0.911,7.579591283501941e-07,8,0.0708638548658506,20210518T160000_8
AV.DEER..BH,2021-05-18T17:01:23.520000,S,0.383,3.31073181314423e-07,-1,-1.0,20210518T160000_-1
AV.DEER..BH,2021-05-18T17:34:11.140000,S,0.953,1.4702214912176714e-06,2,0.002624397403682,20210518T160000_2
AV.DEER..BH,2021-05-18T20:29:40.340000,S,0.843,1.187123075396812e-06,5,0.002624397403682,20210518T160000_5
AV.DEER..BH,2021-05-18T23:28:45.880000,S,0.623,2.4917083010223e-06,9,0.0708638548658506,20210518T160000_9
AV.DOL..BH,2021-05-18T17:01:16.140000,P,0.741,6.666823537671007e-07,-1,-1.0,20210518T160000_-1
AV.DOL..BH,2021-05-18T17:33:56.100000,P,0.979,2.8201600343891187e-06,2,0.0031312608417343,20210518T160000_2
AV.DOL..BH,2021-05-18T18:54:07.660000,P,0.35,3.937473707082973e-07,4,0.0708638548658506,20210518T160000_4
AV.DOL..BH,2021-05-18T20:29:31.480000,P,0.583,5.305969352775719e-07,-1,-1.0,20210518T160000_-1
AV.DOL..BH,2021-05-18T20:29:32.320000,P,0.314,1.2434128393579158e-06,6,0.0708638548658506,20210518T160000_6
AV.DOL..BH,2021-05-18T21:42:51.480000,P,0.427,5.674602903127379e-07,-1,-1.0,20210518T160000_-1
AV.DOL..BH,2021-05-18T21:56:57.500000,P,0.825,6.98868802828656e-07,7,0.0708638548658506,20210518T160000_7
AV.DOL..BH,2021-05-18T23:28:23.940000,P,0.94,3.1143963497015648e-06,8,0.002624397403682,20210518T160000_8
AV.DOL..BH,2021-05-18T16:05:47.880000,S,0.487,4.272695548479533e-07,-1,-1.0,20210518T160000_-1
AV.DOL..BH,2021-05-18T17:01:30.780000,S,0.712,4.146657488490746e-07,-1,-1.0,20210518T160000_-1
AV.DOL..BH,2021-05-18T17:34:03.640000,S,0.935,2.8201600343891187e-06,2,0.0007863222802382,20210518T160000_2
AV.DOL..BH,2021-05-18T18:54:20.540000,S,0.783,4.332869991685584e-07,4,0.002624397403682,20210518T160000_4
AV.DOL..BH,2021-05-18T20:29:42.260000,S,0.665,1.2434128393579158e-06,6,0.002624397403682,20210518T160000_6
AV.DOL..BH,2021-05-18T21:04:47.200000,S,0.447,7.277108124981169e-07,-1,-1.0,20210518T160000_-1
AV.DOL..BH,2021-05-18T21:57:01.620000,S,0.449,6.98868802828656e-07,7,0.002624397403682,20210518T160000_7
AV.DOL..BH,2021-05-18T22:42:50.120000,S,0.562,6.940784373909992e-07,-1,-1.0,20210518T160000_-1
AV.DOL..BH,2021-05-18T23:28:41.680000,S,0.706,1.3865123946743552e-05,9,0.002624397403682,20210518T160000_9
AV.DT1..BH,2021-05-18T17:33:59.960000,P,0.971,1.1782398132709204e-06,2,0.0865073481555438,20210518T160000_2
AV.DT1..BH,2021-05-18T20:29:32.040000,P,0.985,1.810371486499207e-06,6,0.0031312608417343,20210518T160000_6
AV.DT1..BH,2021-05-18T23:28:26.760000,P,0.961,2.0219740690663457e-06,8,0.0031312608417343,20210518T160000_8
AV.DT1..BH,2021-05-18T17:34:10.260000,S,0.883,1.1782398132709204e-06,2,0.0023776452827387,20210518T160000_2
AV.DT1..BH,2021-05-18T20:29:42.980000,S,0.909,1.5956003380779291e-06,6,0.0007863222802382,20210518T160000_6
AV.DT1..BH,2021-05-18T21:04:51.560000,S,0.352,7.315828725040774e-07,-1,-1.0,20210518T160000_-1
AV.DT1..BH,2021-05-18T23:28:46.400000,S,0.856,5.720974058931461e-06,9,0.0031312608417343,20210518T160000_9
AV.DTN..BH,2021-05-18T16:00:00.020000,P,0.38,5.623143692901067e-07,-1,-1.0,20210518T160000_-1
AV.DTN..BH,2021-05-18T17:33:59.940000,P,0.964,1.7226424233740545e-06,2,0.0010865479698064,20210518T160000_2
AV.DTN..BH,2021-05-18T20:29:32.600000,P,0.572,1.2576614381032414e-06,5,0.0031312608417343,20210518T160000_5
AV.DTN..BH,2021-05-18T23:28:27.140000,P,0.948,2.7585840598476352e-06,8,0.0007863222802382,20210518T160000_8
AV.DTN..BH,2021-05-18T17:34:10.260000,S,0.812,1.7226424233740545e-06,2,0.0003702093096971,20210518T160000_2
AV.DTN..BH,2021-05-18T23:28:47.420000,S,0.805,8.47944465931505e-06,9,0.0007863222802382,20210518T160000_9
AV.HAG..SH,2021-05-18T17:28:27.040000,P,0.931,3.867515090405505e-07,1,0.0708638548658506,20210518T160000_1
AV.HAG..SH,2021-05-18T17:33:57.500000,P,0.858,8.387662546738284e-07,2,0.0852829401200203,20210518T160000_2
AV.HAG..SH,2021-05-18T18:08:23.940000,P,0.754,1.9505371540162741e-07,3,0.0708638548658506,20210518T160000_3
AV.HAG..SH,2021-05-18T18:54:09.720000,P,0.402,9.602669592823077e-08,4,0.0031312608417343,20210518T160000_4
AV.HAG..SH,2021-05-18T20:29:34.840000,P,0.974,3.5665146924657165e-07,5,0.0007863222802382,20210518T160000_5
AV.HAG..SH,2021-05-18T20:29:44.880000,P,0.477,2.872437221412838e-07,-1,-1.0,20210518T160000_-1
AV.HAG..SH,2021-05-18T21:43:32.840000,P,0.733,1.6794282942100838e-07,-1,-1.0,20210518T160000_-1
AV.HAG..SH,2021-05-18T21:56:41.400000,P,0.849,2.092942565923295e-07,-1,-1.0,20210518T160000_-1
AV.HAG..SH,2021-05-18T22:42:55.840000,P,0.729,2.453190859341703e-07,-1,-1.0,20210518T160000_-1
AV.HAG..SH,2021-05-18T23:28:25.800000,P,0.965,3.709702468768228e-06,8,0.0865073481555438,20210518T160000_8
AV.HAG..SH,2021-05-18T16:44:09.340000,S,0.318,1.229124677593063e-07,-1,-1.0,20210518T160000_-1
AV.HAG..SH,2021-05-18T17:28:32.620000,S,0.815,3.867515090405505e-07,1,0.002624397403682,20210518T160000_1
AV.HAG..SH,2021-05-18T17:34:06.080000,S,0.467,8.387662546738284e-07,2,0.0003661939385583,20210518T160000_2
AV.HAG..SH,2021-05-18T18:08:27.120000,S,0.37,1.9505371540162741e-07,3,0.002624397403682,20210518T160000_3
AV.HAG..SH,2021-05-18T18:54:23.360000,S,0.56,1.3040370561157033e-07,4,0.0007863222802382,20210518T160000_4
AV.HAG..SH,2021-05-18T20:29:36.200000,S,0.352,3.1320900006903685e-07,6,0.0865073481555438,20210518T160000_6
AV.HAG..SH,2021-05-18T20:29:48.360000,S,0.628,2.872437221412838e-07,5,0.0865073481555438,20210518T160000_5
AV.HAG..SH,2021-05-18T21:04:54.320000,S,0.345,2.380256773903966e-07,-1,-1.0,20210518T160000_-1
AV.HAG..SH,2021-05-18T21:43:52.460000,S,0.378,2.281590809616319e-07,-1,-1.0,20210518T160000_-1
AV.HAG..SH,2021-05-18T21:57:02.680000,S,0.617,3.1716919579594105e-07,7,0.0031312608417343,20210518T160000_7
AV.HAG..SH,2021-05-18T23:28:45.040000,S,0.305,6.970291906327475e-06,9,0.0865073481555438,20210518T160000_9
AV.PN7A..BH,2021-05-18T17:33:59.320000,P,0.564,7.820858627383132e-07,2,0.00265778481906,20210518T160000_2
AV.PN7A..BH,2021-05-18T19:34:55.040000,P,0.359,2.314942321390845e-06,-1,-1.0,20210518T160000_-1
AV.PN7A..BH,2021-05-18T19:34:56.480000,S,0.543,2.314942321390845e-06,-1,-1.0,20210518T160000_-1
AV.PS1A..BH,2021-05-18T16:43:55.820000,P,0.345,8.704648735147202e-07,-1,-1.0,20210518T160000_-1
AV.PS1A..BH,2021-05-18T17:28:23.580000,P,0.396,1.175526676888694e-06,-1,-1.0,20210518T160000_-1
AV.PS1A..BH,2021-05-18T17:33:56.580000,P,0.971,1.28043495806196e-06,2,0.0015704689184409,20210518T160000_2
AV.PS1A..BH,2021-05-18T18:08:22.460000,P,0.844,1.3009444046474528e-06,3,0.0031312608417343,20210518T160000_3
AV.PS1A..BH,2021-05-18T20:34:13.880000,P,0.356,1.0190170769419638e-06,-1,-1.0,20210518T160000_-1
AV.PS1A..BH,2021-05-18T21:56:41.260000,P,0.414,1.4455094969889617e-06,-1,-1.0,20210518T160000_-1
AV.PS1A..BH,2021-05-18T23:28:25.420000,P,0.928,3.6867609196633566e-06,8,0.0023776452827387,20210518T160000_8
AV.PS1A..BH,2021-05-18T17:34:04.380000,S,0.796,1.28043495806196e-06,2,5.54427877665334e-05,20210518T160000_2
AV.PS1A..BH,2021-05-18T18:08:26.800000,S,0.625,2.852320676538511e-06,3,0.0007863222802382,20210518T160000_3
AV.PS1A..BH,2021-05-18T23:28:44.500000,S,0.746,9.537171536067037e-06,9,0.0023776452827387,20210518T160000_9
AV.PS4A..BH,2021-05-18T17:28:26.140000,P,0.784,1.0359804036852438e-06,1,0.0031312608417343,20210518T160000_1
AV.PS4A..BH,2021-05-18T17:33:57.180000,P,0.349,1.659812710386177e-06,2,0.0015429729546668,20210518T160000_2
AV.PS4A..BH,2021-05-18T23:28:25.500000,P,0.932,4.091279151907656e-06,8,0.0010865479698064,20210518T160000_8
AV.PS4A..BH,2021-05-18T17:28:31.700000,S,0.808,1.0359804036852438e-06,1,0.0007863222802382,20210518T160000_1
AV.PS4A..BH,2021-05-18T17:34:05.020000,S,0.817,1.659812710386177e-06,2,0.0070797529926977,20210518T160000_2
AV.PS4A..BH,2021-05-18T18:08:24.320000,S,0.458,1.840022832766408e-06,3,0.0865073481555438,20210518T160000_3
AV.PS4A..BH,2021-05-18T23:28:44.620000,S,0.774,1.2023067029076628e-05,9,0.0010865479698064,20210518T160000_9
AV.PV6A..SH,2021-05-18T16:00:00.020000,P,0.353,1.1100624419668749e-07,-1,-1.0,20210518T160000_-1
AV.PV6A..SH,2021-05-18T17:28:26.180000,P,0.38,2.723953400618484e-07,-1,-1.0,20210518T160000_-1
AV.PV6A..SH,2021-05-18T17:33:59.600000,P,0.935,5.059112027083756e-07,2,0.000211464433435,20210518T160000_2
AV.PV6A..SH,2021-05-18T18:08:24.080000,P,0.802,5.065409709459345e-07,3,0.0023776452827387,20210518T160000_3
AV.PV6A..SH,2021-05-18T19:51:47.820000,P,0.372,1.4716047758156497e-07,-1,-1.0,20210518T160000_-1
AV.PV6A..SH,2021-05-18T21:56:44.300000,P,0.582,1.7457605849813262e-07,-1,-1.0,20210518T160000_-1
AV.PV6A..SH,2021-05-18T23:12:05.240000,P,0.656,3.616491426328139e-07,-1,-1.0,20210518T160000_-1
AV.PV6A..SH,2021-05-18T23:28:28.360000,P,0.945,1.9609060473158024e-06,8,0.0003702093096971,20210518T160000_8
AV.PV6A..SH,2021-05-18T16:27:57.000000,S,0.301,1.07446119557153e-07,-1,-1.0,20210518T160000_-1
AV.PV6A..SH,2021-05-18T17:28:26.360000,S,0.495,2.723953400618484e-07,1,0.0865073481555438,20210518T160000_1
AV.PV6A..SH,2021-05-18T17:34:09.580000,S,0.922,5.059112027083756e-07,2,0.001052909710466,20210518T160000_2
AV.PV6A..SH,2021-05-18T18:08:31.000000,S,0.529,5.065409709459345e-07,3,0.0010865479698064,20210518T160000_3
AV.PV6A..SH,2021-05-18T21:57:05.880000,S,0.755,1.7189177015097814e-07,7,0.0007863222802382,20210518T160000_7
AV.PV6A..SH,2021-05-18T23:28:49.060000,S,0.856,4.352179985289695e-06,9,0.0003702093096971,20210518T160000_9
AV.PV6A..SH,2021-05-18T23:54:58.280000,S,0.308,1.774374567276027e-07,-1,-1.0,20210518T160000_-1
AV.PVV..SH,2021-05-18T17:28:23.400000,P,0.872,1.506714681909216e-07,-1,-1.0,20210518T160000_-1
AV.PVV..SH,2021-05-18T17:33:56.300000,P,0.963,8.238029636231659e-07,2,0.0617388081862462,20210518T160000_2
AV.PVV..SH,2021-05-18T18:08:22.100000,P,0.733,3.820962888312353e-07,3,0.0003702093096971,20210518T160000_3
AV.PVV..SH,2021-05-18T23:28:25.180000,P,0.978,1.7657347370914067e-06,8,0.0852829401200203,20210518T160000_8
AV.PVV..SH,2021-05-18T17:28:31.140000,S,0.663,1.506714681909216e-07,1,0.0023776452827387,20210518T160000_1
AV.PVV..SH,2021-05-18T17:34:04.060000,S,0.896,8.238029636231659e-07,2,0.001320600971004,20210518T160000_2
AV.PVV..SH,2021-05-18T18:08:25.180000,S,0.439,3.820962888312353e-07,3,0.0852829401200203,20210518T160000_3
AV.PVV..SH,2021-05-18T23:28:43.900000,S,0.774,2.1112825834279647e-06,9,0.0852829401200203,20210518T160000_9
AV.S12K..BH,2021-05-18T17:34:14.040000,P,0.409,1.2601446996995946e-06,-1,-1.0,20210518T160000_-1
AV.S12K..BH,2021-05-18T18:48:41.260000,P,0.336,5.349397156351188e-07,-1,-1.0,20210518T160000_-1
AV.S12K..BH,2021-05-18T23:28:30.700000,P,0.934,2.4122000468196347e-06,8,0.0003661939385583,20210518T160000_8
AV.S12K..BH,2021-05-18T17:34:16.360000,S,0.321,1.2601446996995946e-06,2,0.0034581481231508,20210518T160000_2
AV.S12K..BH,2021-05-18T23:28:54.060000,S,0.616,5.697856977349147e-06,9,0.0003661939385583,20210518T160000_9
AV.DEER..BH,2021-05-19T00:58:23.940000,P,0.96,2.665698275450268e-06,1,0.0247824380325469,20210519T000000_1
AV.DEER..BH,2021-05-19T04:16:43.480000,P,0.967,5.910680556553416e-06,3,0.0247824380325469,20210519T000000_3
AV.DEER..BH,2021-05-19T04:20:12.460000,P,0.963,2.471922925906256e-06,4,0.0247824380325469,20210519T000000_4
AV.DEER..BH,2021-05-19T00:58:34.200000,S,0.96,2.665698275450268e-06,1,0.0126017626356755,20210519T000000_1
AV.DEER..BH,2021-05-19T04:16:54.500000,S,0.849,5.910680556553416e-06,-1,-1.0,20210519T000000_-1
AV.DEER..BH,2021-05-19T04:20:23.540000,S,0.918,2.471922925906256e-06,-1,-1.0,20210519T000000_-1
AV.DOL..BH,2021-05-19T00:58:23.320000,P,0.964,4.820726189791458e-06,1,0.0058090837849056,20210519T000000_1
AV.DOL..BH,2021-05-19T04:16:43.960000,P,0.866,2.24401856030454e-06,-1,-1.0,20210519T000000_-1
AV.DOL..BH,2021-05-19T04:20:13.320000,P,0.328,1.4976180864323396e-06,-1,-1.0,20210519T000000_-1
AV.DOL..BH,2021-05-19T04:57:01.240000,P,0.627,2.529412768126349e-06,-1,-1.0,20210519T000000_-1
AV.DOL..BH,2021-05-19T00:58:32.920000,S,0.944,4.820726189791458e-06,1,0.0538821315849741,20210519T000000_1
AV.DOL..BH,2021-05-19T03:05:22.240000,S,0.389,2.034006001849775e-06,2,0.0247824380325469,20210519T000000_2
AV.DOL..BH,2021-05-19T04:16:55.440000,S,0.604,4.512854957283707e-06,-1,-1.0,20210519T000000_-1
AV.DOL..BH,2021-05-19T04:20:25.280000,S,0.452,1.9275257727713324e-06,4,0.0126017626356755,20210519T000000_4
AV.DT1..BH,2021-05-19T00:58:24.220000,P,0.92,1.946384372786269e-06,1,0.0081781668713204,20210519T000000_1
AV.DT1..BH,2021-05-19T03:05:02.040000,P,0.682,1.1181614354427438e-06,-1,-1.0,20210519T000000_-1
AV.DT1..BH,2021-05-19T04:16:44.720000,P,0.969,2.3371167117147702e-06,3,0.0126017626356755,20210519T000000_3
AV.DT1..BH,2021-05-19T04:20:13.740000,P,0.741,1.3566783536589355e-06,4,0.0058090837849056,20210519T000000_4
AV.DT1..BH,2021-05-19T04:56:43.920000,P,0.35,1.882766923699819e-06,-1,-1.0,20210519T000000_-1
AV.DT1..BH,2021-05-19T00:58:34.660000,S,0.937,1.946384372786269e-06,1,0.003024199858953,20210519T000000_1
AV.DT1..BH,2021-05-19T03:05:14.940000,S,0.758,1.0902290341618937e-06,2,0.0126017626356755,20210519T000000_2
AV.DT1..BH,2021-05-19T04:16:56.620000,S,0.565,3.39619464284624e-06,-1,-1.0,20210519T000000_-1
AV.DT1..BH,2021-05-19T04:20:25.580000,S,0.734,2.136419652742916e-06,-1,-1.0,20210519T000000_-1
AV.DT1..BH,2021-05-19T04:56:54.780000,S,0.734,1.882766923699819e-06,-1,-1.0,20210519T000000_-1
AV.DTN..BH,2021-05-19T00:00:00.020000,P,0.383,1.4585996268579038e-06,-1,-1.0,20210519T000000_-1
AV.DTN..BH,2021-05-19T00:58:24.480000,P,0.909,1.946831844179542e-06,1,0.0470114396507345,20210519T000000_1
AV.DTN..BH,2021-05-19T01:35:33.160000,P,0.75,2.24608879761945e-06,-1,-1.0,20210519T000000_-1
AV.DTN..BH,2021-05-19T04:16:45.340000,P,0.956,1.77897800313076e-06,3,0.0058090837849056,20210519T000000_3
AV.DTN..BH,2021-05-19T00:58:35.160000,S,0.57,1.946831844179542e-06,1,0.0038669037252163,20210519T000000_1
AV.HAG..SH,2021-05-19T00:58:24.860000,P,0.921,9.007208632283436e-07,1,0.0009047794970976,20210519T000000_1
AV.HAG..SH,2021-05-19T00:59:21.740000,P,0.421,1.3392997288974584e-07,-1,-1.0,20210519T000000_-1
AV.HAG..SH,2021-05-19T01:35:32.480000,P,0.76,2.453862180118449e-07,-1,-1.0,20210519T000000_-1
AV.HAG..SH,2021-05-19T03:05:08.320000,P,0.753,2.8009452535116e-07,-1,-1.0,20210519T000000_-1
AV.HAG..SH,2021-05-19T04:07:26.760000,P,0.311,5.565374863181205e-07,-1,-1.0,20210519T000000_-1
AV.HAG..SH,2021-05-19T04:09:19.780000,P,0.419,2.883087972804788e-07,-1,-1.0,20210519T000000_-1
AV.HAG..SH,2021-05-19T04:16:47.140000,P,0.975,1.225503183377441e-06,3,0.0538821315849741,20210519T000000_3
AV.HAG..SH,2021-05-19T04:20:16.120000,P,0.552,4.923825258629222e-07,4,0.0538821315849741,20210519T000000_4
AV.HAG..SH,2021-05-19T04:56:49.480000,P,0.833,4.979822278983193e-07,-1,-1.0,20210519T000000_-1
AV.HAG..SH,2021-05-19T05:11:15.280000,P,0.517,3.161353845371196e-07,-1,-1.0,20210519T000000_-1
AV.HAG..SH,2021-05-19T05:12:49.100000,P,0.867,3.608742531469034e-07,-1,-1.0,20210519T000000_-1
AV.HAG..SH,2021-05-19T05:13:12.940000,P,0.354,2.560740597346012e-07,-1,-1.0,20210519T000000_-1
AV.HAG..SH,2021-05-19T05:58:04.300000,P,0.909,4.541771829735808e-07,-1,-1.0,20210519T000000_-1
AV.HAG..SH,2021-05-19T06:37:03.740000,P,0.491,6.078743695070443e-07,-1,-1.0,20210519T000000_-1
AV.HAG..SH,2021-05-19T06:59:12.240000,P,0.362,5.083643941361515e-07,-1,-1.0,20210519T000000_-1
AV.HAG..SH,2021-05-19T07:01:13.660000,P,0.318,6.727430559294589e-07,-1,-1.0,20210519T000000_-1
AV.HAG..SH,2021-05-19T07:04:27.260000,P,0.384,4.585630222209147e-07,-1,-1.0,20210519T000000_-1
AV.HAG..SH,2021-05-19T07:06:51.120000,P,0.439,5.633884825329005e-07,-1,-1.0,20210519T000000_-1
AV.HAG..SH,2021-05-19T07:12:00.120000,P,0.415,4.961253807778121e-07,-1,-1.0,20210519T000000_-1
AV.HAG..SH,2021-05-19T07:34:30.140000,P,0.311,1.1429985988797853e-06,-1,-1.0,20210519T000000_-1
AV.HAG..SH,2021-05-19T07:38:58.000000,P,0.397,6.770732170480187e-07,-1,-1.0,20210519T000000_-1
AV.HAG..SH,2021-05-19T00:58:35.700000,S,0.82,9.007208632283436e-07,1,0.0005863072364531,20210519T000000_1
AV.HAG..SH,2021-05-19T01:35:54.440000,S,0.316,2.837246881881583e-07,-1,-1.0,20210519T000000_-1
AV.HAG..SH,2021-05-19T03:05:25.760000,S,0.449,2.4101896656247845e-07,2,0.0058090837849056,20210519T000000_2
AV.HAG..SH,2021-05-19T04:07:30.240000,S,0.456,5.565374863181205e-07,-1,-1.0,20210519T000000_-1
AV.HAG..SH,2021-05-19T04:17:02.840000,S,0.466,2.027225036727032e-06,-1,-1.0,20210519T000000_-1
AV.HAG..SH,2021-05-19T04:20:31.080000,S,0.464,6.626948447774339e-07,-1,-1.0,20210519T000000_-1
AV.HAG..SH,2021-05-19T04:57:05.760000,S,0.471,9.288509659199916e-07,-1,-1.0,20210519T000000_-1
AV.HAG..SH,2021-05-19T05:12:56.800000,S,0.579,2.9643931043210614e-07,-1,-1.0,20210519T000000_-1
AV.HAG..SH,2021-05-19T05:44:51.200000,S,0.455,4.600256886533316e-07,-1,-1.0,20210519T000000_-1
AV.HAG..SH,2021-05-19T05:58:12.260000,S,0.548,3.742962633168645e-07,-1,-1.0,20210519T000000_-1
AV.HAG..SH,2021-05-19T06:46:57.720000,S,0.407,7.05131753875321e-07,-1,-1.0,20210519T000000_-1
AV.HAG..SH,2021-05-19T06:59:18.440000,S,0.426,5.083643941361515e-07,-1,-1.0,20210519T000000_-1
AV.HAG..SH,2021-05-19T07:11:52.480000,S,0.355,4.886982196694589e-07,-1,-1.0,20210519T000000_-1
AV.HAG..SH,2021-05-19T07:12:09.440000,S,0.616,5.017769808546291e-07,-1,-1.0,20210519T000000_-1
AV.PS1A..BH,2021-05-19T00:00:00.020000,P,0.436,1.546350063108548e-06,-1,-1.0,20210519T000000_-1
AV.PS1A..BH,2021-05-19T00:05:36.360000,P,0.534,1.5908409523035516e-06,-1,-1.0,20210519T000000_-1
AV.PS1A..BH,2021-05-19T00:58:25.240000,P,0.916,1.8519980358178143e-06,1,0.0149762963742395,20210519T000000_1
AV.PS1A..BH,2021-05-19T01:35:32.840000,P,0.421,5.581351615546737e-06,-1,-1.0,20210519T000000_-1
AV.PS1A..BH,2021-05-19T04:16:48.360000,P,0.541,2.2344365788740106e-06,-1,-1.0,20210519T000000_-1
AV.PS1A..BH,2021-05-19T04:20:18.160000,P,0.684,2.028848712143372e-06,4,0.0081781668713204,20210519T000000_4
AV.PS1A..BH,2021-05-19T00:58:36.420000,S,0.831,2.111228468493209e-06,1,0.0012875134307649,20210519T000000_1
AV.PS1A..BH,2021-05-19T04:17:03.160000,S,0.683,5.645490546157816e-06,3,0.0081781668713204,20210519T000000_3
AV.PS1A..BH,2021-05-19T04:20:31.240000,S,0.306,2.5922522581822705e-06,4,0.003024199858953,20210519T000000_4
AV.PS4A..BH,2021-05-19T00:58:24.920000,P,0.81,2.162481223422219e-06,1,0.0033650581042248,20210519T000000_1
AV.PS4A..BH,2021-05-19T04:16:47.420000,P,0.879,2.171651885873871e-06,3,0.003024199858953,20210519T000000_3
AV.PS4A..BH,2021-05-19T00:58:35.620000,S,0.866,2.162481223422219e-06,1,0.0019733303859711,20210519T000000_1
AV.PS4A..BH,2021-05-19T04:17:02.300000,S,0.69,5.1871738833142444e-06,3,0.0470114396507345,20210519T000000_3
AV.PS4A..BH,2021-05-19T04:20:32.320000,S,0.404,2.218074996562791e-06,-1,-1.0,20210519T000000_-1
AV.PV6A..SH,2021-05-19T02:05:02.220000,P,0.344,2.616444021441567e-07,-1,-1.0,20210519T000000_-1
AV.PV6A..SH,2021-05-19T03:16:57.600000,P,0.31,4.296067288578343e-07,-1,-1.0,20210519T000000_-1
AV.PV6A..SH,2021-05-19T04:07:26.700000,P,0.605,5.050709432907752e-07,-1,-1.0,20210519T000000_-1
AV.PV6A..SH,2021-05-19T04:16:50.700000,P,0.811,4.532956836555968e-07,3,0.0038669037252163,20210519T000000_3
AV.PV6A..SH,2021-05-19T04:48:16.480000,P,0.445,2.3557542760954683e-07,-1,-1.0,20210519T000000_-1
AV.PV6A..SH,2021-05-19T00:21:15.340000,S,0.4,3.3313037306470505e-07,-1,-1.0,20210519T000000_-1
AV.PV6A..SH,2021-05-19T02:05:07.440000,S,0.357,2.616444021441567e-07,-1,-1.0,20210519T000000_-1
AV.PV6A..SH,2021-05-19T03:37:50.280000,S,0.385,5.243900886853226e-07,-1,-1.0,20210519T000000_-1
AV.PV6A..SH,2021-05-19T04:07:34.160000,S,0.47,5.050709432907752e-07,-1,-1.0,20210519T000000_-1
AV.PV6A..SH,2021-05-19T04:17:07.360000,S,0.621,1.0292482102158829e-06,-1,-1.0,20210519T000000_-1
AV.PV6A..SH,2021-05-19T04:20:36.960000,S,0.755,3.661826610823482e-07,-1,-1.0,20210519T000000_-1
AV.PVV..SH,2021-05-19T00:21:11.200000,P,0.351,2.3997523612706573e-07,-1,-1.0,20210519T000000_-1
AV.PVV..SH,2021-05-19T04:16:47.340000,P,0.963,1.1557980315046734e-06,-1,-1.0,20210519T000000_-1
AV.PVV..SH,2021-05-19T04:20:16.360000,P,0.922,3.167043871599162e-07,-1,-1.0,20210519T000000_-1
AV.PVV..SH,2021-05-19T04:57:08.040000,P,0.811,2.111461014919769e-07,-1,-1.0,20210519T000000_-1
AV.PVV..SH,2021-05-19T05:37:54.720000,P,0.646,3.13864603640468e-07,-1,-1.0,20210519T000000_-1
AV.PVV..SH,2021-05-19T00:58:36.160000,S,0.481,3.2098637348099146e-07,1,0.0272322105604315,20210519T000000_1
AV.PVV..SH,2021-05-19T04:17:01.840000,S,0.571,1.5563688293696032e-06,3,0.0009047794970976,20210519T000000_3
AV.PVV..SH,2021-05-19T04:20:32.400000,S,0.675,4.816864702661405e-07,4,0.0470114396507345,20210519T000000_4
AV.PVV..SH,2021-05-19T05:38:00.640000,S,0.657,3.13864603640468e-07,-1,-1.0,20210519T000000_-1
AV.S12K..BH,2021-05-19T03:05:25.760000,P,0.432,1.2155858257756336e-06,2,0.0538821315849741,20210519T000000_2
AV.S12K..BH,2021-05-19T04:16:53.720000,P,0.66,1.2651445331357536e-06,3,0.0005863072364531,20210519T000000_3
AV.S12K..BH,2021-05-19T03:05:31.360000,S,0.367,1.2155858257756336e-06,-1,-1.0,20210519T000000_-1
AV.S12K..BH,2021-05-19T04:17:12.420000,S,0.643,4.13236648455495e-06,-1,-1.0,20210519T000000_-1
AV.S12K..BH,2021-05-19T04:57:12.880000,S,0.409,1.821289970393991e-06,-1,-1.0,20210519T000000_-1
AV.DEER..BH,2021-05-19T13:17:33.880000,P,0.727,2.7194441827305127e-06,5,0.0017790579315842,20210519T080000_5
AV.DEER..BH,2021-05-19T11:28:03.040000,S,0.779,3.30962507177901e-06,3,0.0017790579315842,20210519T080000_3
AV.DEER..BH,2021-05-19T13:17:39.460000,S,0.783,2.7194441827305127e-06,5,0.0252284583700126,20210519T080000_5
AV.DOL..BH,2021-05-19T09:51:27.080000,P,0.859,2.952775275844033e-06,1,0.0017790579315842,20210519T080000_1
AV.DOL..BH,2021-05-19T11:27:47.180000,P,0.984,1.0703484804253094e-05,3,0.0252284583700126,20210519T080000_3
AV.DOL..BH,2021-05-19T13:17:10.740000,P,0.978,3.4041761409753235e-06,4,0.0017790579315842,20210519T080000_4
AV.DOL..BH,2021-05-19T09:51:44.860000,S,0.832,6.041077540430706e-06,-1,-1.0,20210519T080000_-1
AV.DOL..BH,2021-05-19T11:27:58.240000,S,0.916,1.0703484804253094e-05,3,0.0019026968799365,20210519T080000_3
AV.DOL..BH,2021-05-19T13:17:29.860000,S,0.842,3.345750656080781e-06,-1,-1.0,20210519T080000_-1
AV.DOL..BH,2021-05-19T13:33:13.180000,S,0.444,3.222293116778019e-06,7,0.0017790579315842,20210519T080000_7
AV.DT1..BH,2021-05-19T09:51:29.660000,P,0.669,2.5497054139123065e-06,1,0.0252284583700126,20210519T080000_1
AV.DT1..BH,2021-05-19T11:27:50.100000,P,0.965,4.904174602415878e-06,3,0.0212287304587812,20210519T080000_3
AV.DT1..BH,2021-05-19T09:51:49.760000,S,0.347,2.98398117593024e-06,2,0.0017790579315842,20210519T080000_2
AV.DT1..BH,2021-05-19T11:28:03.340000,S,0.937,6.912794106028741e-06,3,0.0267193399393402,20210519T080000_3
AV.DTN..BH,2021-05-19T08:00:00.020000,P,0.351,2.375626081629889e-06,-1,-1.0,20210519T080000_-1
AV.DTN..BH,2021-05-19T09:51:30.060000,P,0.774,2.5131066649919376e-06,1,0.0019026968799365,20210519T080000_1
AV.DTN..BH,2021-05-19T11:27:50.400000,P,0.965,4.281785550119821e-06,3,0.0031580234818708,20210519T080000_3
AV.DTN..BH,2021-05-19T13:17:13.660000,P,0.403,3.525147121763439e-06,4,0.0252284583700126,20210519T080000_4
AV.DTN..BH,2021-05-19T09:51:50.580000,S,0.648,5.261308615445159e-06,2,0.0252284583700126,20210519T080000_2
AV.DTN..BH,2021-05-19T11:28:04.020000,S,0.862,9.226598194800316e-06,3,0.0004926604178853,20210519T080000_3
AV.HAG..SH,2021-05-19T08:28:14.940000,P,0.394,8.627032457297901e-07,-1,-1.0,20210519T080000_-1
AV.HAG..SH,2021-05-19T08:44:55.660000,P,0.911,8.897271186469879e-07,-1,-1.0,20210519T080000_-1
AV.HAG..SH,2021-05-19T09:06:07.340000,P,0.373,5.220110210757412e-07,-1,-1.0,20210519T080000_-1
AV.HAG..SH,2021-05-19T09:21:39.000000,P,0.532,5.77340642848867e-07,-1,-1.0,20210519T080000_-1
AV.HAG..SH,2021-05-19T09:51:30.040000,P,0.897,2.915418463089736e-06,1,0.0212287304587812,20210519T080000_1
AV.HAG..SH,2021-05-19T10:43:43.600000,P,0.706,6.28961686288676e-07,-1,-1.0,20210519T080000_-1
AV.HAG..SH,2021-05-19T10:55:32.600000,P,0.476,5.479848823597422e-07,-1,-1.0,20210519T080000_-1
AV.HAG..SH,2021-05-19T11:27:49.320000,P,0.981,4.842708221985959e-06,3,0.038268489700801,20210519T080000_3
AV.HAG..SH,2021-05-19T11:30:49.360000,P,0.903,1.2151084547440405e-06,-1,-1.0,20210519T080000_-1
AV.HAG..SH,2021-05-19T13:17:13.100000,P,0.964,1.8458935073795144e-06,4,0.0019026968799365,20210519T080000_4
AV.HAG..SH,2021-05-19T13:32:57.080000,P,0.863,7.826735100024962e-07,6,0.0017790579315842,20210519T080000_6
AV.HAG..SH,2021-05-19T08:03:38.480000,S,0.403,6.963055625419656e-07,-1,-1.0,20210519T080000_-1
AV.HAG..SH,2021-05-19T08:45:01.960000,S,0.341,4.819343075723737e-07,-1,-1.0,20210519T080000_-1
AV.HAG..SH,2021-05-19T09:21:44.520000,S,0.401,4.212764395106206e-07,-1,-1.0,20210519T080000_-1
AV.HAG..SH,2021-05-19T09:51:49.600000,S,0.39,3.610321755331825e-06,2,0.0019026968799365,20210519T080000_2
AV.HAG..SH,2021-05-19T10:55:42.480000,S,0.375,5.479848823597422e-07,-1,-1.0,20210519T080000_-1
AV.HAG..SH,2021-05-19T11:28:02.720000,S,0.611,4.302540219214279e-06,3,0.0001268937538292,20210519T080000_3
AV.HAG..SH,2021-05-19T13:17:34.040000,S,0.331,9.597781627235236e-07,5,0.0019026968799365,20210519T080000_5
AV.HAG..SH,2021-05-19T13:33:18.240000,S,0.685,1.0179660421272274e-06,7,0.0252284583700126,20210519T080000_7
AV.PN7A..BH,2021-05-19T13:32:59.820000,P,0.364,3.338625447213417e-06,6,0.0252284583700126,20210519T080000_6
AV.PN7A..BH,2021-05-19T12:20:50.360000,S,0.369,3.071332912440994e-06,-1,-1.0,20210519T080000_-1
AV.PN7A..BH,2021-05-19T12:25:17.420000,S,0.382,4.195600013190415e-06,-1,-1.0,20210519T080000_-1
AV.PS1A..BH,2021-05-19T08:00:00.020000,P,0.322,3.3894805255840765e-06,-1,-1.0,20210519T080000_-1
AV.PS1A..BH,2021-05-19T09:51:29.280000,P,0.593,5.434972536022542e-06,1,0.0267193399393402,20210519T080000_1
AV.PS1A..BH,2021-05-19T11:27:49.280000,P,0.982,4.701287252828479e-06,3,8.884576434274907e-05,20210519T080000_3
AV.PS1A..BH,2021-05-19T13:32:57.000000,P,0.689,4.114834155188873e-06,6,0.0019026968799365,20210519T080000_6
AV.PS1A..BH,2021-05-19T09:51:49.760000,S,0.368,4.908582923235372e-06,2,0.0212287304587812,20210519T080000_2
AV.PS1A..BH,2021-05-19T11:28:02.140000,S,0.781,6.2939634517533705e-06,3,0.0218432484770609,20210519T080000_3
AV.PS4A..BH,2021-05-19T09:51:29.960000,P,0.902,5.937896276009269e-06,1,0.0031580234818708,20210519T080000_1
AV.PS4A..BH,2021-05-19T11:27:49.100000,P,0.95,7.204106168501312e-06,3,0.027960056616251,20210519T080000_3
AV.PS4A..BH,2021-05-19T09:51:49.160000,S,0.394,6.149057753646048e-06,2,0.0267193399393402,20210519T080000_2
AV.PS4A..BH,2021-05-19T11:28:01.720000,S,0.432,7.139486569940345e-06,3,0.0038702731844637,20210519T080000_3
AV.PS4A..BH,2021-05-19T11:28:02.520000,S,0.477,9.80140521278372e-06,-1,-1.0,20210519T080000_-1
AV.PS4A..BH,2021-05-19T13:17:34.600000,S,0.329,3.8970088098722044e-06,5,0.0212287304587812,20210519T080000_5
AV.PV6A..SH,2021-05-19T08:17:58.840000,P,0.534,3.836117059563549e-07,-1,-1.0,20210519T080000_-1
AV.PV6A..SH,2021-05-19T08:20:14.700000,P,0.508,3.2294570928570465e-07,-1,-1.0,20210519T080000_-1
AV.PV6A..SH,2021-05-19T09:51:31.900000,P,0.769,1.6724565057302243e-06,1,0.0004926604178853,20210519T080000_1
AV.PV6A..SH,2021-05-19T10:43:47.160000,P,0.79,3.466362272774859e-07,-1,-1.0,20210519T080000_-1
AV.PV6A..SH,2021-05-19T11:27:51.960000,P,0.934,1.0125472726940643e-06,3,0.0413824143741235,20210519T080000_3
AV.PV6A..SH,2021-05-19T12:19:50.300000,P,0.535,6.81273718328157e-07,-1,-1.0,20210519T080000_-1
AV.PV6A..SH,2021-05-19T13:17:16.300000,P,0.658,5.305817012413172e-07,4,0.0212287304587812,20210519T080000_4
AV.PV6A..SH,2021-05-19T13:32:59.800000,P,0.874,4.047793709105463e-07,6,0.0212287304587812,20210519T080000_6
AV.PV6A..SH,2021-05-19T09:51:54.300000,S,0.521,1.9677263480843976e-06,-1,-1.0,20210519T080000_-1
AV.PV6A..SH,2021-05-19T10:25:10.360000,S,0.355,4.0783865529192553e-07,-1,-1.0,20210519T080000_-1
AV.PV6A..SH,2021-05-19T10:43:53.400000,S,0.633,3.466362272774859e-07,-1,-1.0,20210519T080000_-1
AV.PV6A..SH,2021-05-19T11:17:54.480000,S,0.428,2.493958390914486e-07,-1,-1.0,20210519T080000_-1
AV.PV6A..SH,2021-05-19T11:28:06.620000,S,0.876,3.439122792769922e-06,3,0.0010171079036486,20210519T080000_3
AV.PV6A..SH,2021-05-19T12:40:21.020000,S,0.396,4.651836889024709e-07,-1,-1.0,20210519T080000_-1
AV.PV6A..SH,2021-05-19T13:17:39.140000,S,0.707,5.547133810068772e-07,5,0.0267193399393402,20210519T080000_5
AV.PV6A..SH,2021-05-19T13:33:21.460000,S,0.511,5.502778321897495e-07,7,0.0019026968799365,20210519T080000_7
AV.PVV..SH,2021-05-19T08:24:06.720000,P,0.572,4.806151423508709e-07,-1,-1.0,20210519T080000_-1
AV.PVV..SH,2021-05-19T09:51:29.660000,P,0.922,1.3278046253617504e-06,1,0.038268489700801,20210519T080000_1
AV.PVV..SH,2021-05-19T11:27:48.900000,P,0.985,1.6411107708336203e-06,3,0.0270319255170483,20210519T080000_3
AV.PVV..SH,2021-05-19T13:17:12.840000,P,0.928,7.346995971602155e-07,4,0.0267193399393402,20210519T080000_4
AV.PVV..SH,2021-05-19T13:32:56.780000,P,0.966,8.173738592631707e-07,6,0.0267193399393402,20210519T080000_6
AV.PVV..SH,2021-05-19T08:24:13.360000,S,0.401,4.806151423508709e-07,-1,-1.0,20210519T080000_-1
AV.PVV..SH,2021-05-19T09:51:49.320000,S,0.327,1.330101099483727e-06,2,0.0031580234818708,20210519T080000_2
AV.PVV..SH,2021-05-19T11:28:02.640000,S,0.828,2.3897478058643173e-06,3,0.0382853288054586,20210519T080000_3
AV.PVV..SH,2021-05-19T13:17:35.680000,S,0.757,8.557231581107771e-07,5,0.0031580234818708,20210519T080000_5
AV.PVV..SH,2021-05-19T13:33:16.320000,S,0.692,4.426676412094821e-07,7,0.0212287304587812,20210519T080000_7
AV.S12K..BH,2021-05-19T09:51:34.800000,P,0.334,2.1642388219333952e-06,1,0.0001268937538292,20210519T080000_1
AV.S12K..BH,2021-05-19T11:27:54.400000,P,0.843,2.008066303460509e-06,3,0.0010876487651157,20210519T080000_3
AV.S12K..BH,2021-05-19T09:51:57.360000,S,0.446,3.849072072625859e-06,-1,-1.0,20210519T080000_-1
AV.S12K..BH,2021-05-19T11:28:10.640000,S,0.814,3.627323849286768e-06,3,0.0066480564071114,20210519T080000_3
AV.DOL..BH,2021-05-19T18:13:37.180000,S,0.454,3.2243315217783675e-06,-1,-1.0,20210519T160000_-1
AV.DOL..BH,2021-05-19T20:35:35.060000,S,0.689,4.089946287422208e-06,3,0.0018139111738191,20210519T160000_3
AV.DT1..BH,2021-05-19T20:35:20.760000,P,0.312,1.5551124761259416e-06,2,0.0018139111738191,20210519T160000_2
AV.DT1..BH,2021-05-19T19:06:19.000000,S,0.33,1.3864640777683237e-06,-1,-1.0,20210519T160000_-1
AV.HAG..SH,2021-05-19T16:33:12.900000,P,0.403,4.7260786573133373e-07,-1,-1.0,20210519T160000_-1
AV.HAG..SH,2021-05-19T19:01:55.540000,P,0.566,4.591253457419953e-07,-1,-1.0,20210519T160000_-1
AV.HAG..SH,2021-05-19T19:02:05.840000,P,0.687,6.716121561112232e-07,-1,-1.0,20210519T160000_-1
AV.HAG..SH,2021-05-19T19:05:58.160000,P,0.873,7.051279453662573e-07,1,0.0018139111738191,20210519T160000_1
AV.HAG..SH,2021-05-19T19:20:14.520000,P,0.714,6.917513246662566e-07,-1,-1.0,20210519T160000_-1
AV.HAG..SH,2021-05-19T19:29:41.880000,P,0.46,5.14050498168217e-07,-1,-1.0,20210519T160000_-1
AV.HAG..SH,2021-05-19T20:35:19.540000,P,0.915,9.35701450544002e-07,2,0.0147202101928119,20210519T160000_2
AV.HAG..SH,2021-05-19T21:42:06.400000,P,0.66,4.686008026055788e-07,-1,-1.0,20210519T160000_-1
AV.HAG..SH,2021-05-19T22:55:51.920000,P,0.691,3.0599957767663e-07,-1,-1.0,20210519T160000_-1
AV.HAG..SH,2021-05-19T23:41:25.180000,P,0.539,5.12525616613857e-07,-1,-1.0,20210519T160000_-1
AV.HAG..SH,2021-05-19T23:41:33.160000,P,0.42,9.882710401143413e-07,-1,-1.0,20210519T160000_-1
AV.HAG..SH,2021-05-19T18:13:44.240000,S,0.389,8.633793981971394e-07,-1,-1.0,20210519T160000_-1
AV.HAG..SH,2021-05-19T19:02:16.320000,S,0.835,6.716121561112232e-07,-1,-1.0,20210519T160000_-1
AV.HAG..SH,2021-05-19T19:06:18.240000,S,0.632,1.4316844954009866e-06,-1,-1.0,20210519T160000_-1
AV.HAG..SH,2021-05-19T19:11:40.520000,S,0.73,4.212276394355285e-07,-1,-1.0,20210519T160000_-1
AV.HAG..SH,2021-05-19T19:20:17.000000,S,0.375,5.428063332146849e-07,-1,-1.0,20210519T160000_-1
AV.HAG..SH,2021-05-19T19:29:32.360000,S,0.316,5.14050498168217e-07,-1,-1.0,20210519T160000_-1
AV.HAG..SH,2021-05-19T19:30:03.520000,S,0.464,7.771772061460069e-07,-1,-1.0,20210519T160000_-1
AV.HAG..SH,2021-05-19T20:35:37.840000,S,0.696,1.409495780535508e-06,3,0.0147202101928119,20210519T160000_3
AV.HAG..SH,2021-05-19T21:42:25.420000,S,0.618,8.355541467608418e-07,-1,-1.0,20210519T160000_-1
AV.HAG..SH,2021-05-19T22:56:13.800000,S,0.327,3.226237765829865e-07,-1,-1.0,20210519T160000_-1
AV.PS1A..BH,2021-05-19T19:05:57.500000,P,0.752,6.359204235195648e-06,1,0.0147202101928119,20210519T160000_1
AV.PS1A..BH,2021-05-19T19:06:16.140000,S,0.603,3.617359652707819e-06,-1,-1.0,20210519T160000_-1
AV.PS4A..BH,2021-05-19T20:35:37.340000,S,0.658,3.292203700766549e-06,3,0.0038304918308442,20210519T160000_3
AV.PV6A..SH,2021-05-19T18:04:58.760000,P,0.393,2.940850833965669e-07,-1,-1.0,20210519T160000_-1
AV.PV6A..SH,2021-05-19T19:06:00.240000,P,0.652,3.589673838177987e-07,1,0.0038304918308442,20210519T160000_1
AV.PV6A..SH,2021-05-19T19:29:35.200000,P,0.443,5.197087489250407e-07,-1,-1.0,20210519T160000_-1
AV.PV6A..SH,2021-05-19T20:35:22.720000,P,0.659,3.740352383374557e-07,2,0.0038304918308442,20210519T160000_2
AV.PV6A..SH,2021-05-19T20:50:07.680000,P,0.454,9.180434972222428e-07,-1,-1.0,20210519T160000_-1
AV.PV6A..SH,2021-05-19T21:42:08.600000,P,0.861,2.825623539592925e-07,-1,-1.0,20210519T160000_-1
AV.PV6A..SH,2021-05-19T22:05:08.440000,P,0.327,4.613048929513752e-07,-1,-1.0,20210519T160000_-1
AV.PV6A..SH,2021-05-19T18:05:02.400000,S,0.77,2.894174144785211e-07,-1,-1.0,20210519T160000_-1
AV.PV6A..SH,2021-05-19T19:02:18.900000,S,0.766,4.638432358206046e-07,-1,-1.0,20210519T160000_-1
AV.PV6A..SH,2021-05-19T19:06:20.720000,S,0.579,1.1307614613542682e-06,-1,-1.0,20210519T160000_-1
AV.PV6A..SH,2021-05-19T19:11:43.360000,S,0.548,3.362220013514161e-07,-1,-1.0,20210519T160000_-1
AV.PV6A..SH,2021-05-19T20:35:41.840000,S,0.775,6.905979148541519e-07,3,0.0024193364337572,20210519T160000_3
AV.PV6A..SH,2021-05-19T21:42:29.140000,S,0.682,4.18394705548053e-07,-1,-1.0,20210519T160000_-1
AV.PV6A..SH,2021-05-19T22:56:16.820000,S,0.321,2.485073480329447e-07,-1,-1.0,20210519T160000_-1
AV.PV6A..SH,2021-05-19T23:04:05.600000,S,0.528,2.941165462289064e-07,-1,-1.0,20210519T160000_-1
AV.PVV..SH,2021-05-19T19:05:57.260000,P,0.766,4.091577920917189e-07,1,0.0024193364337572,20210519T160000_1
AV.PVV..SH,2021-05-19T19:29:41.240000,P,0.443,6.202589588610863e-07,-1,-1.0,20210519T160000_-1
AV.PVV..SH,2021-05-19T20:35:18.620000,P,0.933,6.729645747327595e-07,2,0.0024193364337572,20210519T160000_2
AV.PVV..SH,2021-05-19T20:50:06.120000,P,0.717,6.200826305757801e-07,-1,-1.0,20210519T160000_-1
AV.PVV..SH,2021-05-19T21:42:05.140000,P,0.884,3.801112882229063e-07,-1,-1.0,20210519T160000_-1
AV.PVV..SH,2021-05-19T19:06:15.900000,S,0.574,6.121655360402656e-07,-1,-1.0,20210519T160000_-1
AV.PVV..SH,2021-05-19T20:35:36.480000,S,0.649,4.850195409744629e-07,3,0.001046480529847,20210519T160000_3
AV.PVV..SH,2021-05-19T20:50:11.980000,S,0.732,6.200826305757801e-07,-1,-1.0,20210519T160000_-1
AV.S12K..BH,2021-05-19T20:35:46.400000,S,0.305,1.9974283986812225e-06,3,0.0013259824023913,20210519T160000_3
AV.DEER..BH,2021-05-20T01:32:15.340000,P,0.843,1.8547254967415936e-06,-1,-1.0,20210520T000000_-1
AV.DEER..BH,2021-05-20T05:19:26.540000,P,0.753,1.5629971130692866e-06,3,0.0016839875599396,20210520T000000_3
AV.DEER..BH,2021-05-20T01:32:33.760000,S,0.45,1.7650875179242576e-06,-1,-1.0,20210520T000000_-1
AV.DEER..BH,2021-05-20T05:19:41.820000,S,0.865,4.2952410694852006e-06,4,0.0016839875599396,20210520T000000_4
AV.DOL..BH,2021-05-20T04:12:21.020000,P,0.589,2.4800351638987195e-06,1,0.0016839875599396,20210520T000000_1
AV.DOL..BH,2021-05-20T05:19:31.280000,P,0.492,1.690567955847655e-06,3,0.0024882457903967,20210520T000000_3
AV.DOL..BH,2021-05-20T07:32:41.640000,P,0.36,1.6916833374125415e-06,-1,-1.0,20210520T000000_-1
AV.DOL..BH,2021-05-20T05:19:50.180000,S,0.786,3.063077883780352e-06,4,0.0024882457903967,20210520T000000_4
AV.DOL..BH,2021-05-20T07:32:55.660000,S,0.72,1.970860466826707e-06,-1,-1.0,20210520T000000_-1
AV.DT1..BH,2021-05-20T05:19:28.760000,P,0.915,1.578376213728916e-06,3,0.0006645662287851,20210520T000000_3
AV.DT1..BH,2021-05-20T05:19:45.840000,S,0.791,2.2495564735436342e-06,4,0.0006645662287851,20210520T000000_4
AV.DTN..BH,2021-05-20T04:12:24.220000,P,0.768,2.363613930356223e-06,1,0.0024882457903967,20210520T000000_1
AV.DTN..BH,2021-05-20T04:12:55.240000,P,0.521,3.766023610296543e-06,2,0.0016839875599396,20210520T000000_2
AV.HAG..SH,2021-05-20T00:35:21.360000,P,0.301,5.166811547496764e-07,-1,-1.0,20210520T000000_-1
AV.HAG..SH,2021-05-20T00:55:54.920000,P,0.93,1.900926577036444e-06,-1,-1.0,20210520T000000_-1
AV.HAG..SH,2021-05-20T01:12:07.300000,P,0.535,7.435224915752769e-07,-1,-1.0,20210520T000000_-1
AV.HAG..SH,2021-05-20T01:20:36.880000,P,0.401,5.008641892345622e-07,-1,-1.0,20210520T000000_-1
AV.HAG..SH,2021-05-20T01:50:05.840000,P,0.312,1.2488744687289e-06,-1,-1.0,20210520T000000_-1
AV.HAG..SH,2021-05-20T03:39:03.580000,P,0.874,2.762257963695447e-06,-1,-1.0,20210520T000000_-1
AV.HAG..SH,2021-05-20T04:08:37.140000,P,0.744,2.984824050145108e-06,-1,-1.0,20210520T000000_-1
AV.HAG..SH,2021-05-20T04:09:29.220000,P,0.633,4.426650832556334e-07,-1,-1.0,20210520T000000_-1
AV.HAG..SH,2021-05-20T04:12:23.760000,P,0.621,1.3001041452298525e-06,-1,-1.0,20210520T000000_-1
AV.HAG..SH,2021-05-20T05:19:34.080000,P,0.642,7.980003715601924e-07,3,0.0014479954843081,20210520T000000_3
AV.HAG..SH,2021-05-20T05:19:55.480000,P,0.533,1.052881202667777e-06,-1,-1.0,20210520T000000_-1
AV.HAG..SH,2021-05-20T00:55:56.080000,S,0.432,9.434824619347636e-07,-1,-1.0,20210520T000000_-1
AV.HAG..SH,2021-05-20T01:12:14.840000,S,0.384,4.69362134936091e-07,-1,-1.0,20210520T000000_-1
AV.HAG..SH,2021-05-20T01:20:36.960000,S,0.388,5.008641892345622e-07,-1,-1.0,20210520T000000_-1
AV.HAG..SH,2021-05-20T01:31:59.280000,S,0.348,3.885525927671553e-07,-1,-1.0,20210520T000000_-1
AV.HAG..SH,2021-05-20T01:32:22.800000,S,0.5,8.029790592445352e-07,-1,-1.0,20210520T000000_-1
AV.HAG..SH,2021-05-20T01:32:49.760000,S,0.546,8.430640150436375e-07,-1,-1.0,20210520T000000_-1
AV.HAG..SH,2021-05-20T03:39:06.460000,S,0.841,2.762257963695447e-06,-1,-1.0,20210520T000000_-1
AV.HAG..SH,2021-05-20T04:12:51.120000,S,0.502,2.0311420030338923e-06,2,0.0024882457903967,20210520T000000_2
AV.HAG..SH,2021-05-20T05:19:43.760000,S,0.424,7.445204346367973e-07,3,0.0058546913889366,20210520T000000_3
AV.HAG..SH,2021-05-20T05:19:55.380000,S,0.313,1.052881202667777e-06,4,0.0014479954843081,20210520T000000_4
AV.PS1A..BH,2021-05-20T00:00:00.020000,P,0.37,5.159781721886247e-06,-1,-1.0,20210520T000000_-1
AV.PS1A..BH,2021-05-20T04:12:20.200000,P,0.502,5.02408192915027e-06,1,0.0006645662287851,20210520T000000_1
AV.PS4A..BH,2021-05-20T04:12:49.600000,S,0.522,5.102272098156391e-06,2,0.0006645662287851,20210520T000000_2
AV.PV6A..SH,2021-05-20T01:23:16.760000,P,0.306,2.7801448254649586e-07,-1,-1.0,20210520T000000_-1
AV.PV6A..SH,2021-05-20T02:38:47.480000,P,0.484,2.877313818316907e-07,-1,-1.0,20210520T000000_-1
AV.PV6A..SH,2021-05-20T03:49:59.260000,P,0.348,3.321152917123982e-07,-1,-1.0,20210520T000000_-1
AV.PV6A..SH,2021-05-20T03:54:21.420000,P,0.763,5.379915819503367e-07,-1,-1.0,20210520T000000_-1
AV.PV6A..SH,2021-05-20T04:12:22.360000,P,0.941,5.959800546406768e-07,1,0.0014479954843081,20210520T000000_1
AV.PV6A..SH,2021-05-20T04:13:02.340000,P,0.55,7.649911140106269e-07,-1,-1.0,20210520T000000_-1
AV.PV6A..SH,2021-05-20T04:57:36.840000,P,0.358,2.702034294088662e-07,-1,-1.0,20210520T000000_-1
AV.PV6A..SH,2021-05-20T05:28:46.400000,P,0.432,2.889176755616063e-07,-1,-1.0,20210520T000000_-1
AV.PV6A..SH,2021-05-20T06:45:00.560000,P,0.504,2.555209732690855e-07,-1,-1.0,20210520T000000_-1
AV.PV6A..SH,2021-05-20T06:51:35.920000,P,0.515,6.506716090370901e-07,-1,-1.0,20210520T000000_-1
AV.PV6A..SH,2021-05-20T03:50:04.880000,S,0.586,2.2399903798486773e-07,-1,-1.0,20210520T000000_-1
AV.PV6A..SH,2021-05-20T03:51:18.860000,S,0.426,2.950413033886435e-07,-1,-1.0,20210520T000000_-1
AV.PV6A..SH,2021-05-20T03:54:25.920000,S,0.662,5.379915819503367e-07,-1,-1.0,20210520T000000_-1
AV.PV6A..SH,2021-05-20T04:12:52.000000,S,0.609,9.89644945548207e-07,2,0.0014479954843081,20210520T000000_2
AV.PV6A..SH,2021-05-20T04:57:40.600000,S,0.426,2.702034294088662e-07,-1,-1.0,20210520T000000_-1
AV.PV6A..SH,2021-05-20T06:25:28.880000,S,0.471,1.1792006944233435e-06,-1,-1.0,20210520T000000_-1
AV.PV6A..SH,2021-05-20T06:51:40.080000,S,0.379,6.506716090370901e-07,-1,-1.0,20210520T000000_-1
AV.PVV..SH,2021-05-20T04:12:20.480000,P,0.558,7.503894607907569e-07,1,0.0058546913889366,20210520T000000_1
AV.PVV..SH,2021-05-20T05:19:57.560000,P,0.334,4.469396799322567e-07,-1,-1.0,20210520T000000_-1
AV.PVV..SH,2021-05-20T04:12:48.520000,S,0.403,4.40612694774245e-07,-1,-1.0,20210520T000000_-1
AV.PVV..SH,2021-05-20T04:12:49.360000,S,0.346,8.423145345659577e-07,2,0.0058546913889366,20210520T000000_2
AV.S12K..BH,2021-05-20T05:19:55.360000,P,0.388,2.2886242732056417e-06,4,0.0058546913889366,20210520T000000_4
AV.DEER..BH,2021-05-20T08:39:44.260000,P,0.973,1.241942482010927e-05,1,0.0221624691230754,20210520T080000_1
AV.DEER..BH,2021-05-20T11:01:26.660000,P,0.941,5.968960522295674e-06,4,0.0221624691230754,20210520T080000_4
AV.DEER..BH,2021-05-20T11:15:57.660000,P,0.813,1.4880730532240705e-06,6,0.0221624691230754,20210520T080000_6
AV.DEER..BH,2021-05-20T08:39:53.940000,S,0.953,1.241942482010927e-05,1,0.0101468013652585,20210520T080000_1
AV.DEER..BH,2021-05-20T11:01:37.100000,S,0.932,5.968960522295674e-06,4,0.0101468013652585,20210520T080000_4
AV.DEER..BH,2021-05-20T11:16:13.360000,S,0.711,3.43464853358455e-06,-1,-1.0,20210520T080000_-1
AV.DOL..BH,2021-05-20T08:39:45.060000,P,0.949,1.3640969882544596e-05,-1,-1.0,20210520T080000_-1
AV.DOL..BH,2021-05-20T09:10:19.740000,P,0.674,1.786366055966937e-06,2,0.0221624691230754,20210520T080000_2
AV.DOL..BH,2021-05-20T11:01:27.420000,P,0.724,3.919693426723825e-06,-1,-1.0,20210520T080000_-1
AV.DOL..BH,2021-05-20T11:16:02.300000,P,0.832,2.0522106751741376e-06,6,0.0101468013652585,20210520T080000_6
AV.DOL..BH,2021-05-20T08:39:55.620000,S,0.846,1.6005182260414585e-05,-1,-1.0,20210520T080000_-1
AV.DOL..BH,2021-05-20T09:10:38.340000,S,0.585,2.60534352491959e-06,3,0.0221624691230754,20210520T080000_3
AV.DOL..BH,2021-05-20T11:01:37.760000,S,0.605,4.8542974582233e-06,5,0.0221624691230754,20210520T080000_5
AV.DOL..BH,2021-05-20T11:16:22.100000,S,0.67,4.7065836952242535e-06,7,0.0221624691230754,20210520T080000_7
AV.DT1..BH,2021-05-20T08:39:45.580000,P,0.983,2.119836244673934e-05,1,0.0017559759747312,20210520T080000_1
AV.DT1..BH,2021-05-20T09:10:22.380000,P,0.425,1.4292357946033007e-06,2,0.0101468013652585,20210520T080000_2
AV.DT1..BH,2021-05-20T11:01:27.900000,P,0.967,1.4074331375013571e-05,4,0.0017559759747312,20210520T080000_4
AV.DT1..BH,2021-05-20T11:15:59.840000,P,0.85,1.668039203650551e-06,6,0.0017559759747312,20210520T080000_6
AV.DT1..BH,2021-05-20T13:14:48.040000,P,0.311,9.86340751296666e-07,-1,-1.0,20210520T080000_-1
AV.DT1..BH,2021-05-20T14:31:58.760000,P,0.625,1.0849862519535236e-06,-1,-1.0,20210520T080000_-1
AV.DT1..BH,2021-05-20T08:39:56.500000,S,0.955,2.119836244673934e-05,-1,-1.0,20210520T080000_-1
AV.DT1..BH,2021-05-20T11:01:39.400000,S,0.959,1.4074331375013571e-05,5,0.0101468013652585,20210520T080000_5
AV.DT1..BH,2021-05-20T11:16:17.760000,S,0.593,2.5557756089256145e-06,7,0.0101468013652585,20210520T080000_7
AV.DTN..BH,2021-05-20T08:39:46.220000,P,0.973,4.36371965406579e-06,1,0.017858018722199,20210520T080000_1
AV.DTN..BH,2021-05-20T09:10:22.940000,P,0.321,2.528272943891352e-06,2,0.0017559759747312,20210520T080000_2
AV.DTN..BH,2021-05-20T11:01:28.680000,P,0.883,2.5369288323418004e-06,4,0.017858018722199,20210520T080000_4
AV.DTN..BH,2021-05-20T11:16:00.460000,P,0.826,2.342876769034774e-06,6,0.017858018722199,20210520T080000_6
AV.DTN..BH,2021-05-20T14:32:00.000000,P,0.526,2.075655174849089e-06,-1,-1.0,20210520T080000_-1
AV.DTN..BH,2021-05-20T08:39:57.660000,S,0.896,4.678114237322006e-06,-1,-1.0,20210520T080000_-1
AV.DTN..BH,2021-05-20T09:10:43.680000,S,0.564,3.286712853878271e-06,3,0.0101468013652585,20210520T080000_3
AV.DTN..BH,2021-05-20T11:01:40.340000,S,0.755,3.5455377656035125e-06,5,0.0017559759747312,20210520T080000_5
AV.DTN..BH,2021-05-20T11:16:19.440000,S,0.452,3.3530013752169907e-06,7,0.0017559759747312,20210520T080000_7
AV.HAG..SH,2021-05-20T08:39:48.420000,P,0.895,2.1816256321471883e-06,1,0.0056418682510148,20210520T080000_1
AV.HAG..SH,2021-05-20T09:10:22.120000,P,0.918,9.229737543137162e-07,2,0.017858018722199,20210520T080000_2
AV.HAG..SH,2021-05-20T09:29:22.760000,P,0.835,2.387485437793657e-06,-1,-1.0,20210520T080000_-1
AV.HAG..SH,2021-05-20T11:01:31.400000,P,0.922,1.658278847571637e-06,4,0.0056418682510148,20210520T080000_4
AV.HAG..SH,2021-05-20T11:16:04.680000,P,0.361,1.5463290310435696e-06,6,0.0056418682510148,20210520T080000_6
AV.HAG..SH,2021-05-20T11:16:27.120000,P,0.451,1.635080366213515e-06,-1,-1.0,20210520T080000_-1
AV.HAG..SH,2021-05-20T11:24:26.840000,P,0.39,6.392384648279403e-07,-1,-1.0,20210520T080000_-1
AV.HAG..SH,2021-05-20T08:40:01.440000,S,0.516,3.7423546928039286e-06,1,0.0004474097128003,20210520T080000_1
AV.HAG..SH,2021-05-20T08:40:51.880000,S,0.318,4.45980276708724e-07,-1,-1.0,20210520T080000_-1
AV.HAG..SH,2021-05-20T09:10:43.040000,S,0.441,1.016467876979732e-06,3,0.0017559759747312,20210520T080000_3
AV.HAG..SH,2021-05-20T09:29:24.040000,S,0.346,7.048291195133061e-07,-1,-1.0,20210520T080000_-1
AV.HAG..SH,2021-05-20T11:01:45.160000,S,0.409,2.1631381059705745e-06,4,0.0004474097128003,20210520T080000_4
AV.HAG..SH,2021-05-20T11:16:06.840000,S,0.426,1.5691084627178498e-06,-1,-1.0,20210520T080000_-1
AV.HAG..SH,2021-05-20T11:24:26.620000,S,0.416,6.392384648279403e-07,-1,-1.0,20210520T080000_-1
AV.PS1A..BH,2021-05-20T08:00:00.020000,P,0.321,3.701592731886194e-06,-1,-1.0,20210520T080000_-1
AV.PS1A..BH,2021-05-20T08:39:49.560000,P,0.684,3.713415935635567e-06,1,0.0050953742688599,20210520T080000_1
AV.PS1A..BH,2021-05-20T09:10:22.060000,P,0.565,5.2526243052852806e-06,2,0.0056418682510148,20210520T080000_2
AV.PS1A..BH,2021-05-20T11:01:32.500000,P,0.869,3.074994765484007e-06,4,0.0050953742688599,20210520T080000_4
AV.PS1A..BH,2021-05-20T08:40:03.700000,S,0.674,5.008077550883172e-06,1,0.010146021016973,20210520T080000_1
AV.PS1A..BH,2021-05-20T11:01:46.540000,S,0.762,3.909888164344011e-06,4,0.010146021016973,20210520T080000_4
AV.PS4A..BH,2021-05-20T08:39:48.560000,P,0.806,2.9102072858222527e-06,1,0.0006989950860168,20210520T080000_1
AV.PS4A..BH,2021-05-20T11:01:31.580000,P,0.756,2.839489752659574e-06,4,0.0006989950860168,20210520T080000_4
AV.PS4A..BH,2021-05-20T08:40:02.060000,S,0.526,6.38574238109868e-06,1,0.0037023035989778,20210520T080000_1
AV.PS4A..BH,2021-05-20T11:01:44.300000,S,0.638,5.271797363093356e-06,4,0.0037023035989778,20210520T080000_4
AV.PS4A..BH,2021-05-20T11:16:28.360000,S,0.339,3.979426764999516e-06,-1,-1.0,20210520T080000_-1
AV.PV6A..SH,2021-05-20T08:17:26.200000,P,0.392,2.283871651798109e-07,-1,-1.0,20210520T080000_-1
AV.PV6A..SH,2021-05-20T08:39:51.820000,P,0.925,5.011426083001425e-07,1,0.003344018356012,20210520T080000_1
AV.PV6A..SH,2021-05-20T09:10:24.760000,P,0.922,4.5572173235086666e-07,2,0.0004474097128003,20210520T080000_2
AV.PV6A..SH,2021-05-20T10:30:43.040000,P,0.326,4.066815790793044e-07,-1,-1.0,20210520T080000_-1
AV.PV6A..SH,2021-05-20T10:35:14.040000,P,0.575,6.396696790034184e-07,-1,-1.0,20210520T080000_-1
AV.PV6A..SH,2021-05-20T11:01:34.300000,P,0.646,4.17042173239679e-07,4,0.003344018356012,20210520T080000_4
AV.PV6A..SH,2021-05-20T11:16:08.300000,P,0.495,2.480225589351903e-07,6,0.0004474097128003,20210520T080000_6
AV.PV6A..SH,2021-05-20T13:38:49.880000,P,0.717,3.3501464713481255e-07,-1,-1.0,20210520T080000_-1
AV.PV6A..SH,2021-05-20T14:17:41.840000,P,0.622,1.8808977131357096e-07,-1,-1.0,20210520T080000_-1
AV.PV6A..SH,2021-05-20T14:22:11.280000,P,0.529,4.570888734178881e-07,8,0.0221624691230754,20210520T080000_8
AV.PV6A..SH,2021-05-20T08:06:00.000000,S,0.49,6.537950412166538e-07,-1,-1.0,20210520T080000_-1
AV.PV6A..SH,2021-05-20T08:17:48.680000,S,0.312,2.0658556820762897e-07,-1,-1.0,20210520T080000_-1
AV.PV6A..SH,2021-05-20T08:17:57.720000,S,0.384,3.54011547187838e-07,-1,-1.0,20210520T080000_-1
AV.PV6A..SH,2021-05-20T08:40:07.680000,S,0.514,8.051393933783402e-07,-1,-1.0,20210520T080000_-1
AV.PV6A..SH,2021-05-20T09:10:47.360000,S,0.535,6.597217065973382e-07,3,0.017858018722199,20210520T080000_3
AV.PV6A..SH,2021-05-20T10:35:16.040000,S,0.493,6.396696790034184e-07,-1,-1.0,20210520T080000_-1
AV.PV6A..SH,2021-05-20T11:01:50.240000,S,0.702,8.980485972642782e-07,-1,-1.0,20210520T080000_-1
AV.PV6A..SH,2021-05-20T11:16:19.840000,S,0.329,3.914282444839046e-07,7,0.017858018722199,20210520T080000_7
AV.PV6A..SH,2021-05-20T13:38:52.720000,S,0.488,3.3501464713481255e-07,-1,-1.0,20210520T080000_-1
AV.PV6A..SH,2021-05-20T14:18:03.720000,S,0.348,2.170420003722029e-07,-1,-1.0,20210520T080000_-1
AV.PV6A..SH,2021-05-20T14:18:25.400000,S,0.449,2.550505939780124e-07,-1,-1.0,20210520T080000_-1
AV.PV6A..SH,2021-05-20T14:22:15.940000,S,0.682,4.570888734178881e-07,8,0.0101468013652585,20210520T080000_8
AV.PVV..SH,2021-05-20T08:00:01.160000,P,0.355,2.029358654453972e-07,-1,-1.0,20210520T080000_-1
AV.PVV..SH,2021-05-20T08:39:48.540000,P,0.969,7.23322273188387e-07,1,0.0034780790610181,20210520T080000_1
AV.PVV..SH,2021-05-20T09:10:21.820000,P,0.716,4.635212462744677e-07,2,0.0050953742688599,20210520T080000_2
AV.PVV..SH,2021-05-20T11:01:31.000000,P,0.853,7.079652277752757e-07,5,0.017858018722199,20210520T080000_5
AV.PVV..SH,2021-05-20T14:00:28.080000,P,0.398,2.5102067979787535e-07,-1,-1.0,20210520T080000_-1
AV.PVV..SH,2021-05-20T14:22:07.240000,P,0.635,2.54237022545567e-07,8,0.0017559759747312,20210520T080000_8
AV.PVV..SH,2021-05-20T08:40:02.220000,S,0.867,1.529862061033782e-06,1,0.0034829233978501,20210520T080000_1
AV.PVV..SH,2021-05-20T09:10:41.380000,S,0.684,3.745468291072029e-07,3,0.0056418682510148,20210520T080000_3
AV.PVV..SH,2021-05-20T11:01:44.640000,S,0.783,1.2569515774885076e-06,4,0.0034780790610181,20210520T080000_4
AV.PVV..SH,2021-05-20T14:22:10.160000,S,0.541,2.54237022545567e-07,8,0.017858018722199,20210520T080000_8
AV.S12K..BH,2021-05-20T11:01:37.120000,P,0.586,1.944539462783723e-06,5,0.0056418682510148,20210520T080000_5
AV.S12K..BH,2021-05-20T11:16:11.080000,P,0.713,1.3693888831767254e-06,6,0.0050953742688599,20210520T080000_6
AV.S12K..BH,2021-05-20T11:01:55.740000,S,0.644,2.702496203710325e-06,-1,-1.0,20210520T080000_-1
AV.S12K..BH,2021-05-20T11:16:35.220000,S,0.657,2.869352329071262e-06,-1,-1.0,20210520T080000_-1
AV.DEER..BH,2021-05-20T16:56:21.180000,P,0.505,1.826438847274403e-06,1,0.00319627856685,20210520T160000_1
AV.DEER..BH,2021-05-20T17:53:53.620000,P,0.958,1.281029199162731e-05,2,0.00319627856685,20210520T160000_2
AV.DEER..BH,2021-05-20T23:06:13.240000,P,0.924,1.9003696252184448e-06,10,0.00319627856685,20210520T160000_10
AV.DEER..BH,2021-05-20T23:27:53.720000,P,0.817,1.9026423387913385e-06,11,0.00319627856685,20210520T160000_11
AV.DEER..BH,2021-05-20T16:56:27.680000,S,0.342,1.826438847274403e-06,1,0.0208296070912317,20210520T160000_1
AV.DEER..BH,2021-05-20T17:54:08.340000,S,0.796,3.306400321889669e-05,3,0.00319627856685,20210520T160000_3
AV.DEER..BH,2021-05-20T20:53:47.260000,S,0.569,2.177646820200607e-06,7,0.00319627856685,20210520T160000_7
AV.DEER..BH,2021-05-20T23:06:23.020000,S,0.8,2.134637725248467e-06,10,0.0208296070912317,20210520T160000_10
AV.DEER..BH,2021-05-20T23:28:02.040000,S,0.879,1.8606451703817584e-06,11,0.0208296070912317,20210520T160000_11
AV.DOL..BH,2021-05-20T16:56:24.200000,P,0.377,1.8462708339939129e-06,1,0.0020546390922379,20210520T160000_1
AV.DOL..BH,2021-05-20T17:51:31.340000,P,0.794,1.9579149466153467e-06,-1,-1.0,20210520T160000_-1
AV.DOL..BH,2021-05-20T17:53:52.420000,P,0.959,1.893090120574925e-05,2,0.0208296070912317,20210520T160000_2
AV.DOL..BH,2021-05-20T19:26:41.960000,P,0.608,1.583137873240048e-06,-1,-1.0,20210520T160000_-1
AV.DOL..BH,2021-05-20T20:53:25.240000,P,0.864,2.8855004075012403e-06,6,0.00319627856685,20210520T160000_6
AV.DOL..BH,2021-05-20T22:30:11.340000,P,0.773,1.922743422255735e-06,-1,-1.0,20210520T160000_-1
AV.DOL..BH,2021-05-20T22:38:16.860000,P,0.769,2.0166635295026936e-06,8,0.00319627856685,20210520T160000_8
AV.DOL..BH,2021-05-20T23:06:12.340000,P,0.968,3.790675236814424e-06,10,0.0020546390922379,20210520T160000_10
AV.DOL..BH,2021-05-20T23:27:54.780000,P,0.901,2.3620361844223225e-06,11,0.0020546390922379,20210520T160000_11
AV.DOL..BH,2021-05-20T16:56:32.460000,S,0.423,1.6716960544727044e-06,1,0.0001223342965916,20210520T160000_1
AV.DOL..BH,2021-05-20T17:51:40.740000,S,0.682,1.8132769810108584e-06,-1,-1.0,20210520T160000_-1
AV.DOL..BH,2021-05-20T17:54:06.200000,S,0.423,5.261728074401617e-05,3,0.0208296070912317,20210520T160000_3
AV.DOL..BH,2021-05-20T20:53:43.140000,S,0.847,7.955408364068717e-06,7,0.0208296070912317,20210520T160000_7
AV.DOL..BH,2021-05-20T22:00:15.200000,S,0.321,2.18192144529894e-06,-1,-1.0,20210520T160000_-1
AV.DOL..BH,2021-05-20T22:30:30.080000,S,0.496,2.3082825464371126e-06,-1,-1.0,20210520T160000_-1
AV.DOL..BH,2021-05-20T22:38:34.700000,S,0.781,2.0811062313441653e-06,-1,-1.0,20210520T160000_-1
AV.DOL..BH,2021-05-20T23:06:21.520000,S,0.83,3.790675236814424e-06,10,0.0001223342965916,20210520T160000_10
AV.DOL..BH,2021-05-20T23:28:04.500000,S,0.835,1.849974296419532e-06,11,0.0001223342965916,20210520T160000_11
AV.DT1..BH,2021-05-20T16:56:23.300000,P,0.959,2.113641585310688e-06,1,0.0034372702176363,20210520T160000_1
AV.DT1..BH,2021-05-20T17:53:54.440000,P,0.934,1.1672173059196211e-05,2,0.0020546390922379,20210520T160000_2
AV.DT1..BH,2021-05-20T20:53:27.980000,P,0.678,1.808693468774436e-06,6,0.0208296070912317,20210520T160000_6
AV.DT1..BH,2021-05-20T23:06:14.120000,P,0.977,3.508534746288205e-06,10,0.0034372702176363,20210520T160000_10
AV.DT1..BH,2021-05-20T23:27:55.020000,P,0.943,3.4333456824242603e-06,11,0.0034372702176363,20210520T160000_11
AV.DT1..BH,2021-05-20T16:56:31.060000,S,0.905,2.113641585310688e-06,1,0.0070872637826649,20210520T160000_1
AV.DT1..BH,2021-05-20T17:54:10.040000,S,0.477,1.820419311115984e-05,3,0.0020546390922379,20210520T160000_3
AV.DT1..BH,2021-05-20T20:53:48.060000,S,0.515,3.473677224974381e-06,7,0.0020546390922379,20210520T160000_7
AV.DT1..BH,2021-05-20T22:38:39.560000,S,0.383,1.2479252973207622e-06,9,0.00319627856685,20210520T160000_9
AV.DT1..BH,2021-05-20T23:06:24.400000,S,0.878,3.508534746288205e-06,10,0.0070872637826649,20210520T160000_10
AV.DT1..BH,2021-05-20T23:28:04.740000,S,0.868,3.4333456824242603e-06,11,0.0070872637826649,20210520T160000_11
AV.DTN..BH,2021-05-20T17:53:55.000000,P,0.96,1.3004404536332004e-05,2,0.0001223342965916,20210520T160000_2
AV.DTN..BH,2021-05-20T20:53:28.440000,P,0.884,2.3312049961532466e-06,6,0.0020546390922379,20210520T160000_6
AV.DTN..BH,2021-05-20T22:38:20.460000,P,0.659,2.33835771723534e-06,8,0.0208296070912317,20210520T160000_8
AV.DTN..BH,2021-05-20T23:06:14.700000,P,0.863,3.223458406864665e-06,10,0.0048534277586713,20210520T160000_10
AV.DTN..BH,2021-05-20T17:54:11.380000,S,0.633,3.450590884312987e-05,3,0.0001223342965916,20210520T160000_3
AV.DTN..BH,2021-05-20T20:53:49.280000,S,0.694,4.471427473617951e-06,7,0.0001223342965916,20210520T160000_7
AV.DTN..BH,2021-05-20T22:38:40.320000,S,0.565,1.7420787798982929e-06,9,0.0208296070912317,20210520T160000_9
AV.DTN..BH,2021-05-20T23:06:25.420000,S,0.762,2.5340480078739347e-06,10,0.0032182444919853,20210520T160000_10
AV.HAG..SH,2021-05-20T16:00:00.020000,P,0.789,3.1731764238429605e-07,-1,-1.0,20210520T160000_-1
AV.HAG..SH,2021-05-20T16:56:27.640000,P,0.465,2.863502288619202e-07,1,0.0048534277586713,20210520T160000_1
AV.HAG..SH,2021-05-20T16:56:38.040000,P,0.485,7.985942716004502e-07,-1,-1.0,20210520T160000_-1
AV.HAG..SH,2021-05-20T17:53:55.240000,P,0.965,1.8051110600936227e-05,2,0.0034372702176363,20210520T160000_2
AV.HAG..SH,2021-05-20T19:10:46.720000,P,0.49,3.3927855724869005e-07,-1,-1.0,20210520T160000_-1
AV.HAG..SH,2021-05-20T20:53:27.560000,P,0.783,2.2718397758580977e-06,6,0.0001223342965916,20210520T160000_6
AV.HAG..SH,2021-05-20T21:45:27.080000,P,0.694,5.877689090993954e-07,-1,-1.0,20210520T160000_-1
AV.HAG..SH,2021-05-20T22:38:19.120000,P,0.751,5.735342938351096e-07,8,0.0020546390922379,20210520T160000_8
AV.HAG..SH,2021-05-20T23:06:15.100000,P,0.927,6.604068971682864e-07,10,0.0001914094432953,20210520T160000_10
AV.HAG..SH,2021-05-20T23:27:57.880000,P,0.393,3.2183450571210415e-07,11,0.0048534277586713,20210520T160000_11
AV.HAG..SH,2021-05-20T17:54:11.040000,S,0.782,1.9555955077521503e-05,3,0.0034372702176363,20210520T160000_3
AV.HAG..SH,2021-05-20T20:53:49.340000,S,0.643,3.01902400678955e-06,-1,-1.0,20210520T160000_-1
AV.HAG..SH,2021-05-20T22:38:38.720000,S,0.588,8.44855378545617e-07,9,0.0020546390922379,20210520T160000_9
AV.HAG..SH,2021-05-20T23:06:27.040000,S,0.798,7.118802045624761e-07,-1,-1.0,20210520T160000_-1
AV.PS1A..BH,2021-05-20T17:53:55.720000,P,0.919,1.0553721949690951e-05,2,0.0070872637826649,20210520T160000_2
AV.PS1A..BH,2021-05-20T20:53:27.640000,P,0.905,6.594027581741102e-06,6,0.0034372702176363,20210520T160000_6
AV.PS1A..BH,2021-05-20T21:25:54.200000,P,0.353,3.3200356028828537e-06,-1,-1.0,20210520T160000_-1
AV.PS1A..BH,2021-05-20T23:06:15.980000,P,0.873,2.96723237624974e-06,10,0.0034009931077041,20210520T160000_10
AV.PS1A..BH,2021-05-20T17:54:12.160000,S,0.675,2.7259922717348672e-05,3,0.0070872637826649,20210520T160000_3
AV.PS1A..BH,2021-05-20T20:53:47.960000,S,0.333,4.840608653466916e-06,-1,-1.0,20210520T160000_-1
AV.PS1A..BH,2021-05-20T20:53:48.640000,S,0.504,5.843956387252547e-06,7,0.0034372702176363,20210520T160000_7
AV.PS4A..BH,2021-05-20T17:53:55.300000,P,0.945,2.710996704990976e-05,2,0.0048534277586713,20210520T160000_2
AV.PS4A..BH,2021-05-20T19:41:14.540000,P,0.714,3.191221367160324e-06,4,0.00319627856685,20210520T160000_4
AV.PS4A..BH,2021-05-20T20:53:27.600000,P,0.959,3.825399289780762e-06,6,0.0070872637826649,20210520T160000_6
AV.PS4A..BH,2021-05-20T17:54:12.280000,S,0.528,4.81639253848698e-05,3,0.0048534277586713,20210520T160000_3
AV.PS4A..BH,2021-05-20T19:41:16.800000,S,0.369,3.191221367160324e-06,4,0.0208296070912317,20210520T160000_4
AV.PS4A..BH,2021-05-20T20:53:48.660000,S,0.375,5.94540188103565e-06,7,0.0070872637826649,20210520T160000_7
AV.PV6A..SH,2021-05-20T17:03:40.280000,P,0.481,2.453287208936672e-07,-1,-1.0,20210520T160000_-1
AV.PV6A..SH,2021-05-20T17:53:58.440000,P,0.956,8.29417331260629e-06,2,0.0032182444919853,20210520T160000_2
AV.PV6A..SH,2021-05-20T19:33:30.960000,P,0.615,4.133073900902673e-07,-1,-1.0,20210520T160000_-1
AV.PV6A..SH,2021-05-20T19:41:16.300000,P,0.856,4.623582867679943e-07,4,0.0020546390922379,20210520T160000_4
AV.PV6A..SH,2021-05-20T19:58:54.360000,P,0.732,3.142050957194442e-07,-1,-1.0,20210520T160000_-1
AV.PV6A..SH,2021-05-20T20:17:52.320000,P,0.57,2.78985339718929e-07,5,0.00319627856685,20210520T160000_5
AV.PV6A..SH,2021-05-20T20:53:30.220000,P,0.892,1.1625386378000258e-06,6,0.0048534277586713,20210520T160000_6
AV.PV6A..SH,2021-05-20T21:20:19.560000,P,0.789,2.609859848234919e-07,-1,-1.0,20210520T160000_-1
AV.PV6A..SH,2021-05-20T22:00:01.080000,P,0.481,1.9339942980423083e-07,-1,-1.0,20210520T160000_-1
AV.PV6A..SH,2021-05-20T22:30:16.460000,P,0.825,2.727917944866931e-07,-1,-1.0,20210520T160000_-1
AV.PV6A..SH,2021-05-20T22:38:21.300000,P,0.926,2.764534485777404e-07,8,0.0001223342965916,20210520T160000_8
AV.PV6A..SH,2021-05-20T23:06:18.720000,P,0.519,2.176508928641852e-07,10,0.0006356252353783,20210520T160000_10
AV.PV6A..SH,2021-05-20T17:03:43.360000,S,0.718,2.453287208936672e-07,-1,-1.0,20210520T160000_-1
AV.PV6A..SH,2021-05-20T17:54:16.640000,S,0.886,1.73898533830652e-05,3,0.0032182444919853,20210520T160000_3
AV.PV6A..SH,2021-05-20T18:34:36.180000,S,0.798,2.546475741382892e-07,-1,-1.0,20210520T160000_-1
AV.PV6A..SH,2021-05-20T18:37:18.480000,S,0.365,4.942613713865285e-07,-1,-1.0,20210520T160000_-1
AV.PV6A..SH,2021-05-20T19:41:19.820000,S,0.926,4.623582867679943e-07,4,0.0001223342965916,20210520T160000_4
AV.PV6A..SH,2021-05-20T19:58:57.760000,S,0.623,3.142050957194442e-07,-1,-1.0,20210520T160000_-1
AV.PV6A..SH,2021-05-20T20:17:58.340000,S,0.64,2.78985339718929e-07,5,0.0208296070912317,20210520T160000_5
AV.PV6A..SH,2021-05-20T20:53:52.000000,S,0.456,9.407550578544032e-07,-1,-1.0,20210520T160000_-1
AV.PV6A..SH,2021-05-20T20:53:53.060000,S,0.428,2.0137363208050374e-06,7,0.0048534277586713,20210520T160000_7
AV.PV6A..SH,2021-05-20T21:20:24.180000,S,0.461,2.609859848234919e-07,-1,-1.0,20210520T160000_-1
AV.PV6A..SH,2021-05-20T22:00:24.000000,S,0.604,2.315620832860077e-07,-1,-1.0,20210520T160000_-1
AV.PV6A..SH,2021-05-20T22:30:39.360000,S,0.666,2.903734923620505e-07,-1,-1.0,20210520T160000_-1
AV.PV6A..SH,2021-05-20T22:38:41.980000,S,0.814,4.31679154644371e-07,9,0.0001223342965916,20210520T160000_9
AV.PV6A..SH,2021-05-20T23:06:31.640000,S,0.347,2.538868102419656e-07,-1,-1.0,20210520T160000_-1
AV.PVV..SH,2021-05-20T17:03:38.960000,P,0.396,1.47433468100644e-07,-1,-1.0,20210520T160000_-1
AV.PVV..SH,2021-05-20T17:53:55.180000,P,0.98,9.428293196833692e-06,2,0.0001914094432953,20210520T160000_2
AV.PVV..SH,2021-05-20T19:41:14.760000,P,0.954,5.640859512823226e-07,4,0.0034372702176363,20210520T160000_4
AV.PVV..SH,2021-05-20T20:17:49.180000,P,0.874,1.8396973189283017e-07,5,0.0020546390922379,20210520T160000_5
AV.PVV..SH,2021-05-20T20:53:27.100000,P,0.972,1.07289963580115e-06,6,0.0032182444919853,20210520T160000_6
AV.PVV..SH,2021-05-20T22:30:13.500000,P,0.827,2.461422639044031e-07,-1,-1.0,20210520T160000_-1
AV.PVV..SH,2021-05-20T22:38:18.180000,P,0.952,4.472771593100333e-07,8,0.0034372702176363,20210520T160000_8
AV.PVV..SH,2021-05-20T22:38:36.540000,P,0.609,3.0125158900773386e-07,9,0.0034372702176363,20210520T160000_9
AV.PVV..SH,2021-05-20T22:42:12.280000,P,0.911,4.812714564650378e-07,-1,-1.0,20210520T160000_-1
AV.PVV..SH,2021-05-20T23:06:15.240000,P,0.912,6.639274374720117e-07,10,0.0296047311399935,20210520T160000_10
AV.PVV..SH,2021-05-20T17:54:11.460000,S,0.705,9.503591172688177e-06,3,0.0001914094432953,20210520T160000_3
AV.PVV..SH,2021-05-20T19:41:17.440000,S,0.541,3.546051061675826e-07,4,0.0070872637826649,20210520T160000_4
AV.PVV..SH,2021-05-20T20:17:53.960000,S,0.301,1.8396973189283017e-07,5,0.0001223342965916,20210520T160000_5
AV.PVV..SH,2021-05-20T20:53:47.060000,S,0.881,9.842405006565969e-07,7,0.0032182444919853,20210520T160000_7
AV.PVV..SH,2021-05-20T22:42:29.280000,S,0.712,3.143867672861234e-07,-1,-1.0,20210520T160000_-1
AV.PVV..SH,2021-05-20T23:06:26.880000,S,0.386,3.738159080057813e-07,10,0.0001486156336492,20210520T160000_10
AV.S12K..BH,2021-05-20T17:54:01.320000,P,0.967,1.0182558980886824e-05,2,0.0034009931077041,20210520T160000_2
AV.S12K..BH,2021-05-20T20:53:32.880000,P,0.602,3.9613778426428325e-06,6,0.0001914094432953,20210520T160000_6
AV.S12K..BH,2021-05-20T17:54:21.600000,S,0.754,2.615131961647421e-05,3,0.0034009931077041,20210520T160000_3
AV.S12K..BH,2021-05-20T20:53:58.580000,S,0.768,3.585602598832338e-06,7,0.0001914094432953,20210520T160000_7
AV.DEER..BH,2021-05-21T00:01:20.040000,P,0.332,1.9654153220471926e-06,1,0.0028414357779227,20210521T000000_1
AV.DEER..BH,2021-05-21T01:06:37.160000,P,0.367,1.974253791559022e-06,-1,-1.0,20210521T000000_-1
AV.DEER..BH,2021-05-21T01:48:56.120000,P,0.322,2.221876002295176e-06,5,0.0028414357779227,20210521T000000_5
AV.DEER..BH,2021-05-21T03:21:20.460000,P,0.857,2.6175882794632344e-06,6,0.0028414357779227,20210521T000000_6
AV.DEER..BH,2021-05-21T01:07:20.500000,S,0.415,4.381288817967288e-06,4,0.0028414357779227,20210521T000000_4
AV.DEER..BH,2021-05-21T03:21:31.500000,S,0.91,2.6175882794632344e-06,7,0.0028414357779227,20210521T000000_7
AV.DOL..BH,2021-05-21T00:01:18.860000,P,0.939,2.15657473745523e-06,1,0.0002321778029974,20210521T000000_1
AV.DOL..BH,2021-05-21T01:00:39.400000,P,0.516,1.4826929373157327e-06,2,0.0028414357779227,20210521T000000_2
AV.DOL..BH,2021-05-21T01:06:41.640000,P,0.475,2.610870069474913e-06,3,0.0028414357779227,20210521T000000_3
AV.DOL..BH,2021-05-21T01:48:58.400000,P,0.853,2.9830609946657205e-06,5,0.0002321778029974,20210521T000000_5
AV.DOL..BH,2021-05-21T03:21:20.040000,P,0.915,5.984407380310586e-06,6,0.0002321778029974,20210521T000000_6
AV.DOL..BH,2021-05-21T04:48:50.540000,P,0.562,2.4373507585551124e-06,8,0.0028414357779227,20210521T000000_8
AV.DOL..BH,2021-05-21T06:08:29.160000,P,0.575,1.940773927344708e-06,-1,-1.0,20210521T000000_-1
AV.DOL..BH,2021-05-21T06:16:55.740000,P,0.954,1.932921804836951e-06,-1,-1.0,20210521T000000_-1
AV.DOL..BH,2021-05-21T00:01:36.260000,S,0.842,1.929975496750558e-06,-1,-1.0,20210521T000000_-1
AV.DOL..BH,2021-05-21T01:06:45.440000,S,0.458,2.610870069474913e-06,3,0.0002321778029974,20210521T000000_3
AV.DOL..BH,2021-05-21T01:07:26.720000,S,0.735,1.4137957805360202e-05,4,0.0002321778029974,20210521T000000_4
AV.DOL..BH,2021-05-21T03:21:30.680000,S,0.931,5.984407380310586e-06,7,0.0002321778029974,20210521T000000_7
AV.DOL..BH,2021-05-21T04:49:08.660000,S,0.556,2.3277509626495885e-06,-1,-1.0,20210521T000000_-1
AV.DOL..BH,2021-05-21T06:08:42.420000,S,0.512,2.729814241320128e-06,-1,-1.0,20210521T000000_-1
AV.DOL..BH,2021-05-21T06:17:06.300000,S,0.861,1.8068417375616264e-06,-1,-1.0,20210521T000000_-1
AV.DT1..BH,2021-05-21T01:48:57.280000,P,0.563,2.230608743047924e-06,5,0.001284356135959,20210521T000000_5
AV.DT1..BH,2021-05-21T03:21:21.500000,P,0.936,1.5840494143049e-06,6,0.001284356135959,20210521T000000_6
AV.DT1..BH,2021-05-21T03:21:33.460000,S,0.878,3.2856378311407752e-06,7,0.001284356135959,20210521T000000_7
AV.DTN..BH,2021-05-21T00:00:00.020000,P,0.438,3.274761866123299e-06,-1,-1.0,20210521T000000_-1
AV.DTN..BH,2021-05-21T01:00:42.600000,P,0.431,1.7940097905011498e-06,2,0.0002321778029974,20210521T000000_2
AV.DTN..BH,2021-05-21T01:06:38.120000,P,0.477,3.6813585211348254e-06,3,0.001284356135959,20210521T000000_3
AV.DTN..BH,2021-05-21T01:07:14.800000,P,0.301,6.650976501987316e-06,4,0.001284356135959,20210521T000000_4
AV.DTN..BH,2021-05-21T03:21:22.060000,P,0.883,1.862137651187368e-06,6,0.0108590809007179,20210521T000000_6
AV.DTN..BH,2021-05-21T01:07:20.120000,S,0.492,6.650976501987316e-06,4,0.0108590809007179,20210521T000000_4
AV.DTN..BH,2021-05-21T03:21:34.620000,S,0.834,2.453719616823946e-06,7,0.0108590809007179,20210521T000000_7
AV.HAG..SH,2021-05-21T00:00:00.020000,P,0.75,2.41286642221894e-07,-1,-1.0,20210521T000000_-1
AV.HAG..SH,2021-05-21T01:00:41.920000,P,0.698,4.2577028125379e-07,2,0.001284356135959,20210521T000000_2
AV.HAG..SH,2021-05-21T03:21:23.240000,P,0.669,5.787235863863316e-07,6,0.0027907479525057,20210521T000000_6
AV.HAG..SH,2021-05-21T03:51:40.980000,P,0.781,7.409438467220752e-07,-1,-1.0,20210521T000000_-1
AV.HAG..SH,2021-05-21T04:48:49.900000,P,0.354,3.426528678573959e-07,8,0.0002321778029974,20210521T000000_8
AV.HAG..SH,2021-05-21T03:21:36.580000,S,0.694,2.113662503688829e-06,7,0.0027907479525057,20210521T000000_7
AV.HAG..SH,2021-05-21T03:52:01.400000,S,0.522,5.47128593098023e-07,-1,-1.0,20210521T000000_-1
AV.PS1A..BH,2021-05-21T00:01:18.440000,P,0.324,3.159758307447192e-06,1,0.001284356135959,20210521T000000_1
AV.PS4A..BH,2021-05-21T03:21:37.160000,S,0.396,4.245570380589925e-06,7,0.0090509912006893,20210521T000000_7
AV.PV6A..SH,2021-05-21T00:10:11.420000,P,0.763,8.456402156298282e-07,-1,-1.0,20210521T000000_-1
AV.PV6A..SH,2021-05-21T01:00:44.520000,P,0.738,2.134380565621541e-07,2,0.0108590809007179,20210521T000000_2
AV.PV6A..SH,2021-05-21T01:06:43.040000,P,0.564,4.613489181792829e-07,3,0.0108590809007179,20210521T000000_3
AV.PV6A..SH,2021-05-21T03:21:26.840000,P,0.525,3.073802190556308e-07,6,0.0090509912006893,20210521T000000_6
AV.PV6A..SH,2021-05-21T03:51:43.320000,P,0.909,2.871410913485306e-07,-1,-1.0,20210521T000000_-1
AV.PV6A..SH,2021-05-21T04:48:49.360000,P,0.93,4.485859790293034e-07,8,0.001284356135959,20210521T000000_8
AV.PV6A..SH,2021-05-21T05:31:38.140000,P,0.57,2.991417034081678e-07,-1,-1.0,20210521T000000_-1
AV.PV6A..SH,2021-05-21T07:37:30.240000,P,0.637,3.0191932864909177e-07,9,0.0028414357779227,20210521T000000_9
AV.PV6A..SH,2021-05-21T00:10:13.720000,S,0.724,8.456402156298282e-07,-1,-1.0,20210521T000000_-1
AV.PV6A..SH,2021-05-21T01:01:07.440000,S,0.341,2.654950606029161e-07,-1,-1.0,20210521T000000_-1
AV.PV6A..SH,2021-05-21T01:38:26.120000,S,0.371,3.010079581144965e-07,-1,-1.0,20210521T000000_-1
AV.PV6A..SH,2021-05-21T02:36:47.180000,S,0.467,4.328913973949966e-07,-1,-1.0,20210521T000000_-1
AV.PV6A..SH,2021-05-21T03:05:45.920000,S,0.619,2.665193790107878e-07,-1,-1.0,20210521T000000_-1
AV.PV6A..SH,2021-05-21T03:21:42.860000,S,0.78,5.872475412616041e-07,7,0.0089293295471478,20210521T000000_7
AV.PV6A..SH,2021-05-21T03:52:04.900000,S,0.59,2.732802215632546e-07,-1,-1.0,20210521T000000_-1
AV.PV6A..SH,2021-05-21T07:37:34.620000,S,0.433,3.0191932864909177e-07,9,0.0002321778029974,20210521T000000_9
AV.PVV..SH,2021-05-21T00:01:18.220000,P,0.918,8.029613240978506e-07,1,0.0108590809007179,20210521T000000_1
AV.PVV..SH,2021-05-21T01:00:41.680000,P,0.912,2.2779853736665245e-07,2,0.0027907479525057,20210521T000000_2
AV.PVV..SH,2021-05-21T02:04:43.840000,P,0.4,1.677685332879264e-07,-1,-1.0,20210521T000000_-1
AV.PVV..SH,2021-05-21T03:05:42.560000,P,0.308,2.459463246395899e-07,-1,-1.0,20210521T000000_-1
AV.PVV..SH,2021-05-21T03:06:53.900000,P,0.784,1.820406083652415e-07,-1,-1.0,20210521T000000_-1
AV.PVV..SH,2021-05-21T03:15:17.040000,P,0.371,1.716136068807828e-07,-1,-1.0,20210521T000000_-1
AV.PVV..SH,2021-05-21T03:21:23.560000,P,0.568,3.3636086982369306e-07,6,0.0089293295471478,20210521T000000_6
AV.PVV..SH,2021-05-21T03:51:40.140000,P,0.915,3.370333274688164e-07,-1,-1.0,20210521T000000_-1
AV.PVV..SH,2021-05-21T03:52:00.440000,P,0.436,2.418986468910589e-07,-1,-1.0,20210521T000000_-1
AV.PVV..SH,2021-05-21T04:48:49.260000,P,0.914,4.2487980067562603e-07,8,0.0108590809007179,20210521T000000_8
AV.PVV..SH,2021-05-21T04:49:08.000000,P,0.475,2.1215437584487526e-07,-1,-1.0,20210521T000000_-1
AV.PVV..SH,2021-05-21T06:08:31.980000,P,0.319,1.0388984605924636e-07,-1,-1.0,20210521T000000_-1
AV.PVV..SH,2021-05-21T06:08:32.640000,P,0.534,2.1418324536170985e-07,-1,-1.0,20210521T000000_-1
AV.PVV..SH,2021-05-21T06:16:58.360000,P,0.755,1.7741899682732765e-07,-1,-1.0,20210521T000000_-1
AV.PVV..SH,2021-05-21T07:37:26.620000,P,0.802,2.627996877890837e-07,9,0.001284356135959,20210521T000000_9
AV.PVV..SH,2021-05-21T00:01:20.520000,S,0.381,1.5673782627345645e-07,1,0.0027907479525057,20210521T000000_1
AV.PVV..SH,2021-05-21T02:05:08.480000,S,0.571,1.642259803702473e-07,-1,-1.0,20210521T000000_-1
AV.PVV..SH,2021-05-21T03:06:57.120000,S,0.481,1.5020981436464353e-07,-1,-1.0,20210521T000000_-1
AV.PVV..SH,2021-05-21T03:21:38.440000,S,0.432,6.126020934971166e-07,7,0.006259400863555,20210521T000000_7
AV.PVV..SH,2021-05-21T04:48:52.680000,S,0.439,3.008688622685441e-07,8,0.0027907479525057,20210521T000000_8
AV.PVV..SH,2021-05-21T04:49:13.640000,S,0.342,2.110293451096368e-07,-1,-1.0,20210521T000000_-1
AV.PVV..SH,2021-05-21T07:37:29.020000,S,0.535,2.627996877890837e-07,9,0.0108590809007179,20210521T000000_9
AV.S12K..BH,2021-05-21T01:49:00.600000,P,0.777,1.9866392904077657e-06,5,0.0108590809007179,20210521T000000_5
AV.S12K..BH,2021-05-21T03:21:31.340000,P,0.697,3.132442543574143e-06,6,0.006259400863555,20210521T000000_6
AV.S12K..BH,2021-05-21T03:21:49.540000,S,0.529,4.67353993371944e-06,7,0.0033015673066048,20210521T000000_7
AV.DEER..BH,2021-05-21T12:22:27.840000,P,0.796,4.552877726382576e-06,-1,-1.0,20210521T080000_-1
AV.DEER..BH,2021-05-21T14:51:09.460000,P,0.933,8.714298019185662e-06,3,0.001437098851466,20210521T080000_3
AV.DEER..BH,2021-05-21T15:43:27.080000,P,0.757,3.228156174372998e-06,5,0.001437098851466,20210521T080000_5
AV.DEER..BH,2021-05-21T14:51:19.460000,S,0.911,8.714298019185662e-06,3,0.0084296199831377,20210521T080000_3
AV.DEER..BH,2021-05-21T15:43:44.480000,S,0.715,8.168386557372287e-06,-1,-1.0,20210521T080000_-1
AV.DOL..BH,2021-05-21T11:05:44.460000,P,0.892,3.846778326987987e-06,1,0.001437098851466,20210521T080000_1
AV.DOL..BH,2021-05-21T14:51:08.520000,P,0.978,1.5325183994718827e-05,3,0.0049366276913278,20210521T080000_3
AV.DOL..BH,2021-05-21T15:43:23.080000,P,0.915,5.629225142911309e-06,5,0.0084296199831377,20210521T080000_5
AV.DOL..BH,2021-05-21T11:05:59.580000,S,0.833,3.7155057270865655e-06,2,0.001437098851466,20210521T080000_2
AV.DOL..BH,2021-05-21T14:51:17.740000,S,0.919,1.5325183994718827e-05,3,0.0183401798264525,20210521T080000_3
AV.DOL..BH,2021-05-21T15:43:37.140000,S,0.852,3.70358866348397e-05,-1,-1.0,20210521T080000_-1
AV.DT1..BH,2021-05-21T14:51:10.340000,P,0.976,8.512924978276715e-06,3,0.0001733960070094,20210521T080000_3
AV.DT1..BH,2021-05-21T15:43:26.360000,P,0.964,5.53178279005806e-06,5,0.0049366276913278,20210521T080000_5
AV.DT1..BH,2021-05-21T11:06:05.480000,S,0.334,2.346769406358362e-06,2,0.0084296199831377,20210521T080000_2
AV.DT1..BH,2021-05-21T14:51:20.940000,S,0.907,8.512924978276715e-06,3,0.0047580882419279,20210521T080000_3
AV.DT1..BH,2021-05-21T15:43:42.940000,S,0.92,2.066677916445769e-05,6,0.001437098851466,20210521T080000_6
AV.DTN..BH,2021-05-21T14:51:11.080000,P,0.886,4.276108484191354e-06,3,0.0096019545591078,20210521T080000_3
AV.DTN..BH,2021-05-21T15:43:26.540000,P,0.626,4.049645667691948e-06,5,0.0183401798264525,20210521T080000_5
AV.DTN..BH,2021-05-21T14:51:21.940000,S,0.652,6.485039648396196e-06,3,0.0084284867631571,20210521T080000_3
AV.DTN..BH,2021-05-21T15:43:42.900000,S,0.884,2.605909685371444e-05,6,0.0084296199831377,20210521T080000_6
AV.HAG..SH,2021-05-21T11:05:46.220000,P,0.679,5.951104640189442e-07,1,0.0084296199831377,20210521T080000_1
AV.HAG..SH,2021-05-21T12:01:22.040000,P,0.522,7.2337252277066e-07,-1,-1.0,20210521T080000_-1
AV.HAG..SH,2021-05-21T12:08:49.740000,P,0.368,7.659703555873421e-07,-1,-1.0,20210521T080000_-1
AV.HAG..SH,2021-05-21T12:22:29.940000,P,0.81,2.3757406779623125e-06,-1,-1.0,20210521T080000_-1
AV.HAG..SH,2021-05-21T12:23:03.720000,P,0.73,1.0207796776739997e-06,-1,-1.0,20210521T080000_-1
AV.HAG..SH,2021-05-21T12:38:27.440000,P,0.343,4.721102300209168e-07,-1,-1.0,20210521T080000_-1
AV.HAG..SH,2021-05-21T12:55:26.140000,P,0.354,1.191104843201174e-06,-1,-1.0,20210521T080000_-1
AV.HAG..SH,2021-05-21T13:14:32.620000,P,0.662,5.890880743208982e-07,-1,-1.0,20210521T080000_-1
AV.HAG..SH,2021-05-21T13:21:55.000000,P,0.375,8.973871672424139e-07,-1,-1.0,20210521T080000_-1
AV.HAG..SH,2021-05-21T13:24:51.580000,P,0.841,7.843102594051743e-07,-1,-1.0,20210521T080000_-1
AV.HAG..SH,2021-05-21T13:40:26.480000,P,0.367,1.376947807329998e-06,-1,-1.0,20210521T080000_-1
AV.HAG..SH,2021-05-21T14:07:46.420000,P,0.444,7.778261306157219e-07,-1,-1.0,20210521T080000_-1
AV.HAG..SH,2021-05-21T14:12:44.560000,P,0.345,7.919990707705438e-07,-1,-1.0,20210521T080000_-1
AV.HAG..SH,2021-05-21T14:18:21.900000,P,0.43,5.00121018376376e-07,-1,-1.0,20210521T080000_-1
AV.HAG..SH,2021-05-21T14:34:14.520000,P,0.934,7.83656560088275e-07,-1,-1.0,20210521T080000_-1
AV.HAG..SH,2021-05-21T14:36:45.820000,P,0.302,6.55069527510932e-07,-1,-1.0,20210521T080000_-1
AV.HAG..SH,2021-05-21T14:47:09.200000,P,0.518,9.13444637262728e-07,-1,-1.0,20210521T080000_-1
AV.HAG..SH,2021-05-21T14:51:11.320000,P,0.977,5.560420049732784e-06,3,0.0112717129903612,20210521T080000_3
AV.HAG..SH,2021-05-21T14:59:55.920000,P,0.504,1.3646923662236077e-06,-1,-1.0,20210521T080000_-1
AV.HAG..SH,2021-05-21T15:00:35.440000,P,0.305,8.651128950987186e-07,-1,-1.0,20210521T080000_-1
AV.HAG..SH,2021-05-21T15:01:42.980000,P,0.385,1.0066371487482684e-06,-1,-1.0,20210521T080000_-1
AV.HAG..SH,2021-05-21T15:02:08.140000,P,0.767,1.1163201634190043e-06,-1,-1.0,20210521T080000_-1
AV.HAG..SH,2021-05-21T15:05:51.020000,P,0.451,8.390068728658662e-07,-1,-1.0,20210521T080000_-1
AV.HAG..SH,2021-05-21T15:08:34.320000,P,0.619,8.570811473873619e-07,-1,-1.0,20210521T080000_-1
AV.HAG..SH,2021-05-21T15:19:56.080000,P,0.508,1.0892331374634523e-06,-1,-1.0,20210521T080000_-1
AV.HAG..SH,2021-05-21T15:27:37.260000,P,0.324,7.61606429477979e-07,-1,-1.0,20210521T080000_-1
AV.HAG..SH,2021-05-21T15:35:01.120000,P,0.316,1.0717028544604543e-06,-1,-1.0,20210521T080000_-1
AV.HAG..SH,2021-05-21T15:36:35.960000,P,0.562,1.0097719496116042e-06,-1,-1.0,20210521T080000_-1
AV.HAG..SH,2021-05-21T15:43:23.940000,P,0.931,3.374950438228552e-06,5,0.0001733960070094,20210521T080000_5
AV.HAG..SH,2021-05-21T15:49:49.520000,P,0.407,6.82315089761687e-07,-1,-1.0,20210521T080000_-1
AV.HAG..SH,2021-05-21T15:50:02.820000,P,0.395,8.923763061829959e-07,-1,-1.0,20210521T080000_-1
AV.HAG..SH,2021-05-21T15:53:55.440000,P,0.337,9.945238161890302e-07,-1,-1.0,20210521T080000_-1
AV.HAG..SH,2021-05-21T15:55:12.400000,P,0.564,1.0525922107262886e-06,-1,-1.0,20210521T080000_-1
AV.HAG..SH,2021-05-21T15:56:57.460000,P,0.4,8.181939961104945e-07,-1,-1.0,20210521T080000_-1
AV.HAG..SH,2021-05-21T15:58:23.800000,P,0.433,2.4122962258843472e-06,-1,-1.0,20210521T080000_-1
AV.HAG..SH,2021-05-21T11:06:02.540000,S,0.725,1.6681116221661796e-06,2,0.0049366276913278,20210521T080000_2
AV.HAG..SH,2021-05-21T12:13:06.040000,S,0.381,6.057859991415171e-07,-1,-1.0,20210521T080000_-1
AV.HAG..SH,2021-05-21T12:36:36.360000,S,0.486,5.895388426324644e-07,-1,-1.0,20210521T080000_-1
AV.HAG..SH,2021-05-21T13:16:37.600000,S,0.419,9.635422202336483e-07,-1,-1.0,20210521T080000_-1
AV.HAG..SH,2021-05-21T13:22:05.360000,S,0.59,1.0605165243759984e-06,-1,-1.0,20210521T080000_-1
AV.HAG..SH,2021-05-21T13:25:56.920000,S,0.469,6.715144422742014e-07,-1,-1.0,20210521T080000_-1
AV.HAG..SH,2021-05-21T13:34:58.600000,S,0.482,5.450803541862115e-07,-1,-1.0,20210521T080000_-1
AV.HAG..SH,2021-05-21T13:40:30.460000,S,0.63,1.376947807329998e-06,-1,-1.0,20210521T080000_-1
AV.HAG..SH,2021-05-21T14:02:51.340000,S,0.454,5.964558340565418e-07,-1,-1.0,20210521T080000_-1
AV.HAG..SH,2021-05-21T14:03:10.460000,S,0.568,5.990656859466981e-07,-1,-1.0,20210521T080000_-1
AV.HAG..SH,2021-05-21T14:07:29.840000,S,0.358,6.167527999423328e-07,-1,-1.0,20210521T080000_-1
AV.HAG..SH,2021-05-21T14:07:53.920000,S,0.361,5.71657210457488e-07,-1,-1.0,20210521T080000_-1
AV.HAG..SH,2021-05-21T14:09:38.120000,S,0.38,6.884770300530363e-07,-1,-1.0,20210521T080000_-1
AV.HAG..SH,2021-05-21T14:33:36.520000,S,0.344,6.113676818131353e-07,-1,-1.0,20210521T080000_-1
AV.HAG..SH,2021-05-21T14:46:19.360000,S,0.313,8.83385325778363e-07,-1,-1.0,20210521T080000_-1
AV.HAG..SH,2021-05-21T14:46:56.000000,S,0.76,6.257132554310374e-07,-1,-1.0,20210521T080000_-1
AV.HAG..SH,2021-05-21T14:51:22.640000,S,0.734,6.378160833264701e-06,3,0.0172305065022927,20210521T080000_3
AV.HAG..SH,2021-05-21T14:55:27.820000,S,0.374,6.481899390564649e-07,-1,-1.0,20210521T080000_-1
AV.HAG..SH,2021-05-21T14:56:28.720000,S,0.345,7.457602464455704e-07,-1,-1.0,20210521T080000_-1
AV.HAG..SH,2021-05-21T15:00:02.720000,S,0.716,1.3646923662236077e-06,-1,-1.0,20210521T080000_-1
AV.HAG..SH,2021-05-21T15:01:53.120000,S,0.494,1.0066371487482684e-06,-1,-1.0,20210521T080000_-1
AV.HAG..SH,2021-05-21T15:02:19.200000,S,0.497,1.1163201634190043e-06,-1,-1.0,20210521T080000_-1
AV.HAG..SH,2021-05-21T15:02:44.540000,S,0.316,7.078388080117293e-07,-1,-1.0,20210521T080000_-1
AV.HAG..SH,2021-05-21T15:08:40.520000,S,0.379,5.931137252446206e-07,-1,-1.0,20210521T080000_-1
AV.HAG..SH,2021-05-21T15:36:44.000000,S,0.557,1.0097719496116042e-06,-1,-1.0,20210521T080000_-1
AV.HAG..SH,2021-05-21T15:43:38.160000,S,0.852,3.67128595826216e-05,6,0.0049366276913278,20210521T080000_6
AV.HAG..SH,2021-05-21T15:50:02.960000,S,0.375,8.923763061829959e-07,-1,-1.0,20210521T080000_-1
AV.HAG..SH,2021-05-21T15:58:29.420000,S,0.829,2.4122962258843472e-06,-1,-1.0,20210521T080000_-1
AV.PS1A..BH,2021-05-21T14:51:12.040000,P,0.961,5.473636065289611e-06,3,0.0006879436317725,20210521T080000_3
AV.PS1A..BH,2021-05-21T15:43:22.300000,P,0.956,8.065455403993838e-06,5,0.0047580882419279,20210521T080000_5
AV.PS1A..BH,2021-05-21T14:51:23.980000,S,0.757,7.758430001558736e-06,3,0.0165968354616576,20210521T080000_3
AV.PS1A..BH,2021-05-21T15:43:35.920000,S,0.906,2.4826056687743403e-05,6,0.0183401798264525,20210521T080000_6
AV.PS4A..BH,2021-05-21T14:51:11.300000,P,0.963,1.3438584574032577e-05,3,0.0083035849847653,20210521T080000_3
AV.PS4A..BH,2021-05-21T15:43:23.020000,P,0.981,1.180710478365654e-05,5,0.0096019545591078,20210521T080000_5
AV.PS4A..BH,2021-05-21T14:51:22.780000,S,0.915,1.745107874739915e-05,3,0.0051549119081193,20210521T080000_3
AV.PS4A..BH,2021-05-21T15:43:37.240000,S,0.962,8.015699859242886e-05,6,0.0001733960070094,20210521T080000_6
AV.PV6A..SH,2021-05-21T09:27:59.600000,P,0.69,4.048335711104301e-07,-1,-1.0,20210521T080000_-1
AV.PV6A..SH,2021-05-21T09:45:57.240000,P,0.478,2.976965163270507e-07,-1,-1.0,20210521T080000_-1
AV.PV6A..SH,2021-05-21T09:45:58.060000,P,0.468,3.063279905290983e-07,-1,-1.0,20210521T080000_-1
AV.PV6A..SH,2021-05-21T11:05:48.940000,P,0.788,3.356854847424984e-07,1,0.0049366276913278,20210521T080000_1
AV.PV6A..SH,2021-05-21T13:16:45.200000,P,0.531,5.575479917752091e-07,-1,-1.0,20210521T080000_-1
AV.PV6A..SH,2021-05-21T14:51:14.540000,P,0.883,5.755460961154313e-07,3,0.0197483153494542,20210521T080000_3
AV.PV6A..SH,2021-05-21T15:21:13.520000,P,0.488,3.989490835465405e-07,-1,-1.0,20210521T080000_-1
AV.PV6A..SH,2021-05-21T15:29:10.620000,P,0.792,5.254939310361806e-07,4,0.001437098851466,20210521T080000_4
AV.PV6A..SH,2021-05-21T15:43:24.500000,P,0.958,2.3074392174748937e-06,5,0.0084284867631571,20210521T080000_5
AV.PV6A..SH,2021-05-21T15:44:26.720000,P,0.352,4.715941201993701e-07,-1,-1.0,20210521T080000_-1
AV.PV6A..SH,2021-05-21T09:28:03.040000,S,0.73,4.048335711104301e-07,-1,-1.0,20210521T080000_-1
AV.PV6A..SH,2021-05-21T09:46:20.140000,S,0.727,2.8869271773146465e-07,-1,-1.0,20210521T080000_-1
AV.PV6A..SH,2021-05-21T11:06:05.860000,S,0.796,8.858269211486913e-07,2,0.0183401798264525,20210521T080000_2
AV.PV6A..SH,2021-05-21T14:29:07.160000,S,0.418,3.915907313967182e-07,-1,-1.0,20210521T080000_-1
AV.PV6A..SH,2021-05-21T14:51:28.400000,S,0.682,1.4969615449444973e-06,-1,-1.0,20210521T080000_-1
AV.PV6A..SH,2021-05-21T15:29:14.960000,S,0.653,5.254939310361806e-07,4,0.0084296199831377,20210521T080000_4
AV.PV6A..SH,2021-05-21T15:43:40.000000,S,0.88,1.765951128618326e-05,-1,-1.0,20210521T080000_-1
AV.PVV..SH,2021-05-21T09:45:54.360000,P,0.439,1.6881655540146317e-07,-1,-1.0,20210521T080000_-1
AV.PVV..SH,2021-05-21T11:05:45.320000,P,0.954,3.813631792581873e-07,1,0.0183401798264525,20210521T080000_1
AV.PVV..SH,2021-05-21T13:16:42.000000,P,0.765,2.7671472935253405e-07,-1,-1.0,20210521T080000_-1
AV.PVV..SH,2021-05-21T14:51:11.360000,P,0.987,2.6446500669408124e-06,3,0.0019702721218037,20210521T080000_3
AV.PVV..SH,2021-05-21T15:29:06.960000,P,0.621,2.548735267282609e-07,4,0.0049366276913278,20210521T080000_4
AV.PVV..SH,2021-05-21T15:43:22.560000,P,0.976,2.83309555015876e-06,5,0.0112717129903612,20210521T080000_5
AV.PVV..SH,2021-05-21T15:44:29.740000,P,0.321,2.3901222334643535e-07,-1,-1.0,20210521T080000_-1
AV.PVV..SH,2021-05-21T11:06:00.980000,S,0.671,7.773120955789636e-07,2,0.0001733960070094,20210521T080000_2
AV.PVV..SH,2021-05-21T12:22:29.920000,S,0.516,4.832519380215672e-07,-1,-1.0,20210521T080000_-1
AV.PVV..SH,2021-05-21T14:51:22.960000,S,0.702,3.5331304388819262e-06,3,0.0172085193683981,20210521T080000_3
AV.PVV..SH,2021-05-21T15:29:11.180000,S,0.586,2.548735267282609e-07,4,0.0183401798264525,20210521T080000_4
AV.PVV..SH,2021-05-21T15:43:36.120000,S,0.624,1.2097828403057063e-05,6,0.0047580882419279,20210521T080000_6
AV.S12K..BH,2021-05-21T15:43:25.740000,P,0.941,8.270746548078023e-06,5,0.0172305065022927,20210521T080000_5
AV.S12K..BH,2021-05-21T11:06:10.120000,S,0.328,3.2246337013930315e-06,2,0.0047580882419279,20210521T080000_2
AV.S12K..BH,2021-05-21T15:43:41.680000,S,0.783,2.9626502509927377e-05,-1,-1.0,20210521T080000_-1
AV.DEER..BH,2021-05-21T16:55:26.340000,P,0.91,2.3878415049694013e-06,2,0.0107860765978216,20210521T160000_2
AV.DEER..BH,2021-05-21T21:43:29.580000,P,0.627,2.558588676038198e-06,4,0.0107860765978216,20210521T160000_4
AV.DEER..BH,2021-05-21T23:34:05.420000,P,0.559,1.941512209668872e-06,5,0.0107860765978216,20210521T160000_5
AV.DEER..BH,2021-05-21T16:55:37.660000,S,0.851,2.6231198262394173e-06,-1,-1.0,20210521T160000_-1
AV.DEER..BH,2021-05-21T20:32:36.520000,S,0.345,2.9737163913523545e-06,-1,-1.0,20210521T160000_-1
AV.DEER..BH,2021-05-21T21:43:44.360000,S,0.791,2.241118863821612e-06,4,0.0058693865338251,20210521T160000_4
AV.DEER..BH,2021-05-21T23:34:16.060000,S,0.713,2.667491344254813e-06,5,0.0058693865338251,20210521T160000_5
AV.DOL..BH,2021-05-21T16:55:30.460000,P,0.365,2.243707513116533e-06,2,0.0058693865338251,20210521T160000_2
AV.DOL..BH,2021-05-21T19:31:45.900000,P,0.915,3.5145792480761884e-06,3,0.0107860765978216,20210521T160000_3
AV.DOL..BH,2021-05-21T21:43:25.900000,P,0.797,3.683174327306915e-06,4,0.0002041170275594,20210521T160000_4
AV.DOL..BH,2021-05-21T23:34:09.320000,P,0.305,2.762340045592282e-06,5,0.0002041170275594,20210521T160000_5
AV.DOL..BH,2021-05-21T19:31:53.520000,S,0.836,3.5145792480761884e-06,3,0.0058693865338251,20210521T160000_3
AV.DOL..BH,2021-05-21T21:43:37.620000,S,0.88,3.683174327306915e-06,4,0.0006029846660792,20210521T160000_4
AV.DOL..BH,2021-05-21T23:34:23.360000,S,0.574,2.8527297217806336e-06,-1,-1.0,20210521T160000_-1
AV.DT1..BH,2021-05-21T16:26:36.880000,P,0.951,5.625802259601187e-06,1,0.0107860765978216,20210521T160000_1
AV.DT1..BH,2021-05-21T16:55:28.360000,P,0.963,3.180447492923122e-06,2,0.0002041170275594,20210521T160000_2
AV.DT1..BH,2021-05-21T19:31:49.800000,P,0.853,1.8799001963998307e-06,3,0.0002041170275594,20210521T160000_3
AV.DT1..BH,2021-05-21T20:32:27.240000,P,0.493,2.0887457594653824e-06,-1,-1.0,20210521T160000_-1
AV.DT1..BH,2021-05-21T23:34:06.040000,P,0.921,2.500242544556386e-06,5,0.0006029846660792,20210521T160000_5
AV.DT1..BH,2021-05-21T16:26:43.820000,S,0.808,5.625802259601187e-06,1,0.0058693865338251,20210521T160000_1
AV.DT1..BH,2021-05-21T16:55:41.460000,S,0.791,4.486574198381277e-06,-1,-1.0,20210521T160000_-1
AV.DT1..BH,2021-05-21T19:32:00.200000,S,0.354,2.081765842376626e-06,3,0.0006029846660792,20210521T160000_3
AV.DT1..BH,2021-05-21T20:32:38.920000,S,0.339,1.960686859092675e-06,-1,-1.0,20210521T160000_-1
AV.DT1..BH,2021-05-21T21:43:42.680000,S,0.382,1.9917347344744485e-06,4,0.0006224798298863,20210521T160000_4
AV.DT1..BH,2021-05-21T23:34:18.020000,S,0.905,5.60905482416274e-06,5,0.0006224798298863,20210521T160000_5
AV.DTN..BH,2021-05-21T21:43:28.680000,P,0.73,2.8045942599419504e-06,4,0.0197374184833544,20210521T160000_4
AV.DTN..BH,2021-05-21T16:55:43.240000,S,0.301,3.492541281957529e-06,-1,-1.0,20210521T160000_-1
AV.DTN..BH,2021-05-21T21:43:42.040000,S,0.38,3.823686256509973e-06,4,0.0003638257042198,20210521T160000_4
AV.DTN..BH,2021-05-21T22:24:47.400000,S,0.324,7.077524514897959e-06,-1,-1.0,20210521T160000_-1
AV.HAG..SH,2021-05-21T16:02:50.460000,P,0.498,1.004327486953116e-06,-1,-1.0,20210521T160000_-1
AV.HAG..SH,2021-05-21T16:04:49.260000,P,0.54,9.234986464434768e-07,-1,-1.0,20210521T160000_-1
AV.HAG..SH,2021-05-21T16:05:24.780000,P,0.448,7.049939654280024e-07,-1,-1.0,20210521T160000_-1
AV.HAG..SH,2021-05-21T16:19:59.760000,P,0.55,1.439452148588316e-06,-1,-1.0,20210521T160000_-1
AV.HAG..SH,2021-05-21T16:29:56.380000,P,0.66,8.769347346060385e-07,-1,-1.0,20210521T160000_-1
AV.HAG..SH,2021-05-21T16:55:33.260000,P,0.977,1.550179604237201e-06,2,0.0006029846660792,20210521T160000_2
AV.HAG..SH,2021-05-21T19:31:52.620000,P,0.385,8.60297518556763e-07,-1,-1.0,20210521T160000_-1
AV.HAG..SH,2021-05-21T19:38:48.300000,P,0.667,7.969795206008712e-07,-1,-1.0,20210521T160000_-1
AV.HAG..SH,2021-05-21T19:43:14.400000,P,0.609,7.988832066985196e-07,-1,-1.0,20210521T160000_-1
AV.HAG..SH,2021-05-21T21:31:32.580000,P,0.835,6.227778612810653e-07,-1,-1.0,20210521T160000_-1
AV.HAG..SH,2021-05-21T21:43:25.960000,P,0.757,1.0544868018769191e-06,4,0.0058976103135884,20210521T160000_4
AV.HAG..SH,2021-05-21T22:08:06.960000,P,0.436,5.788435828435468e-07,-1,-1.0,20210521T160000_-1
AV.HAG..SH,2021-05-21T16:02:56.440000,S,0.311,1.004327486953116e-06,-1,-1.0,20210521T160000_-1
AV.HAG..SH,2021-05-21T16:04:38.840000,S,0.345,8.371829380848794e-07,-1,-1.0,20210521T160000_-1
AV.HAG..SH,2021-05-21T16:04:54.720000,S,0.301,9.234986464434768e-07,-1,-1.0,20210521T160000_-1
AV.HAG..SH,2021-05-21T16:20:03.000000,S,0.505,1.439452148588316e-06,-1,-1.0,20210521T160000_-1
AV.HAG..SH,2021-05-21T16:30:03.440000,S,0.535,7.443145477736834e-07,-1,-1.0,20210521T160000_-1
AV.HAG..SH,2021-05-21T16:55:50.980000,S,0.669,2.3134368802857352e-06,-1,-1.0,20210521T160000_-1
AV.HAG..SH,2021-05-21T19:31:56.160000,S,0.363,8.60297518556763e-07,3,0.0006224798298863,20210521T160000_3
AV.HAG..SH,2021-05-21T19:37:02.400000,S,0.515,5.386219186220842e-07,-1,-1.0,20210521T160000_-1
AV.HAG..SH,2021-05-21T20:03:47.200000,S,0.451,5.335108426152146e-07,-1,-1.0,20210521T160000_-1
AV.HAG..SH,2021-05-21T21:07:09.680000,S,0.319,6.626173671975266e-07,-1,-1.0,20210521T160000_-1
AV.HAG..SH,2021-05-21T21:31:36.780000,S,0.373,6.227778612810653e-07,-1,-1.0,20210521T160000_-1
AV.HAG..SH,2021-05-21T21:43:37.780000,S,0.719,2.433961526548956e-06,4,0.0210522012723841,20210521T160000_4
AV.PS1A..BH,2021-05-21T21:43:25.100000,P,0.728,6.577226486115251e-06,4,0.0186698298280098,20210521T160000_4
AV.PS1A..BH,2021-05-21T21:43:36.060000,S,0.69,5.327418421074981e-06,4,0.0001506554660846,20210521T160000_4
AV.PS4A..BH,2021-05-21T21:43:25.740000,P,0.338,3.022781584149925e-06,4,0.0196279043511981,20210521T160000_4
AV.PV6A..SH,2021-05-21T16:55:36.160000,P,0.481,3.867179145800037e-07,2,0.0006224798298863,20210521T160000_2
AV.PV6A..SH,2021-05-21T19:24:54.020000,P,0.354,2.916558230481314e-07,-1,-1.0,20210521T160000_-1
AV.PV6A..SH,2021-05-21T19:31:49.420000,P,0.843,5.209267897043901e-07,3,0.0197374184833544,20210521T160000_3
AV.PV6A..SH,2021-05-21T21:43:26.780000,P,0.486,5.065620598543319e-07,4,0.0080816090957923,20210521T160000_4
AV.PV6A..SH,2021-05-21T22:06:17.100000,P,0.749,4.911237851956685e-07,-1,-1.0,20210521T160000_-1
AV.PV6A..SH,2021-05-21T23:34:12.960000,P,0.407,3.571232980448258e-07,5,0.0197374184833544,20210521T160000_5
AV.PV6A..SH,2021-05-21T18:40:57.520000,S,0.368,4.150145400672045e-07,-1,-1.0,20210521T160000_-1
AV.PV6A..SH,2021-05-21T19:31:59.360000,S,0.763,5.209267897043901e-07,3,0.0003638257042198,20210521T160000_3
AV.PV6A..SH,2021-05-21T21:43:38.720000,S,0.512,8.09175901395065e-07,4,9.772295487388902e-05,20210521T160000_4
AV.PV6A..SH,2021-05-21T21:43:44.760000,S,0.5,5.122357151776669e-07,-1,-1.0,20210521T160000_-1
AV.PV6A..SH,2021-05-21T22:06:18.800000,S,0.783,4.286196713110258e-07,-1,-1.0,20210521T160000_-1
AV.PVV..SH,2021-05-21T16:26:45.040000,P,0.676,5.043708029006666e-07,1,0.0002041170275594,20210521T160000_1
AV.PVV..SH,2021-05-21T16:55:34.320000,P,0.321,2.189088235127201e-07,2,0.0197374184833544,20210521T160000_2
AV.PVV..SH,2021-05-21T16:55:52.520000,P,0.406,3.4432480333634885e-07,-1,-1.0,20210521T160000_-1
AV.PVV..SH,2021-05-21T18:40:50.280000,P,0.376,2.013911597487095e-07,-1,-1.0,20210521T160000_-1
AV.PVV..SH,2021-05-21T19:31:46.220000,P,0.837,7.451145052073116e-07,3,0.0058976103135884,20210521T160000_3
AV.PVV..SH,2021-05-21T21:43:25.280000,P,0.569,1.3104870504321298e-06,4,0.0036478597686984,20210521T160000_4
AV.PVV..SH,2021-05-21T16:26:51.860000,S,0.759,5.043708029006666e-07,1,0.0006029846660792,20210521T160000_1
AV.PVV..SH,2021-05-21T19:31:53.920000,S,0.861,7.451145052073116e-07,3,0.0210522012723841,20210521T160000_3
AV.PVV..SH,2021-05-21T21:43:36.260000,S,0.844,1.3104870504321298e-06,4,0.015547754894677,20210521T160000_4
AV.DEER..BH,2021-05-22T02:38:48.940000,P,0.536,1.8947686157844144e-06,-1,-1.0,20210522T000000_-1
AV.DEER..BH,2021-05-22T03:14:00.360000,P,0.46,1.244942836819973e-06,-1,-1.0,20210522T000000_-1
AV.DEER..BH,2021-05-22T03:41:27.240000,P,0.94,2.126467734342441e-06,1,0.0018010333196964,20210522T000000_1
AV.DEER..BH,2021-05-22T02:38:59.320000,S,0.611,1.8947686157844144e-06,-1,-1.0,20210522T000000_-1
AV.DEER..BH,2021-05-22T03:14:10.620000,S,0.682,1.392683884660073e-06,-1,-1.0,20210522T000000_-1
AV.DEER..BH,2021-05-22T03:41:36.140000,S,0.905,2.126467734342441e-06,1,0.0004771334906724,20210522T000000_1
AV.DEER..BH,2021-05-22T03:50:34.920000,S,0.551,1.4572814279745216e-06,-1,-1.0,20210522T000000_-1
AV.DOL..BH,2021-05-22T03:41:29.500000,P,0.961,5.992805199639406e-06,1,0.0274642867942719,20210522T000000_1
AV.DOL..BH,2021-05-22T06:12:29.080000,P,0.548,1.4579156868421703e-06,3,0.0018010333196964,20210522T000000_3
AV.DOL..BH,2021-05-22T03:41:40.140000,S,0.932,5.992805199639406e-06,1,0.0029032080647599,20210522T000000_1
AV.DOL..BH,2021-05-22T06:12:42.700000,S,0.619,1.4406685977519371e-06,3,0.0004771334906724,20210522T000000_3
AV.DT1..BH,2021-05-22T02:38:50.220000,P,0.711,1.8078312677971555e-06,-1,-1.0,20210522T000000_-1
AV.DT1..BH,2021-05-22T03:41:28.120000,P,0.97,4.19665957451798e-06,1,0.0003984350876556,20210522T000000_1
AV.DT1..BH,2021-05-22T06:12:27.240000,P,0.667,1.3290579090607937e-06,3,0.0274642867942719,20210522T000000_3
AV.DT1..BH,2021-05-22T02:39:01.800000,S,0.911,1.7703915773381595e-06,-1,-1.0,20210522T000000_-1
AV.DT1..BH,2021-05-22T03:41:37.380000,S,0.876,4.19665957451798e-06,1,0.0197551657780767,20210522T000000_1
AV.DT1..BH,2021-05-22T06:12:39.660000,S,0.643,1.086292058971594e-06,3,0.0029032080647599,20210522T000000_3
AV.DTN..BH,2021-05-22T03:41:28.420000,P,0.941,3.194557166352752e-06,1,9.030188210619117e-05,20210522T000000_1
AV.DTN..BH,2021-05-22T06:12:28.280000,P,0.696,2.357962785026757e-06,3,0.0003984350876556,20210522T000000_3
AV.DTN..BH,2021-05-22T03:41:38.260000,S,0.8,3.194557166352752e-06,1,0.0086344513853117,20210522T000000_1
AV.HAG..SH,2021-05-22T03:41:31.040000,P,0.543,4.750801281261374e-07,1,0.0007839796791437,20210522T000000_1
AV.HAG..SH,2021-05-22T05:03:51.620000,P,0.624,5.56824375053111e-07,2,0.0018010333196964,20210522T000000_2
AV.HAG..SH,2021-05-22T02:29:32.120000,S,0.385,6.199093149916735e-07,-1,-1.0,20210522T000000_-1
AV.HAG..SH,2021-05-22T03:41:43.040000,S,0.559,9.337009601040336e-07,1,0.0164210954001857,20210522T000000_1
AV.PS1A..BH,2021-05-22T00:00:00.020000,P,0.54,5.127020813233685e-06,-1,-1.0,20210522T000000_-1
AV.PS1A..BH,2021-05-22T02:29:11.660000,P,0.575,5.288280590320937e-06,-1,-1.0,20210522T000000_-1
AV.PS1A..BH,2021-05-22T05:03:51.080000,P,0.372,3.5880175346392207e-06,2,0.0004771334906724,20210522T000000_2
AV.PV6A..SH,2021-05-22T00:00:00.020000,P,0.392,1.4873805298520892e-07,-1,-1.0,20210522T000000_-1
AV.PV6A..SH,2021-05-22T00:00:02.680000,P,0.323,3.103372705481888e-07,-1,-1.0,20210522T000000_-1
AV.PV6A..SH,2021-05-22T00:19:16.240000,P,0.749,3.162866732964176e-07,-1,-1.0,20210522T000000_-1
AV.PV6A..SH,2021-05-22T01:28:36.620000,P,0.527,2.87582821556498e-07,-1,-1.0,20210522T000000_-1
AV.PV6A..SH,2021-05-22T02:29:14.620000,P,0.799,3.142279751955357e-07,-1,-1.0,20210522T000000_-1
AV.PV6A..SH,2021-05-22T05:03:54.040000,P,0.493,3.190389463725296e-07,2,0.0274642867942719,20210522T000000_2
AV.PV6A..SH,2021-05-22T06:05:19.560000,P,0.388,2.210801568480747e-07,-1,-1.0,20210522T000000_-1
AV.PV6A..SH,2021-05-22T00:19:38.220000,S,0.695,4.2730565041892987e-07,-1,-1.0,20210522T000000_-1
AV.PV6A..SH,2021-05-22T01:27:28.560000,S,0.319,3.09951900590022e-07,-1,-1.0,20210522T000000_-1
AV.PV6A..SH,2021-05-22T01:28:59.400000,S,0.319,3.553032286163216e-07,-1,-1.0,20210522T000000_-1
AV.PV6A..SH,2021-05-22T02:29:35.980000,S,0.554,3.252780231832731e-07,-1,-1.0,20210522T000000_-1
AV.PVV..SH,2021-05-22T00:00:00.020000,P,0.327,1.3939259702056006e-07,-1,-1.0,20210522T000000_-1
AV.PVV..SH,2021-05-22T01:28:33.660000,P,0.845,2.555987066443777e-07,-1,-1.0,20210522T000000_-1
AV.PVV..SH,2021-05-22T02:08:09.480000,P,0.347,2.2300625346360905e-07,-1,-1.0,20210522T000000_-1
AV.PVV..SH,2021-05-22T02:29:11.480000,P,0.834,2.819993767388951e-07,-1,-1.0,20210522T000000_-1
AV.PVV..SH,2021-05-22T05:03:50.840000,P,0.946,3.530970786869148e-07,2,0.0029032080647599,20210522T000000_2
AV.PVV..SH,2021-05-22T02:08:11.680000,S,0.303,2.2300625346360905e-07,-1,-1.0,20210522T000000_-1
AV.PVV..SH,2021-05-22T03:41:44.640000,S,0.328,3.7748415593341633e-07,1,0.0008577977058982,20210522T000000_1
AV.PVV..SH,2021-05-22T06:34:11.100000,S,0.569,2.460317887198471e-07,-1,-1.0,20210522T000000_-1
AV.DEER..BH,2021-05-22T08:00:00.020000,P,0.321,1.065817059497931e-06,-1,-1.0,20210522T080000_-1
AV.DEER..BH,2021-05-22T09:06:28.920000,P,0.347,6.589565373360529e-07,1,0.0015862149435636,20210522T080000_1
AV.DEER..BH,2021-05-22T09:06:29.660000,P,0.494,1.1877351653311052e-06,-1,-1.0,20210522T080000_-1
AV.DEER..BH,2021-05-22T09:23:40.380000,P,0.931,1.52711527334759e-06,2,0.0015862149435636,20210522T080000_2
AV.DEER..BH,2021-05-22T09:52:51.500000,P,0.339,1.2008298426735564e-06,-1,-1.0,20210522T080000_-1
AV.DEER..BH,2021-05-22T09:23:51.020000,S,0.852,1.52711527334759e-06,-1,-1.0,20210522T080000_-1
AV.DEER..BH,2021-05-22T09:53:01.960000,S,0.35,9.443376711715246e-07,-1,-1.0,20210522T080000_-1
AV.DEER..BH,2021-05-22T15:51:57.820000,S,0.488,8.029838909351383e-07,5,0.0015862149435636,20210522T080000_5
AV.DOL..BH,2021-05-22T09:06:33.040000,P,0.715,3.082472630921984e-06,1,0.0066694297315138,20210522T080000_1
AV.DOL..BH,2021-05-22T09:23:41.260000,P,0.895,1.4409931736736326e-06,-1,-1.0,20210522T080000_-1
AV.DOL..BH,2021-05-22T11:51:44.360000,P,0.5,1.4022589311935008e-06,-1,-1.0,20210522T080000_-1
AV.DOL..BH,2021-05-22T15:51:42.120000,P,0.837,1.262656951439567e-06,5,0.0066694297315138,20210522T080000_5
AV.DOL..BH,2021-05-22T09:06:41.660000,S,0.576,3.767459475056967e-06,1,0.0126489125163344,20210522T080000_1
AV.DOL..BH,2021-05-22T09:23:53.280000,S,0.548,2.138329136869288e-06,2,0.0066694297315138,20210522T080000_2
AV.DOL..BH,2021-05-22T15:51:53.340000,S,0.865,1.262656951439567e-06,5,0.0126489125163344,20210522T080000_5
AV.DT1..BH,2021-05-22T09:06:30.540000,P,0.309,1.5306093246181265e-06,1,0.008599056561087,20210522T080000_1
AV.DT1..BH,2021-05-22T09:23:41.700000,P,0.964,1.573350573380594e-06,2,0.0126489125163344,20210522T080000_2
AV.DT1..BH,2021-05-22T09:23:53.500000,S,0.952,1.601519102223392e-06,-1,-1.0,20210522T080000_-1
AV.DT1..BH,2021-05-22T15:51:58.260000,S,0.731,7.977329232744523e-07,5,0.008599056561087,20210522T080000_5
AV.DTN..BH,2021-05-22T09:06:30.860000,P,0.537,1.964299826795468e-06,1,0.0002898051980144,20210522T080000_1
AV.DTN..BH,2021-05-22T09:23:42.320000,P,0.767,1.1802337667177198e-06,2,0.008599056561087,20210522T080000_2
AV.DTN..BH,2021-05-22T13:59:04.040000,P,0.467,1.9115514078293927e-06,-1,-1.0,20210522T080000_-1
AV.DTN..BH,2021-05-22T14:09:51.800000,P,0.811,1.4278282378654694e-06,-1,-1.0,20210522T080000_-1
AV.DTN..BH,2021-05-22T15:51:45.260000,P,0.741,9.566338121658191e-07,5,0.0002898051980144,20210522T080000_5
AV.DTN..BH,2021-05-22T15:51:58.900000,S,0.874,1.3456088936436572e-06,5,0.0023513273373677,20210522T080000_5
AV.HAG..SH,2021-05-22T08:00:00.020000,P,0.616,2.2031096591490493e-07,-1,-1.0,20210522T080000_-1
AV.HAG..SH,2021-05-22T08:47:24.840000,P,0.796,7.183497814367001e-07,-1,-1.0,20210522T080000_-1
AV.HAG..SH,2021-05-22T09:23:44.960000,P,0.74,2.2559997603366363e-07,2,0.0002898051980144,20210522T080000_2
AV.HAG..SH,2021-05-22T12:01:21.400000,P,0.912,7.693723205193237e-07,-1,-1.0,20210522T080000_-1
AV.HAG..SH,2021-05-22T13:30:56.720000,P,0.408,2.666915577265172e-07,-1,-1.0,20210522T080000_-1
AV.HAG..SH,2021-05-22T13:59:09.380000,P,0.451,2.559636413934641e-07,-1,-1.0,20210522T080000_-1
AV.HAG..SH,2021-05-22T15:51:44.300000,P,0.714,3.437772591041721e-07,5,0.0001464510772557,20210522T080000_5
AV.HAG..SH,2021-05-22T15:56:49.340000,P,0.93,2.44114562519826e-06,-1,-1.0,20210522T080000_-1
AV.HAG..SH,2021-05-22T12:01:23.120000,S,0.538,5.707243531105632e-07,-1,-1.0,20210522T080000_-1
AV.HAG..SH,2021-05-22T15:51:57.640000,S,0.305,6.3820908735579e-07,5,0.0021171096457535,20210522T080000_5
AV.HAG..SH,2021-05-22T15:56:50.440000,S,0.353,1.5025121911094177e-06,-1,-1.0,20210522T080000_-1
AV.PN7A..BH,2021-05-22T12:36:38.600000,S,0.378,1.5906887256278424e-06,4,0.0015862149435636,20210522T080000_4
AV.PS1A..BH,2021-05-22T09:06:37.740000,P,0.679,2.8035340164933582e-06,1,0.0023513273373677,20210522T080000_1
AV.PS1A..BH,2021-05-22T12:36:33.500000,P,0.659,2.262099769723136e-06,4,0.0066694297315138,20210522T080000_4
AV.PS1A..BH,2021-05-22T13:30:54.380000,P,0.857,3.0340638659254182e-06,-1,-1.0,20210522T080000_-1
AV.PS1A..BH,2021-05-22T09:06:50.380000,S,0.33,2.429164169370779e-06,1,0.0001464510772557,20210522T080000_1
AV.PV6A..SH,2021-05-22T08:00:00.020000,P,0.366,1.8491797959541145e-07,-1,-1.0,20210522T080000_-1
AV.PV6A..SH,2021-05-22T09:06:36.760000,P,0.752,3.8331432961058454e-07,1,0.0021171096457535,20210522T080000_1
AV.PV6A..SH,2021-05-22T11:47:55.760000,P,0.504,5.756314180871414e-07,3,0.0015862149435636,20210522T080000_3
AV.PV6A..SH,2021-05-22T12:13:43.520000,P,0.819,2.757914501216874e-07,-1,-1.0,20210522T080000_-1
AV.PV6A..SH,2021-05-22T12:36:35.580000,P,0.615,3.1352496421277465e-07,4,0.0126489125163344,20210522T080000_4
AV.PV6A..SH,2021-05-22T12:55:45.100000,P,0.394,2.480706200458372e-07,-1,-1.0,20210522T080000_-1
AV.PV6A..SH,2021-05-22T15:51:46.880000,P,0.598,1.2950754069152026e-07,5,0.0159900839046351,20210522T080000_5
AV.PV6A..SH,2021-05-22T11:47:59.600000,S,0.332,5.756314180871414e-07,3,0.0066694297315138,20210522T080000_3
AV.PV6A..SH,2021-05-22T12:36:41.200000,S,0.588,3.1352496421277465e-07,4,0.008599056561087,20210522T080000_4
AV.PV6A..SH,2021-05-22T15:52:01.740000,S,0.763,2.681559010397905e-07,5,0.0032035566163906,20210522T080000_5
AV.PVV..SH,2021-05-22T09:06:36.860000,P,0.814,3.356975355472969e-07,1,0.0159900839046351,20210522T080000_1
AV.PVV..SH,2021-05-22T10:19:18.360000,P,0.816,2.0119493626680201e-07,-1,-1.0,20210522T080000_-1
AV.PVV..SH,2021-05-22T11:47:51.720000,P,0.661,2.791668123336422e-07,3,0.0126489125163344,20210522T080000_3
AV.PVV..SH,2021-05-22T12:01:01.360000,P,0.623,1.759872361617454e-06,-1,-1.0,20210522T080000_-1
AV.PVV..SH,2021-05-22T12:36:33.120000,P,0.673,3.5609534165814694e-07,4,0.0002898051980144,20210522T080000_4
AV.PVV..SH,2021-05-22T12:55:40.780000,P,0.418,1.3965282619210484e-07,-1,-1.0,20210522T080000_-1
AV.PVV..SH,2021-05-22T13:30:54.960000,P,0.445,2.2721026482486203e-07,-1,-1.0,20210522T080000_-1
AV.PVV..SH,2021-05-22T15:51:56.780000,P,0.613,2.422671627755335e-07,-1,-1.0,20210522T080000_-1
AV.PVV..SH,2021-05-22T11:47:55.580000,S,0.55,2.791668123336422e-07,3,0.008599056561087,20210522T080000_3
AV.PVV..SH,2021-05-22T12:01:03.280000,S,0.693,1.759872361617454e-06,-1,-1.0,20210522T080000_-1
AV.PVV..SH,2021-05-22T12:36:35.200000,S,0.484,2.7460495743980573e-07,-1,-1.0,20210522T080000_-1
AV.PVV..SH,2021-05-22T12:36:39.560000,S,0.435,3.5609534165814694e-07,4,0.0023513273373677,20210522T080000_4
AV.PVV..SH,2021-05-22T13:15:50.080000,S,0.588,2.599514630219346e-07,-1,-1.0,20210522T080000_-1
AV.S12K..BH,2021-05-22T09:06:37.480000,P,0.484,1.3144789363650489e-06,1,0.0032035566163906,20210522T080000_1
AV.S12K..BH,2021-05-22T10:19:05.320000,P,0.687,1.2064360817021225e-06,-1,-1.0,20210522T080000_-1
AV.S12K..BH,2021-05-22T11:42:16.920000,P,0.35,1.132064312514558e-06,-1,-1.0,20210522T080000_-1
AV.S12K..BH,2021-05-22T10:19:23.280000,S,0.869,1.5825233958821627e-06,-1,-1.0,20210522T080000_-1
AV.DEER..BH,2021-05-22T16:17:29.720000,P,0.313,1.2052979627696914e-06,1,0.0029593813583845,20210522T160000_1
AV.DEER..BH,2021-05-22T17:06:09.080000,P,0.326,7.710423801654542e-07,2,0.0029593813583845,20210522T160000_2
AV.DEER..BH,2021-05-22T17:06:30.220000,P,0.332,1.8752916730591096e-06,3,0.0029593813583845,20210522T160000_3
AV.DEER..BH,2021-05-22T18:27:58.300000,P,0.311,6.132461862762284e-07,4,0.0029593813583845,20210522T160000_4
AV.DEER..BH,2021-05-22T18:31:14.920000,P,0.402,6.070045515116362e-07,-1,-1.0,20210522T160000_-1
AV.DEER..BH,2021-05-22T19:12:39.480000,P,0.767,6.170987489895197e-07,-1,-1.0,20210522T160000_-1
AV.DEER..BH,2021-05-22T19:35:55.580000,P,0.87,3.138037072858424e-06,8,0.0029593813583845,20210522T160000_8
AV.DEER..BH,2021-05-22T16:17:30.180000,S,0.339,1.2052979627696914e-06,1,0.0033698007203522,20210522T160000_1
AV.DEER..BH,2021-05-22T17:06:36.280000,S,0.717,1.8752916730591096e-06,-1,-1.0,20210522T160000_-1
AV.DEER..BH,2021-05-22T17:50:23.560000,S,0.423,4.90467300551245e-07,-1,-1.0,20210522T160000_-1
AV.DEER..BH,2021-05-22T19:13:03.880000,S,0.478,1.0349987178415176e-06,-1,-1.0,20210522T160000_-1
AV.DOL..BH,2021-05-22T16:17:05.000000,P,0.401,1.0196395123784896e-06,-1,-1.0,20210522T160000_-1
AV.DOL..BH,2021-05-22T17:06:07.460000,P,0.97,1.2511624163380477e-06,2,0.0033698007203522,20210522T160000_2
AV.DOL..BH,2021-05-22T17:50:13.160000,P,0.318,6.922397801645275e-07,-1,-1.0,20210522T160000_-1
AV.DOL..BH,2021-05-22T18:28:03.000000,P,0.401,1.0131566341442522e-06,4,0.0033698007203522,20210522T160000_4
AV.DOL..BH,2021-05-22T18:31:10.620000,P,0.361,8.490034133501467e-07,-1,-1.0,20210522T160000_-1
AV.DOL..BH,2021-05-22T19:35:53.100000,P,0.89,1.3296239558258094e-05,8,0.0033698007203522,20210522T160000_8
AV.DOL..BH,2021-05-22T19:41:25.560000,P,0.726,8.880078894435428e-07,10,0.0029593813583845,20210522T160000_10
AV.DOL..BH,2021-05-22T20:44:58.220000,P,0.302,7.078912744873378e-07,-1,-1.0,20210522T160000_-1
AV.DOL..BH,2021-05-22T21:35:48.460000,P,0.611,6.01067597472138e-07,-1,-1.0,20210522T160000_-1
AV.DOL..BH,2021-05-22T22:14:59.460000,P,0.825,6.29733108326036e-07,-1,-1.0,20210522T160000_-1
AV.DOL..BH,2021-05-22T22:37:15.560000,P,0.5,1.056623204931384e-06,12,0.0029593813583845,20210522T160000_12
AV.DOL..BH,2021-05-22T22:47:59.740000,P,0.381,8.75592206739384e-07,-1,-1.0,20210522T160000_-1
AV.DOL..BH,2021-05-22T16:17:28.300000,S,0.798,1.600726477590797e-06,-1,-1.0,20210522T160000_-1
AV.DOL..BH,2021-05-22T17:06:26.260000,S,0.564,3.844174898404162e-06,-1,-1.0,20210522T160000_-1
AV.DOL..BH,2021-05-22T18:28:25.980000,S,0.318,9.676139143266482e-07,-1,-1.0,20210522T160000_-1
AV.DOL..BH,2021-05-22T19:13:02.040000,S,0.439,1.325984271716152e-06,-1,-1.0,20210522T160000_-1
AV.DOL..BH,2021-05-22T19:36:11.580000,S,0.515,5.734278238378465e-05,9,0.0029593813583845,20210522T160000_9
AV.DOL..BH,2021-05-22T19:39:31.380000,S,0.434,8.191011033886753e-07,-1,-1.0,20210522T160000_-1
AV.DOL..BH,2021-05-22T19:41:44.260000,S,0.642,1.415766064383206e-06,11,0.0029593813583845,20210522T160000_11
AV.DOL..BH,2021-05-22T20:29:13.640000,S,0.311,6.665225100732641e-07,-1,-1.0,20210522T160000_-1
AV.DOL..BH,2021-05-22T20:45:09.080000,S,0.369,7.231839163068798e-07,-1,-1.0,20210522T160000_-1
AV.DOL..BH,2021-05-22T22:15:17.260000,S,0.572,9.669938663137143e-07,-1,-1.0,20210522T160000_-1
AV.DOL..BH,2021-05-22T22:37:33.840000,S,0.511,1.7436149164495871e-06,-1,-1.0,20210522T160000_-1
AV.DT1..BH,2021-05-22T18:28:00.360000,P,0.342,4.983871804142836e-07,4,0.0026748296093752,20210522T160000_4
AV.DT1..BH,2021-05-22T19:12:40.700000,P,0.521,8.289413244710886e-07,-1,-1.0,20210522T160000_-1
AV.DT1..BH,2021-05-22T19:35:55.880000,P,0.926,6.762750217603752e-06,8,0.0026748296093752,20210522T160000_8
AV.DT1..BH,2021-05-22T16:17:31.680000,S,0.512,9.331987484983985e-07,1,0.0026748296093752,20210522T160000_1
AV.DT1..BH,2021-05-22T17:06:30.460000,S,0.781,1.400515884597553e-06,-1,-1.0,20210522T160000_-1
AV.DT1..BH,2021-05-22T19:13:05.460000,S,0.753,9.982259143725969e-07,-1,-1.0,20210522T160000_-1
AV.DT1..BH,2021-05-22T19:36:16.720000,S,0.805,1.742797758197412e-05,9,0.0033698007203522,20210522T160000_9
AV.DT1..BH,2021-05-22T22:37:39.040000,S,0.769,1.011976451081864e-06,-1,-1.0,20210522T160000_-1
AV.DTN..BH,2021-05-22T17:06:10.500000,P,0.962,1.4397841141544632e-06,2,0.0026748296093752,20210522T160000_2
AV.DTN..BH,2021-05-22T18:28:01.680000,P,0.422,9.44040209560626e-07,4,0.0005810337757381,20210522T160000_4
AV.DTN..BH,2021-05-22T19:12:41.260000,P,0.462,1.0107083880939172e-06,-1,-1.0,20210522T160000_-1
AV.DTN..BH,2021-05-22T19:35:56.420000,P,0.937,1.20854838314699e-05,8,0.0005810337757381,20210522T160000_8
AV.DTN..BH,2021-05-22T19:41:28.680000,P,0.37,9.158556508737092e-07,10,0.0033698007203522,20210522T160000_10
AV.DTN..BH,2021-05-22T20:45:01.800000,P,0.532,1.1750314570235787e-06,-1,-1.0,20210522T160000_-1
AV.DTN..BH,2021-05-22T21:35:50.760000,P,0.446,8.426829936070135e-07,-1,-1.0,20210522T160000_-1
AV.DTN..BH,2021-05-22T22:37:18.480000,P,0.476,1.064952584783896e-06,12,0.0033698007203522,20210522T160000_12
AV.DTN..BH,2021-05-22T16:17:33.420000,S,0.687,9.186890679302452e-07,1,0.0005810337757381,20210522T160000_1
AV.DTN..BH,2021-05-22T18:28:23.880000,S,0.31,1.1922496696570306e-06,-1,-1.0,20210522T160000_-1
AV.DTN..BH,2021-05-22T19:36:16.940000,S,0.592,4.07189509132877e-05,9,0.0026748296093752,20210522T160000_9
AV.DTN..BH,2021-05-22T21:36:00.920000,S,0.56,1.0964847660943633e-06,-1,-1.0,20210522T160000_-1
AV.HAG..SH,2021-05-22T16:00:00.020000,P,0.326,7.00946358733745e-08,-1,-1.0,20210522T160000_-1
AV.HAG..SH,2021-05-22T16:00:00.940000,P,0.325,1.395439852558411e-07,-1,-1.0,20210522T160000_-1
AV.HAG..SH,2021-05-22T17:06:09.780000,P,0.963,1.025409005706024e-06,2,0.0005810337757381,20210522T160000_2
AV.HAG..SH,2021-05-22T17:57:06.060000,P,0.622,6.145455699879676e-07,-1,-1.0,20210522T160000_-1
AV.HAG..SH,2021-05-22T18:02:58.460000,P,0.958,8.761695653447532e-07,-1,-1.0,20210522T160000_-1
AV.HAG..SH,2021-05-22T18:23:21.860000,P,0.923,1.6605689552307012e-06,-1,-1.0,20210522T160000_-1
AV.HAG..SH,2021-05-22T18:28:07.500000,P,0.506,2.7256390922048013e-07,4,0.0006795033103392,20210522T160000_4
AV.HAG..SH,2021-05-22T18:31:11.080000,P,0.843,5.191582204133738e-07,5,0.0029593813583845,20210522T160000_5
AV.HAG..SH,2021-05-22T18:31:44.940000,P,0.358,4.148367054312985e-07,-1,-1.0,20210522T160000_-1
AV.HAG..SH,2021-05-22T18:44:32.140000,P,0.837,8.851423558553506e-07,-1,-1.0,20210522T160000_-1
AV.HAG..SH,2021-05-22T19:04:03.020000,P,0.464,2.102504197409872e-07,-1,-1.0,20210522T160000_-1
AV.HAG..SH,2021-05-22T19:14:17.580000,P,0.618,5.100538373881136e-07,-1,-1.0,20210522T160000_-1
AV.HAG..SH,2021-05-22T19:35:55.180000,P,0.903,1.6548427083762363e-05,8,0.0006795033103392,20210522T160000_8
AV.HAG..SH,2021-05-22T19:41:28.060000,P,0.773,4.6277088472379546e-07,10,0.0026748296093752,20210522T160000_10
AV.HAG..SH,2021-05-22T22:37:17.800000,P,0.333,1.4136202253212105e-07,12,0.0026748296093752,20210522T160000_12
AV.HAG..SH,2021-05-22T22:37:18.420000,P,0.61,4.610097334989405e-07,-1,-1.0,20210522T160000_-1
AV.HAG..SH,2021-05-22T16:17:33.920000,S,0.444,3.291677046490804e-07,-1,-1.0,20210522T160000_-1
AV.HAG..SH,2021-05-22T16:17:34.560000,S,0.311,5.165560423847637e-07,-1,-1.0,20210522T160000_-1
AV.HAG..SH,2021-05-22T17:06:37.520000,S,0.535,2.1571956949628657e-06,-1,-1.0,20210522T160000_-1
AV.HAG..SH,2021-05-22T17:57:17.280000,S,0.31,5.56065174350806e-07,-1,-1.0,20210522T160000_-1
AV.HAG..SH,2021-05-22T18:03:00.040000,S,0.315,1.943170957474649e-07,-1,-1.0,20210522T160000_-1
AV.HAG..SH,2021-05-22T18:28:33.120000,S,0.337,3.875851177781442e-07,-1,-1.0,20210522T160000_-1
AV.HAG..SH,2021-05-22T19:13:09.120000,S,0.593,6.277982720348518e-07,7,0.0029593813583845,20210522T160000_7
AV.HAG..SH,2021-05-22T19:36:16.500000,S,0.821,3.0418521419051103e-05,9,0.0005810337757381,20210522T160000_9
AV.HAG..SH,2021-05-22T19:41:48.720000,S,0.366,4.632018431038887e-07,11,0.0033698007203522,20210522T160000_11
AV.HAG..SH,2021-05-22T22:37:38.880000,S,0.731,1.0660741054380196e-06,13,0.0029593813583845,20210522T160000_13
AV.PN7A..BH,2021-05-22T18:31:09.980000,P,0.882,1.2173161394457566e-06,5,0.0033698007203522,20210522T160000_5
AV.PN7A..BH,2021-05-22T19:07:24.280000,P,0.362,1.8150851701648207e-06,6,0.0029593813583845,20210522T160000_6
AV.PN7A..BH,2021-05-22T19:35:57.260000,P,0.733,1.1314071343804244e-05,8,0.0011036011639307,20210522T160000_8
AV.PN7A..BH,2021-05-22T19:36:19.920000,S,0.477,2.0837203919654712e-05,9,0.0006795033103392,20210522T160000_9
AV.PS1A..BH,2021-05-22T16:00:00.960000,P,0.387,2.0459049210330704e-06,-1,-1.0,20210522T160000_-1
AV.PS1A..BH,2021-05-22T17:06:10.120000,P,0.762,1.814367465158284e-06,2,0.0006795033103392,20210522T160000_2
AV.PS1A..BH,2021-05-22T19:07:23.420000,P,0.457,1.405429088663368e-06,6,0.0033698007203522,20210522T160000_6
AV.PS1A..BH,2021-05-22T19:12:41.900000,P,0.606,1.1721613191184588e-06,-1,-1.0,20210522T160000_-1
AV.PS1A..BH,2021-05-22T19:35:54.940000,P,0.892,1.071306542144157e-05,8,0.0064164732511301,20210522T160000_8
AV.PS1A..BH,2021-05-22T19:39:15.180000,P,0.339,1.6627068362140562e-06,-1,-1.0,20210522T160000_-1
AV.PS1A..BH,2021-05-22T19:41:27.820000,P,0.798,1.5786492895131232e-06,10,0.0005810337757381,20210522T160000_10
AV.PS1A..BH,2021-05-22T22:37:18.120000,P,0.677,1.6489094605276478e-06,12,0.0005810337757381,20210522T160000_12
AV.PS1A..BH,2021-05-22T17:06:31.900000,S,0.509,2.2523345251102e-06,3,0.0033698007203522,20210522T160000_3
AV.PS1A..BH,2021-05-22T19:36:14.940000,S,0.527,3.3443629945395514e-05,9,0.0011036011639307,20210522T160000_9
AV.PS1A..BH,2021-05-22T22:37:37.860000,S,0.656,1.940703896252672e-06,13,0.0033698007203522,20210522T160000_13
AV.PS4A..BH,2021-05-22T19:07:25.280000,P,0.558,2.1411483430711087e-06,6,0.0026748296093752,20210522T160000_6
AV.PS4A..BH,2021-05-22T19:35:55.240000,P,0.697,1.3561323612520935e-05,8,0.0018683733207688,20210522T160000_8
AV.PS4A..BH,2021-05-22T17:06:32.320000,S,0.53,3.420553639443824e-06,3,0.0026748296093752,20210522T160000_3
AV.PS4A..BH,2021-05-22T19:36:15.580000,S,0.351,4.906631875201128e-05,9,0.0064164732511301,20210522T160000_9
AV.PV6A..SH,2021-05-22T16:17:38.720000,P,0.677,2.0357445862373424e-07,1,0.0006795033103392,20210522T160000_1
AV.PV6A..SH,2021-05-22T17:06:12.720000,P,0.663,5.992321803205414e-07,2,0.0011036011639307,20210522T160000_2
AV.PV6A..SH,2021-05-22T17:40:38.540000,P,0.958,5.64836000194191e-07,-1,-1.0,20210522T160000_-1
AV.PV6A..SH,2021-05-22T17:53:31.600000,P,0.443,1.253357169161973e-07,-1,-1.0,20210522T160000_-1
AV.PV6A..SH,2021-05-22T18:31:09.120000,P,0.722,2.104621614762437e-07,5,0.0026748296093752,20210522T160000_5
AV.PV6A..SH,2021-05-22T18:52:42.480000,P,0.909,9.843473662840552e-07,-1,-1.0,20210522T160000_-1
AV.PV6A..SH,2021-05-22T19:35:57.880000,P,0.907,9.96391554508591e-06,8,0.002672198991707,20210522T160000_8
AV.PV6A..SH,2021-05-22T19:37:27.260000,P,0.483,4.0051000382845814e-07,-1,-1.0,20210522T160000_-1
AV.PV6A..SH,2021-05-22T19:41:30.720000,P,0.905,2.0623612329018215e-07,10,0.0006795033103392,20210522T160000_10
AV.PV6A..SH,2021-05-22T19:56:51.240000,P,0.573,1.491969356948175e-07,-1,-1.0,20210522T160000_-1
AV.PV6A..SH,2021-05-22T20:27:55.820000,P,0.408,1.215279183952589e-07,-1,-1.0,20210522T160000_-1
AV.PV6A..SH,2021-05-22T21:01:48.440000,P,0.553,1.486251903770608e-07,-1,-1.0,20210522T160000_-1
AV.PV6A..SH,2021-05-22T22:18:17.080000,P,0.525,2.2261676235757482e-07,-1,-1.0,20210522T160000_-1
AV.PV6A..SH,2021-05-22T22:37:20.360000,P,0.815,3.58718978077377e-07,12,0.0006795033103392,20210522T160000_12
AV.PV6A..SH,2021-05-22T23:03:19.360000,P,0.408,1.788430381566286e-07,-1,-1.0,20210522T160000_-1
AV.PV6A..SH,2021-05-22T16:17:45.080000,S,0.468,2.0357445862373424e-07,1,0.0011036011639307,20210522T160000_1
AV.PV6A..SH,2021-05-22T17:06:36.220000,S,0.679,9.424015274817066e-07,3,0.0005810337757381,20210522T160000_3
AV.PV6A..SH,2021-05-22T17:40:39.980000,S,0.927,5.64836000194191e-07,-1,-1.0,20210522T160000_-1
AV.PV6A..SH,2021-05-22T19:07:30.160000,S,0.516,3.257917455812276e-07,6,0.0005810337757381,20210522T160000_6
AV.PV6A..SH,2021-05-22T19:13:12.320000,S,0.411,2.366219007399195e-07,7,0.0033698007203522,20210522T160000_7
AV.PV6A..SH,2021-05-22T19:36:19.980000,S,0.876,1.937140586960595e-05,9,0.0018683733207688,20210522T160000_9
AV.PV6A..SH,2021-05-22T19:39:39.520000,S,0.617,1.837179155472768e-07,-1,-1.0,20210522T160000_-1
AV.PV6A..SH,2021-05-22T19:41:52.400000,S,0.75,2.823767033532931e-07,11,0.0026748296093752,20210522T160000_11
AV.PV6A..SH,2021-05-22T19:57:11.280000,S,0.425,2.16332395552854e-07,-1,-1.0,20210522T160000_-1
AV.PV6A..SH,2021-05-22T21:01:49.820000,S,0.757,1.486251903770608e-07,-1,-1.0,20210522T160000_-1
AV.PV6A..SH,2021-05-22T22:15:24.780000,S,0.659,1.6252870693733717e-07,-1,-1.0,20210522T160000_-1
AV.PV6A..SH,2021-05-22T22:37:42.260000,S,0.787,6.155540290819772e-07,13,0.0026748296093752,20210522T160000_13
AV.PVV..SH,2021-05-22T16:30:01.840000,P,0.559,1.441503911792097e-07,-1,-1.0,20210522T160000_-1
AV.PVV..SH,2021-05-22T17:06:09.340000,P,0.745,1.0953650075862242e-07,-1,-1.0,20210522T160000_-1
AV.PVV..SH,2021-05-22T17:06:10.140000,P,0.359,4.294269047022681e-07,2,0.0064164732511301,20210522T160000_2
AV.PVV..SH,2021-05-22T18:28:34.720000,P,0.414,1.3078728500204306e-07,-1,-1.0,20210522T160000_-1
AV.PVV..SH,2021-05-22T18:31:09.600000,P,0.594,1.77065501816287e-07,5,0.0005810337757381,20210522T160000_5
AV.PVV..SH,2021-05-22T19:12:41.340000,P,0.878,1.926391774986769e-07,-1,-1.0,20210522T160000_-1
AV.PVV..SH,2021-05-22T19:35:54.620000,P,0.96,6.814064363425132e-06,8,0.0004280521534864,20210522T160000_8
AV.PVV..SH,2021-05-22T19:41:27.520000,P,0.658,2.190747068198107e-07,10,0.0011036011639307,20210522T160000_10
AV.PVV..SH,2021-05-22T19:41:47.440000,P,0.508,2.028264276532355e-07,-1,-1.0,20210522T160000_-1
AV.PVV..SH,2021-05-22T20:34:35.980000,P,0.311,1.2639483770726656e-07,-1,-1.0,20210522T160000_-1
AV.PVV..SH,2021-05-22T21:11:30.520000,P,0.578,1.2918400216221926e-07,-1,-1.0,20210522T160000_-1
AV.PVV..SH,2021-05-22T22:07:33.560000,P,0.464,1.485329050865403e-07,-1,-1.0,20210522T160000_-1
AV.PVV..SH,2021-05-22T22:15:00.940000,P,0.552,2.084539829638743e-07,-1,-1.0,20210522T160000_-1
AV.PVV..SH,2021-05-22T22:18:14.500000,P,0.382,1.8592571393583057e-07,-1,-1.0,20210522T160000_-1
AV.PVV..SH,2021-05-22T22:37:17.240000,P,0.613,3.597889701723034e-07,12,0.0011036011639307,20210522T160000_12
AV.PVV..SH,2021-05-22T17:06:31.360000,S,0.301,5.170951453692396e-07,3,0.0006795033103392,20210522T160000_3
AV.PVV..SH,2021-05-22T18:28:41.660000,S,0.451,1.3125352893439413e-07,-1,-1.0,20210522T160000_-1
AV.PVV..SH,2021-05-22T19:07:25.640000,S,0.304,2.1732256527684523e-07,6,0.0006795033103392,20210522T160000_6
AV.PVV..SH,2021-05-22T19:13:07.720000,S,0.478,3.1769837960382574e-07,7,0.0026748296093752,20210522T160000_7
AV.PVV..SH,2021-05-22T19:36:14.360000,S,0.56,1.06027364381589e-05,9,0.002672198991707,20210522T160000_9
AV.PVV..SH,2021-05-22T19:41:47.560000,S,0.345,2.028264276532355e-07,11,0.0005810337757381,20210522T160000_11
AV.PVV..SH,2021-05-22T21:11:35.520000,S,0.384,1.0600551547668149e-07,-1,-1.0,20210522T160000_-1
AV.PVV..SH,2021-05-22T22:07:37.840000,S,0.441,1.485329050865403e-07,-1,-1.0,20210522T160000_-1
AV.PVV..SH,2021-05-22T22:37:36.840000,S,0.393,2.196644004470727e-07,-1,-1.0,20210522T160000_-1
AV.PVV..SH,2021-05-22T22:37:37.520000,S,0.303,4.303291802898457e-07,13,0.0005810337757381,20210522T160000_13
AV.S12K..BH,2021-05-22T17:06:16.280000,P,0.786,1.011954850582697e-06,2,0.0018683733207688,20210522T160000_2
AV.S12K..BH,2021-05-22T18:31:07.800000,P,0.628,7.049976034068095e-07,5,0.0006795033103392,20210522T160000_5
AV.S12K..BH,2021-05-22T19:36:00.460000,P,0.954,1.1447536962805316e-05,8,4.945739208866127e-05,20210522T160000_8
AV.S12K..BH,2021-05-22T22:37:24.320000,P,0.336,7.207268026832025e-07,12,0.0064164732511301,20210522T160000_12
AV.S12K..BH,2021-05-22T17:06:39.340000,S,0.665,1.907202545226028e-06,-1,-1.0,20210522T160000_-1
AV.S12K..BH,2021-05-22T19:13:17.480000,S,0.362,9.08934850940568e-07,7,0.0005810337757381,20210522T160000_7
AV.S12K..BH,2021-05-22T19:36:24.040000,S,0.635,2.671538823051378e-05,9,0.0004280521534864,20210522T160000_9
AV.S12K..BH,2021-05-22T22:37:46.420000,S,0.548,1.3497367490344914e-06,13,0.0006795033103392,20210522T160000_13
AV.DEER..BH,2021-05-23T00:00:00.020000,P,0.374,5.621238869935041e-07,1,0.0036018285635138,20210523T000000_1
AV.DEER..BH,2021-05-23T01:23:04.680000,P,0.57,7.535994654972455e-07,4,0.0036018285635138,20210523T000000_4
AV.DEER..BH,2021-05-23T02:13:36.800000,P,0.571,4.872536010225304e-06,6,0.0036018285635138,20210523T000000_6
AV.DEER..BH,2021-05-23T03:56:19.900000,P,0.975,5.813157713419059e-06,7,0.0036018285635138,20210523T000000_7
AV.DEER..BH,2021-05-23T04:29:11.800000,P,0.778,1.0774627980936202e-06,8,0.0036018285635138,20210523T000000_8
AV.DEER..BH,2021-05-23T04:52:51.800000,P,0.507,1.80106735570007e-06,10,0.0036018285635138,20210523T000000_10
AV.DEER..BH,2021-05-23T05:15:48.540000,P,0.873,1.8440142639519763e-06,11,0.0036018285635138,20210523T000000_11
AV.DEER..BH,2021-05-23T05:40:04.540000,P,0.873,5.274952400213806e-06,12,0.0036018285635138,20210523T000000_12
AV.DEER..BH,2021-05-23T06:12:50.940000,P,0.975,5.06739343109075e-06,14,0.0036018285635138,20210523T000000_14
AV.DEER..BH,2021-05-23T07:38:56.460000,P,0.8,1.911585513880709e-06,16,0.0036018285635138,20210523T000000_16
AV.DEER..BH,2021-05-23T03:56:29.260000,S,0.805,5.813157713419059e-06,7,0.0102352785248584,20210523T000000_7
AV.DEER..BH,2021-05-23T04:29:22.820000,S,0.751,1.1759084372897632e-06,9,0.0036018285635138,20210523T000000_9
AV.DEER..BH,2021-05-23T05:15:56.100000,S,0.861,1.8440142639519763e-06,11,0.0102352785248584,20210523T000000_11
AV.DEER..BH,2021-05-23T05:40:22.180000,S,0.748,3.223546809749678e-05,13,0.0036018285635138,20210523T000000_13
AV.DEER..BH,2021-05-23T06:13:00.680000,S,0.937,5.06739343109075e-06,14,0.0102352785248584,20210523T000000_14
AV.DEER..BH,2021-05-23T07:39:06.780000,S,0.885,1.911585513880709e-06,16,0.0102352785248584,20210523T000000_16
AV.DOL..BH,2021-05-23T00:08:50.100000,P,0.967,9.575857120580622e-07,2,0.0036018285635138,20210523T000000_2
AV.DOL..BH,2021-05-23T00:33:25.960000,P,0.326,8.896450367501529e-07,-1,-1.0,20210523T000000_-1
AV.DOL..BH,2021-05-23T01:23:02.020000,P,0.941,9.159518299384216e-07,4,0.0102352785248584,20210523T000000_4
AV.DOL..BH,2021-05-23T01:34:30.800000,P,0.34,6.724987429151952e-07,-1,-1.0,20210523T000000_-1
AV.DOL..BH,2021-05-23T02:13:38.540000,P,0.765,6.844534709671279e-06,6,0.0102352785248584,20210523T000000_6
AV.DOL..BH,2021-05-23T03:56:19.820000,P,0.969,1.27525763673475e-05,-1,-1.0,20210523T000000_-1
AV.DOL..BH,2021-05-23T04:29:11.400000,P,0.834,1.1257076266701915e-06,8,0.0102352785248584,20210523T000000_8
AV.DOL..BH,2021-05-23T04:52:53.520000,P,0.531,1.3247703236629604e-06,10,0.0102352785248584,20210523T000000_10
AV.DOL..BH,2021-05-23T05:15:47.660000,P,0.945,6.150415174488444e-06,11,0.005860561834252,20210523T000000_11
AV.DOL..BH,2021-05-23T05:40:02.060000,P,0.965,2.8910295441164635e-05,12,0.0102352785248584,20210523T000000_12
AV.DOL..BH,2021-05-23T06:12:51.660000,P,0.95,2.222835519205546e-06,15,0.0036018285635138,20210523T000000_15
AV.DOL..BH,2021-05-23T06:21:43.560000,P,0.457,7.68858853916754e-07,-1,-1.0,20210523T000000_-1
AV.DOL..BH,2021-05-23T06:41:18.720000,P,0.432,1.928338178913691e-06,-1,-1.0,20210523T000000_-1
AV.DOL..BH,2021-05-23T07:38:55.440000,P,0.977,1.6007443264243193e-06,16,0.005860561834252,20210523T000000_16
AV.DOL..BH,2021-05-23T00:09:09.460000,S,0.824,1.6350214764315751e-06,3,0.0036018285635138,20210523T000000_3
AV.DOL..BH,2021-05-23T01:23:19.900000,S,0.711,1.920473550853785e-06,5,0.0036018285635138,20210523T000000_5
AV.DOL..BH,2021-05-23T03:56:30.720000,S,0.839,1.4166836990625598e-05,-1,-1.0,20210523T000000_-1
AV.DOL..BH,2021-05-23T04:29:22.100000,S,0.885,1.2313880688452628e-06,9,0.0102352785248584,20210523T000000_9
AV.DOL..BH,2021-05-23T05:15:54.020000,S,0.934,6.150415174488444e-06,11,0.0102177136305719,20210523T000000_11
AV.DOL..BH,2021-05-23T05:40:18.880000,S,0.885,0.0003049060178454,13,0.0102352785248584,20210523T000000_13
AV.DOL..BH,2021-05-23T06:13:02.260000,S,0.837,2.439228182993247e-06,15,0.0102352785248584,20210523T000000_15
AV.DOL..BH,2021-05-23T06:41:20.960000,S,0.52,1.928338178913691e-06,-1,-1.0,20210523T000000_-1
AV.DOL..BH,2021-05-23T07:39:04.720000,S,0.817,1.6007443264243193e-06,16,0.0102177136305719,20210523T000000_16
AV.DT1..BH,2021-05-23T00:00:00.020000,P,0.307,5.995017886561982e-07,1,0.0102352785248584,20210523T000000_1
AV.DT1..BH,2021-05-23T00:08:52.520000,P,0.878,8.14745419575047e-07,2,0.0102352785248584,20210523T000000_2
AV.DT1..BH,2021-05-23T01:23:05.080000,P,0.973,7.414174092446046e-07,4,0.005860561834252,20210523T000000_4
AV.DT1..BH,2021-05-23T02:13:36.680000,P,0.467,2.7073062938143262e-06,6,0.005860561834252,20210523T000000_6
AV.DT1..BH,2021-05-23T03:56:21.100000,P,0.978,5.335280548024457e-06,7,0.005860561834252,20210523T000000_7
AV.DT1..BH,2021-05-23T04:29:12.940000,P,0.812,1.064592311195156e-06,8,0.005860561834252,20210523T000000_8
AV.DT1..BH,2021-05-23T05:15:49.460000,P,0.972,2.445741984047345e-06,11,0.0007982587450508,20210523T000000_11
AV.DT1..BH,2021-05-23T05:40:04.820000,P,0.92,1.0510289939702488e-05,12,0.005860561834252,20210523T000000_12
AV.DT1..BH,2021-05-23T06:12:52.220000,P,0.971,4.245139280101284e-06,14,0.005860561834252,20210523T000000_14
AV.DT1..BH,2021-05-23T07:38:57.240000,P,0.958,1.6420291331087356e-06,16,0.0007982587450508,20210523T000000_16
AV.DT1..BH,2021-05-23T00:09:13.760000,S,0.715,8.851946518007026e-07,3,0.0102352785248584,20210523T000000_3
AV.DT1..BH,2021-05-23T01:23:25.140000,S,0.754,1.5280363641068109e-06,5,0.0102352785248584,20210523T000000_5
AV.DT1..BH,2021-05-23T01:23:59.400000,S,0.431,8.88832744294632e-07,-1,-1.0,20210523T000000_-1
AV.DT1..BH,2021-05-23T03:56:31.180000,S,0.615,6.828023288107943e-06,7,0.0102177136305719,20210523T000000_7
AV.DT1..BH,2021-05-23T04:29:25.000000,S,0.461,1.0645345582815937e-06,8,0.0102177136305719,20210523T000000_8
AV.DT1..BH,2021-05-23T05:15:57.420000,S,0.868,2.445741984047345e-06,11,0.0009679163185485,20210523T000000_11
AV.DT1..BH,2021-05-23T05:40:23.200000,S,0.665,6.299200322246179e-05,13,0.005860561834252,20210523T000000_13
AV.DT1..BH,2021-05-23T06:13:03.180000,S,0.951,4.245139280101284e-06,15,0.005860561834252,20210523T000000_15
AV.DT1..BH,2021-05-23T07:39:08.080000,S,0.747,1.6420291331087356e-06,16,0.0009679163185485,20210523T000000_16
AV.DTN..BH,2021-05-23T00:00:00.020000,P,0.436,1.2392575854391907e-06,1,0.005860561834252,20210523T000000_1
AV.DTN..BH,2021-05-23T00:08:53.160000,P,0.827,1.6670907143634397e-06,2,0.005860561834252,20210523T000000_2
AV.DTN..BH,2021-05-23T01:23:05.500000,P,0.672,1.4651349147243309e-06,4,0.0102177136305719,20210523T000000_4
AV.DTN..BH,2021-05-23T02:13:37.760000,P,0.534,7.673872460145503e-06,6,0.0102177136305719,20210523T000000_6
AV.DTN..BH,2021-05-23T03:56:21.680000,P,0.943,4.013738362118602e-06,7,0.0007982587450508,20210523T000000_7
AV.DTN..BH,2021-05-23T04:29:13.580000,P,0.51,2.6239088128932053e-06,8,0.0007982587450508,20210523T000000_8
AV.DTN..BH,2021-05-23T05:15:49.880000,P,0.86,3.1847916943661403e-06,11,0.0062931784466978,20210523T000000_11
AV.DTN..BH,2021-05-23T05:40:05.240000,P,0.58,2.9775487746519502e-06,12,0.0102177136305719,20210523T000000_12
AV.DTN..BH,2021-05-23T05:40:05.900000,P,0.561,2.2513462681672536e-05,-1,-1.0,20210523T000000_-1
AV.DTN..BH,2021-05-23T06:12:53.100000,P,0.797,2.131075916622649e-06,14,0.0102177136305719,20210523T000000_14
AV.DTN..BH,2021-05-23T07:38:57.720000,P,0.562,2.2607732717006e-06,16,0.0062931784466978,20210523T000000_16
AV.DTN..BH,2021-05-23T03:56:34.060000,S,0.693,7.495526460843394e-06,-1,-1.0,20210523T000000_-1
AV.DTN..BH,2021-05-23T04:29:25.960000,S,0.431,2.0952843442501035e-06,8,0.0009679163185485,20210523T000000_8
AV.DTN..BH,2021-05-23T05:15:58.720000,S,0.404,3.1847916943661403e-06,11,0.0038948323364143,20210523T000000_11
AV.DTN..BH,2021-05-23T05:40:24.060000,S,0.624,0.000125139937154,13,0.0102177136305719,20210523T000000_13
AV.DTN..BH,2021-05-23T06:13:04.380000,S,0.697,2.149394276784733e-06,15,0.0102177136305719,20210523T000000_15
AV.HAG..SH,2021-05-23T00:00:00.020000,P,0.793,1.5102962436230882e-07,1,0.0102177136305719,20210523T000000_1
AV.HAG..SH,2021-05-23T00:08:52.580000,P,0.969,6.48221771371027e-07,2,0.0102177136305719,20210523T000000_2
AV.HAG..SH,2021-05-23T00:32:21.840000,P,0.498,2.339791933536617e-07,-1,-1.0,20210523T000000_-1
AV.HAG..SH,2021-05-23T01:23:04.140000,P,0.87,6.527562277369725e-07,4,0.0007982587450508,20210523T000000_4
AV.HAG..SH,2021-05-23T02:13:39.280000,P,0.817,1.4880862408972462e-06,6,0.0007982587450508,20210523T000000_6
AV.HAG..SH,2021-05-23T03:56:22.860000,P,0.946,1.6844921901792986e-06,7,0.0009679163185485,20210523T000000_7
AV.HAG..SH,2021-05-23T04:52:54.180000,P,0.739,4.199725083253725e-07,10,0.005860561834252,20210523T000000_10
AV.HAG..SH,2021-05-23T05:15:50.540000,P,0.913,1.0912574452959234e-06,11,0.0005758038602279,20210523T000000_11
AV.HAG..SH,2021-05-23T05:40:04.460000,P,0.937,4.26865226472728e-05,12,0.0007982587450508,20210523T000000_12
AV.HAG..SH,2021-05-23T05:41:28.300000,P,0.57,1.182038772640226e-06,-1,-1.0,20210523T000000_-1
AV.HAG..SH,2021-05-23T06:12:54.920000,P,0.81,7.893060001151753e-07,15,0.0007982587450508,20210523T000000_15
AV.HAG..SH,2021-05-23T07:38:58.140000,P,0.968,5.471902113640681e-07,16,0.0038948323364143,20210523T000000_16
AV.HAG..SH,2021-05-23T00:09:13.780000,S,0.657,7.084806838975055e-07,3,0.005860561834252,20210523T000000_3
AV.HAG..SH,2021-05-23T00:31:24.540000,S,0.343,5.014931616642571e-07,-1,-1.0,20210523T000000_-1
AV.HAG..SH,2021-05-23T01:23:25.520000,S,0.812,8.140448244375875e-07,-1,-1.0,20210523T000000_-1
AV.HAG..SH,2021-05-23T01:23:58.800000,S,0.644,3.489581956728216e-07,-1,-1.0,20210523T000000_-1
AV.HAG..SH,2021-05-23T03:56:36.720000,S,0.744,4.958231784257805e-06,7,0.0062931784466978,20210523T000000_7
AV.HAG..SH,2021-05-23T04:29:28.140000,S,0.798,3.418207086269831e-07,9,0.005860561834252,20210523T000000_9
AV.HAG..SH,2021-05-23T05:15:59.760000,S,0.664,1.0912574452959234e-06,11,0.0005516084118508,20210523T000000_11
AV.HAG..SH,2021-05-23T05:40:23.600000,S,0.716,7.281758735189214e-05,13,0.0007982587450508,20210523T000000_13
AV.HAG..SH,2021-05-23T07:39:09.520000,S,0.862,1.1426466244301992e-06,16,0.0005758038602279,20210523T000000_16
AV.PS1A..BH,2021-05-23T00:00:00.020000,P,0.395,6.826938374615565e-07,-1,-1.0,20210523T000000_-1
AV.PS1A..BH,2021-05-23T00:00:00.640000,P,0.304,1.4975792055338388e-06,1,0.0007982587450508,20210523T000000_1
AV.PS1A..BH,2021-05-23T01:23:04.040000,P,0.794,2.376475094933994e-06,4,0.0009679163185485,20210523T000000_4
AV.PS1A..BH,2021-05-23T02:13:39.360000,P,0.407,5.177370439923834e-06,6,0.0009679163185485,20210523T000000_6
AV.PS1A..BH,2021-05-23T03:56:23.980000,P,0.856,3.6273884234105935e-06,-1,-1.0,20210523T000000_-1
AV.PS1A..BH,2021-05-23T05:40:05.160000,P,0.841,2.634766133269295e-05,12,0.0009679163185485,20210523T000000_12
AV.PS1A..BH,2021-05-23T07:38:58.860000,P,0.359,3.75114018424938e-06,16,0.0005516084118508,20210523T000000_16
AV.PS1A..BH,2021-05-23T03:56:38.020000,S,0.721,5.013317604607437e-06,7,0.0038948323364143,20210523T000000_7
AV.PS1A..BH,2021-05-23T05:40:22.960000,S,0.862,0.000114651491458,13,0.0009679163185485,20210523T000000_13
AV.PS4A..BH,2021-05-23T01:23:04.120000,P,0.477,1.6239631577263935e-06,4,0.0062931784466978,20210523T000000_4
AV.PS4A..BH,2021-05-23T02:13:39.000000,P,0.808,9.057838724402243e-06,6,0.0062931784466978,20210523T000000_6
AV.PS4A..BH,2021-05-23T03:56:23.100000,P,0.842,2.940267904705252e-06,7,0.0005758038602279,20210523T000000_7
AV.PS4A..BH,2021-05-23T05:40:04.960000,P,0.938,2.978981501655653e-05,12,0.0062931784466978,20210523T000000_12
AV.PS4A..BH,2021-05-23T03:56:36.560000,S,0.752,8.414457624894567e-06,7,0.0005516084118508,20210523T000000_7
AV.PS4A..BH,2021-05-23T05:40:23.340000,S,0.57,0.0001949636498466,13,0.0062931784466978,20210523T000000_13
AV.PV6A..SH,2021-05-23T00:08:55.440000,P,0.663,2.122257427572549e-07,2,0.0007982587450508,20210523T000000_2
AV.PV6A..SH,2021-05-23T01:23:06.740000,P,0.914,7.025336117294501e-07,4,0.0038948323364143,20210523T000000_4
AV.PV6A..SH,2021-05-23T02:13:40.320000,P,0.405,5.383697043725988e-07,6,0.0038948323364143,20210523T000000_6
AV.PV6A..SH,2021-05-23T03:56:26.440000,P,0.951,6.556802532031725e-07,7,0.0083431514473361,20210523T000000_7
AV.PV6A..SH,2021-05-23T05:40:07.960000,P,0.929,1.8387920135864988e-05,12,0.0038948323364143,20210523T000000_12
AV.PV6A..SH,2021-05-23T07:06:04.200000,P,0.419,2.820720226281992e-07,-1,-1.0,20210523T000000_-1
AV.PV6A..SH,2021-05-23T07:06:04.880000,P,0.315,5.95397636971029e-07,-1,-1.0,20210523T000000_-1
AV.PV6A..SH,2021-05-23T00:09:19.920000,S,0.429,3.398013745936624e-07,-1,-1.0,20210523T000000_-1
AV.PV6A..SH,2021-05-23T01:23:27.900000,S,0.785,6.805774432905309e-07,5,0.005860561834252,20210523T000000_5
AV.PV6A..SH,2021-05-23T03:56:42.580000,S,0.785,1.3416180308922776e-06,-1,-1.0,20210523T000000_-1
AV.PV6A..SH,2021-05-23T05:16:05.740000,S,0.63,2.735510236107075e-07,-1,-1.0,20210523T000000_-1
AV.PV6A..SH,2021-05-23T05:40:27.940000,S,0.918,5.755978418164887e-05,13,0.0038948323364143,20210523T000000_13
AV.PV6A..SH,2021-05-23T07:06:08.140000,S,0.363,5.95397636971029e-07,-1,-1.0,20210523T000000_-1
AV.PV6A..SH,2021-05-23T07:39:14.440000,S,0.518,3.055304205190623e-07,-1,-1.0,20210523T000000_-1
AV.PVV..SH,2021-05-23T00:08:52.440000,P,0.525,2.9600820994346577e-07,2,0.0009679163185485,20210523T000000_2
AV.PVV..SH,2021-05-23T01:23:03.600000,P,0.972,7.500401011384383e-07,4,0.0005758038602279,20210523T000000_4
AV.PVV..SH,2021-05-23T01:23:37.720000,P,0.841,3.478363055364753e-07,-1,-1.0,20210523T000000_-1
AV.PVV..SH,2021-05-23T02:13:39.400000,P,0.896,1.3541136922867736e-06,6,0.0005758038602279,20210523T000000_6
AV.PVV..SH,2021-05-23T03:56:23.220000,P,0.983,1.656369136071589e-06,-1,-1.0,20210523T000000_-1
AV.PVV..SH,2021-05-23T04:52:54.480000,P,0.422,2.54039576930154e-07,10,0.0102177136305719,20210523T000000_10
AV.PVV..SH,2021-05-23T05:15:50.780000,P,0.883,3.884890986682876e-07,11,0.0083431514473361,20210523T000000_11
AV.PVV..SH,2021-05-23T05:40:04.040000,P,0.758,1.0613215636112727e-05,12,0.0005758038602279,20210523T000000_12
AV.PVV..SH,2021-05-23T06:12:55.100000,P,0.806,2.665990166406118e-07,15,0.0009679163185485,20210523T000000_15
AV.PVV..SH,2021-05-23T07:38:58.220000,P,0.975,5.591032845586597e-07,16,0.0083431514473361,20210523T000000_16
AV.PVV..SH,2021-05-23T00:09:12.480000,S,0.371,2.792151008179644e-07,3,0.0102177136305719,20210523T000000_3
AV.PVV..SH,2021-05-23T01:23:22.600000,S,0.753,3.953688008095924e-07,5,0.0102177136305719,20210523T000000_5
AV.PVV..SH,2021-05-23T01:23:56.960000,S,0.394,2.524311355500686e-07,-1,-1.0,20210523T000000_-1
AV.PVV..SH,2021-05-23T03:56:36.720000,S,0.75,2.5077290501940297e-06,7,0.0016654868578171,20210523T000000_7
AV.PVV..SH,2021-05-23T05:16:00.020000,S,0.604,3.884890986682876e-07,11,0.0016654868578171,20210523T000000_11
AV.PVV..SH,2021-05-23T05:40:23.200000,S,0.607,3.105421274085529e-05,13,0.0005758038602279,20210523T000000_13
AV.PVV..SH,2021-05-23T06:13:08.720000,S,0.59,3.542567412750941e-07,14,0.0007982587450508,20210523T000000_14
AV.PVV..SH,2021-05-23T06:46:49.420000,S,0.57,1.8223825293262053e-07,-1,-1.0,20210523T000000_-1
AV.PVV..SH,2021-05-23T07:06:07.120000,S,0.471,1.9185847577318785e-07,-1,-1.0,20210523T000000_-1
AV.PVV..SH,2021-05-23T07:39:09.760000,S,0.754,3.50625469991428e-07,16,0.0016654868578171,20210523T000000_16
AV.S12K..BH,2021-05-23T01:23:09.360000,P,0.768,1.1371554364814074e-06,4,0.0005516084118508,20210523T000000_4
AV.S12K..BH,2021-05-23T03:56:29.240000,P,0.822,1.4550325886375504e-06,7,0.0055878939555531,20210523T000000_7
AV.S12K..BH,2021-05-23T05:16:11.320000,P,0.355,2.1230771380942315e-06,-1,-1.0,20210523T000000_-1
AV.S12K..BH,2021-05-23T05:40:10.380000,P,0.905,2.1769908926216885e-05,12,0.0005516084118508,20210523T000000_12
AV.S12K..BH,2021-05-23T00:09:23.080000,S,0.466,9.206976301356916e-07,3,0.0007982587450508,20210523T000000_3
AV.S12K..BH,2021-05-23T03:03:08.600000,S,0.38,1.1734988447642536e-06,-1,-1.0,20210523T000000_-1
AV.S12K..BH,2021-05-23T03:56:47.780000,S,0.615,6.274876341194613e-06,-1,-1.0,20210523T000000_-1
AV.S12K..BH,2021-05-23T04:29:40.520000,S,0.395,1.194382889480039e-06,9,0.0102177136305719,20210523T000000_9
AV.S12K..BH,2021-05-23T05:40:31.900000,S,0.673,6.328993913484737e-05,13,0.0005516084118508,20210523T000000_13
AV.DEER..BH,2021-05-23T09:19:27.880000,P,0.956,2.6967370558850234e-06,3,0.0265295331769484,20210523T080000_3
AV.DEER..BH,2021-05-23T10:15:27.400000,P,0.497,1.2149611166023533e-06,-1,-1.0,20210523T080000_-1
AV.DEER..BH,2021-05-23T12:28:56.100000,P,0.977,3.3419319152017124e-06,4,0.0265295331769484,20210523T080000_4
AV.DEER..BH,2021-05-23T09:19:39.080000,S,0.93,2.6967370558850234e-06,3,0.000343498208019,20210523T080000_3
AV.DEER..BH,2021-05-23T10:15:38.140000,S,0.744,1.0389046565251192e-06,-1,-1.0,20210523T080000_-1
AV.DEER..BH,2021-05-23T12:29:04.460000,S,0.893,3.3419319152017124e-06,4,0.000343498208019,20210523T080000_4
AV.DOL..BH,2021-05-23T08:00:00.020000,P,0.337,9.842042345553637e-07,-1,-1.0,20210523T080000_-1
AV.DOL..BH,2021-05-23T08:01:40.220000,P,0.853,1.3168415762265797e-06,1,0.0265295331769484,20210523T080000_1
AV.DOL..BH,2021-05-23T08:28:10.600000,P,0.469,1.378595584355935e-06,-1,-1.0,20210523T080000_-1
AV.DOL..BH,2021-05-23T09:19:28.220000,P,0.858,1.932026407303056e-06,-1,-1.0,20210523T080000_-1
AV.DOL..BH,2021-05-23T09:53:49.240000,P,0.465,9.699787142380956e-07,-1,-1.0,20210523T080000_-1
AV.DOL..BH,2021-05-23T12:28:57.340000,P,0.904,1.6203133554881788e-06,-1,-1.0,20210523T080000_-1
AV.DOL..BH,2021-05-23T12:48:05.320000,P,0.364,9.09895845779829e-07,-1,-1.0,20210523T080000_-1
AV.DOL..BH,2021-05-23T13:45:32.200000,P,0.421,1.1067710374845774e-06,-1,-1.0,20210523T080000_-1
AV.DOL..BH,2021-05-23T15:49:35.720000,P,0.715,1.4765840887775994e-06,5,0.0265295331769484,20210523T080000_5
AV.DOL..BH,2021-05-23T08:01:57.280000,S,0.823,1.8700551436268145e-06,2,0.0265295331769484,20210523T080000_2
AV.DOL..BH,2021-05-23T09:19:40.600000,S,0.569,2.2538436041941168e-06,-1,-1.0,20210523T080000_-1
AV.DOL..BH,2021-05-23T09:54:05.180000,S,0.615,1.6912460978346644e-06,-1,-1.0,20210523T080000_-1
AV.DOL..BH,2021-05-23T12:29:06.540000,S,0.898,1.6203133554881788e-06,-1,-1.0,20210523T080000_-1
AV.DOL..BH,2021-05-23T13:40:58.600000,S,0.367,1.311594928665727e-06,-1,-1.0,20210523T080000_-1
AV.DOL..BH,2021-05-23T15:49:54.300000,S,0.754,1.3495373423211277e-06,6,0.0265295331769484,20210523T080000_6
AV.DT1..BH,2021-05-23T09:19:29.140000,P,0.974,1.4937829746486386e-06,3,0.0096536633375933,20210523T080000_3
AV.DT1..BH,2021-05-23T12:28:57.520000,P,0.972,2.858611424016999e-06,4,0.0096536633375933,20210523T080000_4
AV.DT1..BH,2021-05-23T13:40:36.140000,P,0.401,1.1204821248611552e-06,-1,-1.0,20210523T080000_-1
AV.DT1..BH,2021-05-23T09:19:41.340000,S,0.869,1.615517248865217e-06,-1,-1.0,20210523T080000_-1
AV.DT1..BH,2021-05-23T12:29:06.680000,S,0.919,2.858611424016999e-06,4,0.0173174443577163,20210523T080000_4
AV.DT1..BH,2021-05-23T13:40:54.840000,S,0.607,1.4340234884002712e-06,-1,-1.0,20210523T080000_-1
AV.DT1..BH,2021-05-23T15:49:58.440000,S,0.328,9.939303708961231e-07,6,0.000343498208019,20210523T080000_6
AV.DTN..BH,2021-05-23T09:19:29.740000,P,0.952,2.916218363679945e-06,3,0.0173174443577163,20210523T080000_3
AV.DTN..BH,2021-05-23T12:28:58.220000,P,0.872,1.4837123671895824e-06,4,0.0002007866247333,20210523T080000_4
AV.DTN..BH,2021-05-23T13:40:37.100000,P,0.644,2.110099330820958e-06,-1,-1.0,20210523T080000_-1
AV.DTN..BH,2021-05-23T09:19:40.320000,S,0.45,2.916218363679945e-06,3,0.0002007866247333,20210523T080000_3
AV.HAG..SH,2021-05-23T08:01:43.640000,P,0.911,4.073326067555172e-07,1,0.000343498208019,20210523T080000_1
AV.HAG..SH,2021-05-23T09:19:31.480000,P,0.865,5.32040530742961e-07,3,0.0134120403942048,20210523T080000_3
AV.HAG..SH,2021-05-23T09:53:51.720000,P,0.507,1.9952042862314562e-07,-1,-1.0,20210523T080000_-1
AV.HAG..SH,2021-05-23T12:29:00.400000,P,0.972,8.739341410546331e-07,4,0.0134120403942048,20210523T080000_4
AV.HAG..SH,2021-05-23T13:40:41.740000,P,0.736,6.197115567374567e-07,-1,-1.0,20210523T080000_-1
AV.HAG..SH,2021-05-23T15:49:37.540000,P,0.913,3.2670297400727577e-07,5,0.000343498208019,20210523T080000_5
AV.HAG..SH,2021-05-23T08:02:01.160000,S,0.338,6.214892778189096e-07,2,0.000343498208019,20210523T080000_2
AV.HAG..SH,2021-05-23T09:19:46.360000,S,0.578,1.0094677236338612e-06,3,0.0010916170553496,20210523T080000_3
AV.HAG..SH,2021-05-23T09:54:10.000000,S,0.768,3.215458832528384e-07,-1,-1.0,20210523T080000_-1
AV.HAG..SH,2021-05-23T12:29:11.920000,S,0.672,1.0761498288047733e-06,4,0.0010916170553496,20210523T080000_4
AV.HAG..SH,2021-05-23T15:49:57.340000,S,0.858,5.562151841331797e-07,6,0.0096536633375933,20210523T080000_6
AV.PS1A..BH,2021-05-23T08:00:00.020000,P,0.371,2.4304654289153405e-06,-1,-1.0,20210523T080000_-1
AV.PS1A..BH,2021-05-23T09:19:33.320000,P,0.836,4.19804473494878e-06,3,0.0102013995497954,20210523T080000_3
AV.PS1A..BH,2021-05-23T09:19:48.460000,S,0.605,3.933297648472944e-06,3,0.0002990006260259,20210523T080000_3
AV.PS4A..BH,2021-05-23T09:19:47.120000,S,0.305,3.0883927593094995e-06,3,0.0033441379863943,20210523T080000_3
AV.PV6A..SH,2021-05-23T08:01:46.620000,P,0.525,4.1124422978100483e-07,1,0.0096536633375933,20210523T080000_1
AV.PV6A..SH,2021-05-23T09:19:35.300000,P,0.894,4.578201071581134e-07,3,0.0007939126615892,20210523T080000_3
AV.PV6A..SH,2021-05-23T11:04:59.400000,P,0.361,4.827442694477213e-07,-1,-1.0,20210523T080000_-1
AV.PV6A..SH,2021-05-23T15:22:42.460000,P,0.425,3.043178367079236e-07,-1,-1.0,20210523T080000_-1
AV.PV6A..SH,2021-05-23T15:49:40.300000,P,0.458,2.423275589080731e-07,5,0.0096536633375933,20210523T080000_5
AV.PV6A..SH,2021-05-23T08:02:06.380000,S,0.702,4.159012689797237e-07,2,0.0096536633375933,20210523T080000_2
AV.PV6A..SH,2021-05-23T09:19:51.420000,S,0.568,3.961513357353397e-07,-1,-1.0,20210523T080000_-1
AV.PV6A..SH,2021-05-23T09:54:14.120000,S,0.342,3.597156705836824e-07,-1,-1.0,20210523T080000_-1
AV.PV6A..SH,2021-05-23T15:50:00.620000,S,0.641,3.536935366810212e-07,6,0.0173174443577163,20210523T080000_6
AV.PVV..SH,2021-05-23T08:01:43.440000,P,0.691,3.332586118176551e-07,1,0.0173174443577163,20210523T080000_1
AV.PVV..SH,2021-05-23T09:19:31.700000,P,0.967,4.842261205340037e-07,-1,-1.0,20210523T080000_-1
AV.PVV..SH,2021-05-23T12:29:13.100000,P,0.326,4.689059380780236e-07,-1,-1.0,20210523T080000_-1
AV.PVV..SH,2021-05-23T14:40:25.200000,P,0.909,2.2135800747946638e-07,-1,-1.0,20210523T080000_-1
AV.PVV..SH,2021-05-23T15:49:37.000000,P,0.967,2.760966992809699e-07,5,0.0173174443577163,20210523T080000_5
AV.PVV..SH,2021-05-23T08:02:01.800000,S,0.319,2.507167948806455e-07,2,0.0173174443577163,20210523T080000_2
AV.PVV..SH,2021-05-23T09:19:46.640000,S,0.526,5.430460419120209e-07,3,0.0016852864333373,20210523T080000_3
AV.PVV..SH,2021-05-23T11:31:23.200000,S,0.317,1.781341154583061e-07,-1,-1.0,20210523T080000_-1
AV.PVV..SH,2021-05-23T12:29:13.440000,S,0.606,4.689059380780236e-07,4,0.0102013995497954,20210523T080000_4
AV.PVV..SH,2021-05-23T14:40:29.400000,S,0.317,1.608549240472712e-07,-1,-1.0,20210523T080000_-1
AV.PVV..SH,2021-05-23T15:49:56.060000,S,0.598,3.074627272781072e-07,6,0.0002007866247333,20210523T080000_6
AV.DEER..BH,2021-05-23T17:11:36.780000,P,0.629,1.380868980049854e-06,4,0.021444555832533,20210523T160000_4
AV.DEER..BH,2021-05-23T22:32:57.440000,P,0.444,1.681699131950154e-06,8,0.021444555832533,20210523T160000_8
AV.DEER..BH,2021-05-23T17:11:54.400000,S,0.688,2.0420143300725613e-06,5,0.021444555832533,20210523T160000_5
AV.DEER..BH,2021-05-23T22:33:02.300000,S,0.717,1.681699131950154e-06,8,0.0007980332033109,20210523T160000_8
AV.DOL..BH,2021-05-23T16:00:00.020000,P,0.369,1.1141504501210877e-06,1,0.021444555832533,20210523T160000_1
AV.DOL..BH,2021-05-23T16:10:56.300000,P,0.359,1.0650009016899276e-06,-1,-1.0,20210523T160000_-1
AV.DOL..BH,2021-05-23T16:37:55.260000,P,0.311,1.676060946920188e-06,3,0.021444555832533,20210523T160000_3
AV.DOL..BH,2021-05-23T17:02:27.000000,P,0.694,1.1956196885876125e-06,-1,-1.0,20210523T160000_-1
AV.DOL..BH,2021-05-23T17:11:34.180000,P,0.963,2.4402290819125483e-06,4,0.0007980332033109,20210523T160000_4
AV.DOL..BH,2021-05-23T18:05:56.140000,P,0.863,2.708676220208872e-06,6,0.021444555832533,20210523T160000_6
AV.DOL..BH,2021-05-23T19:39:25.100000,P,0.432,1.1538292028490105e-06,-1,-1.0,20210523T160000_-1
AV.DOL..BH,2021-05-23T20:27:17.480000,P,0.317,1.545953182358062e-06,-1,-1.0,20210523T160000_-1
AV.DOL..BH,2021-05-23T22:32:34.060000,P,0.843,1.7682214092928916e-06,7,0.021444555832533,20210523T160000_7
AV.DOL..BH,2021-05-23T22:32:53.400000,P,0.448,2.198002675868338e-06,8,0.0067155332769241,20210523T160000_8
AV.DOL..BH,2021-05-23T16:11:05.160000,S,0.492,1.0650009016899276e-06,-1,-1.0,20210523T160000_-1
AV.DOL..BH,2021-05-23T16:37:59.480000,S,0.32,1.676060946920188e-06,3,0.0007980332033109,20210523T160000_3
AV.DOL..BH,2021-05-23T17:11:50.980000,S,0.897,7.37747041057446e-06,5,0.0007980332033109,20210523T160000_5
AV.DOL..BH,2021-05-23T17:41:44.760000,S,0.642,1.2874736512458185e-06,-1,-1.0,20210523T160000_-1
AV.DOL..BH,2021-05-23T17:41:48.920000,S,0.308,1.7512212480141898e-06,-1,-1.0,20210523T160000_-1
AV.DOL..BH,2021-05-23T18:06:03.620000,S,0.901,2.708676220208872e-06,6,0.0007980332033109,20210523T160000_6
AV.DOL..BH,2021-05-23T18:40:43.540000,S,0.678,1.2979469374840846e-06,-1,-1.0,20210523T160000_-1
AV.DOL..BH,2021-05-23T21:58:48.680000,S,0.349,2.417476707705646e-06,-1,-1.0,20210523T160000_-1
AV.DOL..BH,2021-05-23T22:33:05.200000,S,0.415,2.1442722299980232e-06,-1,-1.0,20210523T160000_-1
AV.DT1..BH,2021-05-23T17:11:36.920000,P,0.752,2.405053692200454e-06,4,0.0067155332769241,20210523T160000_4
AV.DT1..BH,2021-05-23T16:38:00.800000,S,0.434,1.0453446748215356e-06,3,0.0067155332769241,20210523T160000_3
AV.DT1..BH,2021-05-23T17:11:55.700000,S,0.662,3.593768724385882e-06,5,0.0067155332769241,20210523T160000_5
AV.DT1..BH,2021-05-23T18:06:10.400000,S,0.439,1.5629448171239346e-06,6,0.0067155332769241,20210523T160000_6
AV.DTN..BH,2021-05-23T16:00:00.020000,P,0.416,1.2277026826268411e-06,1,0.0007980332033109,20210523T160000_1
AV.DTN..BH,2021-05-23T16:37:40.840000,P,0.502,2.3627521841262933e-06,-1,-1.0,20210523T160000_-1
AV.DTN..BH,2021-05-23T17:11:37.440000,P,0.441,2.579023430371308e-06,4,0.0009712720440246,20210523T160000_4
AV.DTN..BH,2021-05-23T18:05:59.920000,P,0.735,2.327950369362952e-06,6,0.0009712720440246,20210523T160000_6
AV.DTN..BH,2021-05-23T17:11:56.800000,S,0.631,4.560752586257877e-06,5,0.0009712720440246,20210523T160000_5
AV.DTN..BH,2021-05-23T18:06:10.400000,S,0.485,2.327950369362952e-06,6,0.0029528223578919,20210523T160000_6
AV.HAG..SH,2021-05-23T16:00:00.020000,P,0.624,1.9216690816392656e-07,1,0.0067155332769241,20210523T160000_1
AV.HAG..SH,2021-05-23T16:37:39.360000,P,0.614,2.4702748646632244e-07,-1,-1.0,20210523T160000_-1
AV.HAG..SH,2021-05-23T17:11:37.460000,P,0.969,2.861676421161974e-06,4,0.0029528223578919,20210523T160000_4
AV.HAG..SH,2021-05-23T17:41:28.920000,P,0.932,4.292749338219437e-07,-1,-1.0,20210523T160000_-1
AV.HAG..SH,2021-05-23T18:05:57.760000,P,0.508,7.996853241820645e-07,6,0.0005747187522331,20210523T160000_6
AV.HAG..SH,2021-05-23T22:32:36.520000,P,0.969,6.265775027713971e-07,7,0.0007980332033109,20210523T160000_7
AV.HAG..SH,2021-05-23T23:35:46.020000,P,0.805,1.0497163884792826e-06,9,0.021444555832533,20210523T160000_9
AV.HAG..SH,2021-05-23T16:13:35.520000,S,0.689,5.404022545008047e-07,2,0.021444555832533,20210523T160000_2
AV.HAG..SH,2021-05-23T16:37:59.260000,S,0.522,5.818654358336062e-07,3,0.0009712720440246,20210523T160000_3
AV.HAG..SH,2021-05-23T17:11:55.840000,S,0.712,3.4604038319230312e-06,5,0.0029528223578919,20210523T160000_5
AV.HAG..SH,2021-05-23T17:41:50.560000,S,0.707,4.631570504898264e-07,-1,-1.0,20210523T160000_-1
AV.HAG..SH,2021-05-23T18:06:06.380000,S,0.579,7.996853241820645e-07,6,0.0037256743692245,20210523T160000_6
AV.HAG..SH,2021-05-23T22:32:59.940000,S,0.643,8.566806855014875e-07,8,0.0009712720440246,20210523T160000_8
AV.HAG..SH,2021-05-23T23:35:50.320000,S,0.634,1.0497163884792826e-06,9,0.0007980332033109,20210523T160000_9
AV.HAG..SH,2021-05-23T23:50:55.160000,S,0.303,2.218077099769289e-07,-1,-1.0,20210523T160000_-1
AV.PS1A..BH,2021-05-23T16:13:34.440000,P,0.468,4.782365522260079e-06,-1,-1.0,20210523T160000_-1
AV.PS1A..BH,2021-05-23T17:11:37.340000,P,0.873,3.11043072542816e-06,4,0.0005747187522331,20210523T160000_4
AV.PS1A..BH,2021-05-23T23:35:45.500000,P,0.472,4.816472937818617e-06,9,0.0067155332769241,20210523T160000_9
AV.PS1A..BH,2021-05-23T17:11:55.260000,S,0.723,5.02583088746178e-06,5,0.0005747187522331,20210523T160000_5
AV.PS4A..BH,2021-05-23T17:11:37.180000,P,0.853,2.660590553205111e-06,4,0.0037256743692245,20210523T160000_4
AV.PS4A..BH,2021-05-23T18:05:57.020000,P,0.379,2.0809559373446973e-06,6,0.0002982523349295,20210523T160000_6
AV.PS4A..BH,2021-05-23T23:35:45.020000,P,0.792,8.458069714833982e-06,9,0.0009712720440246,20210523T160000_9
AV.PS4A..BH,2021-05-23T16:13:32.880000,S,0.544,3.978374479629565e-06,-1,-1.0,20210523T160000_-1
AV.PS4A..BH,2021-05-23T17:11:55.420000,S,0.532,6.274261068028864e-06,5,0.0037256743692245,20210523T160000_5
AV.PS4A..BH,2021-05-23T18:06:05.020000,S,0.35,2.0809559373446973e-06,6,0.0326063992086603,20210523T160000_6
AV.PV6A..SH,2021-05-23T16:00:00.020000,P,0.311,2.421032831989578e-07,1,0.0009712720440246,20210523T160000_1
AV.PV6A..SH,2021-05-23T16:13:31.820000,P,0.743,1.3828780538460703e-06,2,0.0007980332033109,20210523T160000_2
AV.PV6A..SH,2021-05-23T17:11:40.100000,P,0.956,1.218261331814574e-06,4,0.0002982523349295,20210523T160000_4
AV.PV6A..SH,2021-05-23T17:41:31.440000,P,0.396,3.098205638707441e-07,-1,-1.0,20210523T160000_-1
AV.PV6A..SH,2021-05-23T18:05:59.500000,P,0.79,5.397039899435185e-07,6,0.0225888239736803,20210523T160000_6
AV.PV6A..SH,2021-05-23T22:32:39.980000,P,0.386,3.4291633710381575e-07,7,0.0067155332769241,20210523T160000_7
AV.PV6A..SH,2021-05-23T22:43:24.920000,P,0.596,2.993343457546871e-07,-1,-1.0,20210523T160000_-1
AV.PV6A..SH,2021-05-23T23:35:46.440000,P,0.91,2.6754505597637035e-06,9,0.0029528223578919,20210523T160000_9
AV.PV6A..SH,2021-05-23T16:13:38.760000,S,0.45,1.3828780538460703e-06,2,0.0067155332769241,20210523T160000_2
AV.PV6A..SH,2021-05-23T16:38:02.880000,S,0.845,5.184827500670508e-07,3,0.0029528223578919,20210523T160000_3
AV.PV6A..SH,2021-05-23T17:12:00.020000,S,0.883,1.814012648537755e-06,5,0.0002982523349295,20210523T160000_5
AV.PV6A..SH,2021-05-23T18:06:09.580000,S,0.856,5.397039899435185e-07,6,6.34619672055826e-05,20210523T160000_6
AV.PV6A..SH,2021-05-23T22:33:03.360000,S,0.481,4.482457711674215e-07,-1,-1.0,20210523T160000_-1
AV.PV6A..SH,2021-05-23T23:35:52.400000,S,0.719,2.6754505597637035e-06,9,0.0005747187522331,20210523T160000_9
AV.PVV..SH,2021-05-23T16:13:30.460000,P,0.916,9.731750196806388e-07,2,0.0009712720440246,20210523T160000_2
AV.PVV..SH,2021-05-23T16:37:38.720000,P,0.341,1.768624429132615e-07,-1,-1.0,20210523T160000_-1
AV.PVV..SH,2021-05-23T17:11:36.600000,P,0.702,1.4239358279155567e-06,4,0.0326063992086603,20210523T160000_4
AV.PVV..SH,2021-05-23T17:41:28.300000,P,0.528,2.611726586110308e-07,-1,-1.0,20210523T160000_-1
AV.PVV..SH,2021-05-23T22:32:36.280000,P,0.707,3.2220057732956775e-07,7,0.0009712720440246,20210523T160000_7
AV.PVV..SH,2021-05-23T23:35:45.040000,P,0.804,1.3948815649200696e-06,9,0.0037256743692245,20210523T160000_9
AV.PVV..SH,2021-05-23T16:13:36.600000,S,0.337,9.731750196806388e-07,2,0.0029528223578919,20210523T160000_2
AV.PVV..SH,2021-05-23T16:37:58.080000,S,0.638,3.45563762493839e-07,-1,-1.0,20210523T160000_-1
AV.PVV..SH,2021-05-23T17:11:56.000000,S,0.697,1.514623363618739e-06,5,0.0326063992086603,20210523T160000_5
AV.PVV..SH,2021-05-23T18:06:03.960000,S,0.428,7.393012992906733e-07,6,4.4811808221082286e-05,20210523T160000_6
AV.PVV..SH,2021-05-23T19:23:13.800000,S,0.458,2.1868876842745522e-07,-1,-1.0,20210523T160000_-1
AV.PVV..SH,2021-05-23T22:32:42.980000,S,0.673,2.657886852830416e-07,7,0.0029528223578919,20210523T160000_7
AV.PVV..SH,2021-05-23T23:35:52.080000,S,0.747,1.3948815649200696e-06,9,0.0002982523349295,20210523T160000_9
AV.S12K..BH,2021-05-23T17:11:43.100000,P,0.715,2.4909124931582483e-06,4,0.0225888239736803,20210523T160000_4
AV.S12K..BH,2021-05-23T23:41:34.640000,P,0.51,3.0310588954307605e-06,-1,-1.0,20210523T160000_-1
AV.S12K..BH,2021-05-23T17:12:04.760000,S,0.398,3.207584313713596e-06,5,0.0225888239736803,20210523T160000_5
AV.S12K..BH,2021-05-23T17:16:43.840000,S,0.669,1.988414396691951e-06,-1,-1.0,20210523T160000_-1
AV.S12K..BH,2021-05-23T20:54:39.000000,S,0.351,2.291672217324958e-06,-1,-1.0,20210523T160000_-1
AV.S12K..BH,2021-05-23T21:35:32.360000,S,0.377,2.046306690317578e-06,-1,-1.0,20210523T160000_-1
AV.DEER..BH,2021-05-24T03:40:21.640000,P,0.537,5.508090453076875e-06,1,0.009096110588869,20210524T000000_1
AV.DEER..BH,2021-05-24T03:40:32.100000,S,0.916,5.508090453076875e-06,2,0.009096110588869,20210524T000000_2
AV.DEER..BH,2021-05-24T04:12:01.560000,S,0.308,2.335337285330752e-06,3,0.009096110588869,20210524T000000_3
AV.DOL..BH,2021-05-24T03:40:32.380000,P,0.735,2.955354602818261e-06,2,0.0282749985567768,20210524T000000_2
AV.DOL..BH,2021-05-24T04:11:59.800000,P,0.917,3.55640918314748e-06,3,0.0282749985567768,20210524T000000_3
AV.DOL..BH,2021-05-24T03:40:34.680000,S,0.392,2.955354602818261e-06,2,0.0025753079708666,20210524T000000_2
AV.DOL..BH,2021-05-24T04:12:10.860000,S,0.723,3.55640918314748e-06,3,0.0025753079708666,20210524T000000_3
AV.DT1..BH,2021-05-24T03:40:34.520000,S,0.925,2.434388534311438e-06,2,0.0199687152094523,20210524T000000_2
AV.DT1..BH,2021-05-24T04:12:04.760000,S,0.537,2.021705995502998e-06,3,0.0199687152094523,20210524T000000_3
AV.DTN..BH,2021-05-24T03:40:23.100000,P,0.495,2.0384225081215845e-06,1,0.0282749985567768,20210524T000000_1
AV.DTN..BH,2021-05-24T03:40:35.580000,S,0.718,2.0453169327083742e-06,2,0.0059710118928155,20210524T000000_2
AV.HAG..SH,2021-05-24T02:12:09.180000,P,0.704,2.696043281957828e-07,-1,-1.0,20210524T000000_-1
AV.HAG..SH,2021-05-24T03:40:25.080000,P,0.811,4.579700600970682e-07,1,0.0025753079708666,20210524T000000_1
AV.HAG..SH,2021-05-24T04:12:02.040000,P,0.985,1.241452537215082e-06,3,0.0059710118928155,20210524T000000_3
AV.HAG..SH,2021-05-24T02:12:22.440000,S,0.668,4.702934006672877e-07,-1,-1.0,20210524T000000_-1
AV.HAG..SH,2021-05-24T03:40:40.080000,S,0.636,1.1959407402173383e-06,2,0.0127047156776375,20210524T000000_2
AV.HAG..SH,2021-05-24T04:12:15.680000,S,0.633,1.282948119296634e-06,-1,-1.0,20210524T000000_-1
AV.PS1A..BH,2021-05-24T00:00:00.020000,P,0.342,2.8960944291611668e-06,-1,-1.0,20210524T000000_-1
AV.PS4A..BH,2021-05-24T04:16:03.960000,P,0.598,2.82400560536189e-06,-1,-1.0,20210524T000000_-1
AV.PV6A..SH,2021-05-24T00:21:17.760000,P,0.481,3.4026768958028697e-07,-1,-1.0,20210524T000000_-1
AV.PV6A..SH,2021-05-24T02:56:14.800000,P,0.436,4.381342364467855e-07,-1,-1.0,20210524T000000_-1
AV.PV6A..SH,2021-05-24T06:58:52.440000,P,0.858,3.4824456633941736e-06,-1,-1.0,20210524T000000_-1
AV.PV6A..SH,2021-05-24T03:19:57.760000,S,0.303,2.769178308881237e-07,-1,-1.0,20210524T000000_-1
AV.PV6A..SH,2021-05-24T04:40:33.400000,S,0.492,3.1216714546644653e-07,-1,-1.0,20210524T000000_-1
AV.PV6A..SH,2021-05-24T06:58:32.520000,S,0.318,9.436903383175376e-07,-1,-1.0,20210524T000000_-1
AV.PV6A..SH,2021-05-24T06:58:37.720000,S,0.406,2.5666761303000385e-06,-1,-1.0,20210524T000000_-1
AV.PV6A..SH,2021-05-24T06:58:53.760000,S,0.576,3.4824456633941736e-06,-1,-1.0,20210524T000000_-1
AV.PVV..SH,2021-05-24T03:40:25.960000,P,0.579,2.7489139142744534e-07,1,0.0199687152094523,20210524T000000_1
AV.PVV..SH,2021-05-24T04:12:03.500000,P,0.328,1.7103053551181804e-07,3,0.0127047156776375,20210524T000000_3
AV.PVV..SH,2021-05-24T03:40:40.160000,S,0.679,5.318288458511233e-07,1,0.0059710118928155,20210524T000000_1
AV.S12K..BH,2021-05-24T05:12:19.980000,P,0.372,2.8393149023031583e-06,-1,-1.0,20210524T000000_-1
AV.S12K..BH,2021-05-24T05:12:28.640000,S,0.33,2.8440756523195887e-06,-1,-1.0,20210524T000000_-1
AV.DEER..BH,2021-05-24T10:29:55.520000,P,0.656,2.0738161765621044e-06,-1,-1.0,20210524T080000_-1
AV.DEER..BH,2021-05-24T12:24:14.380000,P,0.384,2.614691538838088e-06,3,0.0032575914592199,20210524T080000_3
AV.DEER..BH,2021-05-24T10:30:09.860000,S,0.781,3.8099381072242977e-06,2,0.0032575914592199,20210524T080000_2
AV.DOL..BH,2021-05-24T10:30:00.720000,P,0.439,2.0786048935406143e-06,1,0.0032575914592199,20210524T080000_1
AV.DOL..BH,2021-05-24T14:34:02.200000,P,0.38,3.5011507861781865e-06,5,0.0032575914592199,20210524T080000_5
AV.DOL..BH,2021-05-24T09:30:04.480000,S,0.306,2.1383020794019103e-06,-1,-1.0,20210524T080000_-1
AV.DOL..BH,2021-05-24T10:30:18.560000,S,0.683,5.294917173159774e-06,2,0.0002981136672317,20210524T080000_2
AV.DOL..BH,2021-05-24T14:34:10.920000,S,0.372,3.5011507861781865e-06,5,0.0002981136672317,20210524T080000_5
AV.DT1..BH,2021-05-24T10:29:58.460000,P,0.894,2.7263895390206017e-06,1,0.0002981136672317,20210524T080000_1
AV.DT1..BH,2021-05-24T10:30:13.520000,S,0.851,3.582793169698561e-06,2,0.0035682084111547,20210524T080000_2
AV.DT1..BH,2021-05-24T12:21:40.640000,S,0.548,1.7809934433898889e-06,-1,-1.0,20210524T080000_-1
AV.DT1..BH,2021-05-24T12:24:24.300000,S,0.738,2.86398289972567e-06,3,0.0002981136672317,20210524T080000_3
AV.DT1..BH,2021-05-24T14:34:16.640000,S,0.473,1.8548591924627544e-06,5,0.0035682084111547,20210524T080000_5
AV.DTN..BH,2021-05-24T10:29:58.380000,P,0.846,3.698466571222525e-06,1,0.0035682084111547,20210524T080000_1
AV.DTN..BH,2021-05-24T12:24:17.340000,P,0.514,4.252228791301604e-06,3,0.0035682084111547,20210524T080000_3
AV.DTN..BH,2021-05-24T14:33:56.780000,P,0.422,2.7912847144762054e-06,4,0.0032575914592199,20210524T080000_4
AV.DTN..BH,2021-05-24T10:30:15.000000,S,0.59,4.345404704508837e-06,2,0.0034754110720494,20210524T080000_2
AV.DTN..BH,2021-05-24T12:24:25.960000,S,0.394,2.8899419248773484e-06,3,0.0034754110720494,20210524T080000_3
AV.DTN..BH,2021-05-24T14:34:17.440000,S,0.321,4.417093805386685e-06,5,0.0034754110720494,20210524T080000_5
AV.HAG..SH,2021-05-24T10:30:02.680000,P,0.804,1.6173102039829246e-06,1,0.0034754110720494,20210524T080000_1
AV.HAG..SH,2021-05-24T12:21:38.140000,P,0.546,3.341739613915707e-07,-1,-1.0,20210524T080000_-1
AV.HAG..SH,2021-05-24T12:21:49.940000,P,0.324,6.206561806720856e-07,-1,-1.0,20210524T080000_-1
AV.HAG..SH,2021-05-24T12:24:21.700000,P,0.897,6.622942123613029e-07,3,0.0004636106400008,20210524T080000_3
AV.HAG..SH,2021-05-24T12:24:33.080000,P,0.441,7.186573043327371e-07,-1,-1.0,20210524T080000_-1
AV.HAG..SH,2021-05-24T14:33:55.220000,P,0.935,1.052372795129486e-06,4,0.0002981136672317,20210524T080000_4
AV.HAG..SH,2021-05-24T10:30:23.500000,S,0.746,1.9212930055800825e-06,2,0.0004636106400008,20210524T080000_2
AV.HAG..SH,2021-05-24T12:21:50.020000,S,0.397,6.206561806720856e-07,-1,-1.0,20210524T080000_-1
AV.HAG..SH,2021-05-24T12:24:34.440000,S,0.548,7.186573043327371e-07,-1,-1.0,20210524T080000_-1
AV.HAG..SH,2021-05-24T14:34:14.840000,S,0.314,5.461666887640604e-07,5,0.0004636106400008,20210524T080000_5
AV.HAG..SH,2021-05-24T14:34:15.520000,S,0.507,1.0887206371990032e-06,-1,-1.0,20210524T080000_-1
AV.PS1A..BH,2021-05-24T08:00:00.020000,P,0.443,2.55604481935734e-06,-1,-1.0,20210524T080000_-1
AV.PS1A..BH,2021-05-24T14:33:54.860000,P,0.402,4.031736352771986e-06,4,0.0035682084111547,20210524T080000_4
AV.PS4A..BH,2021-05-24T10:30:05.120000,P,0.548,3.937490873795468e-06,1,0.0004636106400008,20210524T080000_1
AV.PV6A..SH,2021-05-24T08:02:46.360000,P,0.949,1.441185872863571e-06,-1,-1.0,20210524T080000_-1
AV.PV6A..SH,2021-05-24T08:08:29.880000,P,0.407,5.280987238620583e-07,-1,-1.0,20210524T080000_-1
AV.PV6A..SH,2021-05-24T08:18:19.900000,P,0.544,7.460291726602009e-07,-1,-1.0,20210524T080000_-1
AV.PV6A..SH,2021-05-24T08:48:14.140000,P,0.438,4.937913331559685e-07,-1,-1.0,20210524T080000_-1
AV.PV6A..SH,2021-05-24T08:55:59.760000,P,0.335,8.662801747050253e-07,-1,-1.0,20210524T080000_-1
AV.PV6A..SH,2021-05-24T10:23:18.460000,P,0.768,1.2458605169740622e-06,-1,-1.0,20210524T080000_-1
AV.PV6A..SH,2021-05-24T10:29:45.580000,P,0.548,1.5543391782557592e-06,-1,-1.0,20210524T080000_-1
AV.PV6A..SH,2021-05-24T10:32:57.680000,P,0.896,1.192792296933476e-05,-1,-1.0,20210524T080000_-1
AV.PV6A..SH,2021-05-24T10:39:54.720000,P,0.632,6.623399258387508e-06,-1,-1.0,20210524T080000_-1
AV.PV6A..SH,2021-05-24T10:42:13.720000,P,0.688,3.008347630384378e-05,-1,-1.0,20210524T080000_-1
AV.PV6A..SH,2021-05-24T11:05:54.780000,P,0.941,1.7349619838569197e-06,-1,-1.0,20210524T080000_-1
AV.PV6A..SH,2021-05-24T11:17:56.040000,P,0.431,1.0101483667313005e-06,-1,-1.0,20210524T080000_-1
AV.PV6A..SH,2021-05-24T11:39:33.360000,P,0.659,9.206016216012358e-07,-1,-1.0,20210524T080000_-1
AV.PV6A..SH,2021-05-24T11:39:44.220000,P,0.303,8.782823215369717e-07,-1,-1.0,20210524T080000_-1
AV.PV6A..SH,2021-05-24T11:46:41.840000,P,0.413,1.3127003057888942e-06,-1,-1.0,20210524T080000_-1
AV.PV6A..SH,2021-05-24T11:48:28.120000,P,0.416,9.67651203609421e-07,-1,-1.0,20210524T080000_-1
AV.PV6A..SH,2021-05-24T11:59:45.100000,P,0.531,1.64046809913998e-06,-1,-1.0,20210524T080000_-1
AV.PV6A..SH,2021-05-24T12:05:37.240000,P,0.786,8.722473125999386e-07,-1,-1.0,20210524T080000_-1
AV.PV6A..SH,2021-05-24T12:08:59.260000,P,0.701,7.549514862148499e-07,-1,-1.0,20210524T080000_-1
AV.PV6A..SH,2021-05-24T13:01:02.040000,P,0.861,6.325953449959343e-07,-1,-1.0,20210524T080000_-1
AV.PV6A..SH,2021-05-24T13:03:50.120000,P,0.903,7.530594530180679e-07,-1,-1.0,20210524T080000_-1
AV.PV6A..SH,2021-05-24T13:04:18.220000,P,0.328,1.6792569113022182e-06,-1,-1.0,20210524T080000_-1
AV.PV6A..SH,2021-05-24T13:18:07.440000,P,0.407,2.465610577928601e-06,-1,-1.0,20210524T080000_-1
AV.PV6A..SH,2021-05-24T13:19:13.040000,P,0.393,4.606369827797608e-07,-1,-1.0,20210524T080000_-1
AV.PV6A..SH,2021-05-24T13:19:26.840000,P,0.829,1.5064529179653618e-06,-1,-1.0,20210524T080000_-1
AV.PV6A..SH,2021-05-24T13:20:17.080000,P,0.843,4.988569344277494e-07,-1,-1.0,20210524T080000_-1
AV.PV6A..SH,2021-05-24T13:20:48.520000,P,0.386,1.033733383337676e-06,-1,-1.0,20210524T080000_-1
AV.PV6A..SH,2021-05-24T13:22:20.560000,P,0.492,1.9695983155543217e-06,-1,-1.0,20210524T080000_-1
AV.PV6A..SH,2021-05-24T13:24:59.280000,P,0.494,7.803091079949809e-07,-1,-1.0,20210524T080000_-1
AV.PV6A..SH,2021-05-24T13:36:20.120000,P,0.642,9.792330502023106e-07,-1,-1.0,20210524T080000_-1
AV.PV6A..SH,2021-05-24T13:54:31.360000,P,0.692,8.28721056223003e-07,-1,-1.0,20210524T080000_-1
AV.PV6A..SH,2021-05-24T14:41:12.720000,P,0.301,1.1213244306418346e-06,-1,-1.0,20210524T080000_-1
AV.PV6A..SH,2021-05-24T08:02:50.380000,S,0.467,1.441185872863571e-06,-1,-1.0,20210524T080000_-1
AV.PV6A..SH,2021-05-24T08:10:03.240000,S,0.856,1.815478208300192e-05,-1,-1.0,20210524T080000_-1
AV.PV6A..SH,2021-05-24T08:10:57.760000,S,0.35,7.466916827070236e-07,-1,-1.0,20210524T080000_-1
AV.PV6A..SH,2021-05-24T08:18:25.960000,S,0.319,5.721543629988446e-07,-1,-1.0,20210524T080000_-1
AV.PV6A..SH,2021-05-24T08:21:18.160000,S,0.432,8.993467304208025e-07,-1,-1.0,20210524T080000_-1
AV.PV6A..SH,2021-05-24T10:21:39.560000,S,0.413,4.527239809704042e-07,-1,-1.0,20210524T080000_-1
AV.PV6A..SH,2021-05-24T10:23:22.880000,S,0.769,1.2458605169740622e-06,-1,-1.0,20210524T080000_-1
AV.PV6A..SH,2021-05-24T10:28:37.200000,S,0.321,2.5667281079222448e-05,-1,-1.0,20210524T080000_-1
AV.PV6A..SH,2021-05-24T10:29:50.660000,S,0.674,1.5543391782557592e-06,-1,-1.0,20210524T080000_-1
AV.PV6A..SH,2021-05-24T10:33:01.880000,S,0.897,1.192792296933476e-05,-1,-1.0,20210524T080000_-1
AV.PV6A..SH,2021-05-24T10:39:59.920000,S,0.815,6.623399258387508e-06,-1,-1.0,20210524T080000_-1
AV.PV6A..SH,2021-05-24T10:42:21.000000,S,0.755,3.008347630384378e-05,-1,-1.0,20210524T080000_-1
AV.PV6A..SH,2021-05-24T11:06:01.980000,S,0.323,1.7349619838569197e-06,-1,-1.0,20210524T080000_-1
AV.PV6A..SH,2021-05-24T11:31:48.480000,S,0.616,1.7246076140509103e-06,-1,-1.0,20210524T080000_-1
AV.PV6A..SH,2021-05-24T11:35:49.560000,S,0.381,2.0650384158216184e-06,-1,-1.0,20210524T080000_-1
AV.PV6A..SH,2021-05-24T11:39:37.720000,S,0.545,8.782823215369717e-07,-1,-1.0,20210524T080000_-1
AV.PV6A..SH,2021-05-24T11:39:48.220000,S,0.587,7.285161132131179e-07,-1,-1.0,20210524T080000_-1
AV.PV6A..SH,2021-05-24T11:46:04.680000,S,0.355,1.8169191662309456e-06,-1,-1.0,20210524T080000_-1
AV.PV6A..SH,2021-05-24T11:50:40.380000,S,0.694,5.620385650217941e-07,-1,-1.0,20210524T080000_-1
AV.PV6A..SH,2021-05-24T11:59:59.480000,S,0.339,8.068604074651375e-06,-1,-1.0,20210524T080000_-1
AV.PV6A..SH,2021-05-24T12:05:41.900000,S,0.383,8.279187113657827e-07,-1,-1.0,20210524T080000_-1
AV.PV6A..SH,2021-05-24T12:09:06.960000,S,0.735,7.549514862148499e-07,-1,-1.0,20210524T080000_-1
AV.PV6A..SH,2021-05-24T12:39:47.120000,S,0.461,1.2245507605257444e-05,-1,-1.0,20210524T080000_-1
AV.PV6A..SH,2021-05-24T13:03:53.720000,S,0.357,6.648954240517924e-07,-1,-1.0,20210524T080000_-1
AV.PV6A..SH,2021-05-24T13:04:27.320000,S,0.336,1.05049093690468e-06,-1,-1.0,20210524T080000_-1
AV.PV6A..SH,2021-05-24T13:04:28.880000,S,0.369,1.6792569113022182e-06,-1,-1.0,20210524T080000_-1
AV.PV6A..SH,2021-05-24T13:19:32.960000,S,0.619,1.5064529179653618e-06,-1,-1.0,20210524T080000_-1
AV.PV6A..SH,2021-05-24T13:20:29.880000,S,0.322,9.121544621848444e-07,-1,-1.0,20210524T080000_-1
AV.PV6A..SH,2021-05-24T13:22:24.320000,S,0.607,1.9695983155543217e-06,-1,-1.0,20210524T080000_-1
AV.PV6A..SH,2021-05-24T13:23:15.240000,S,0.363,7.558709853583423e-07,-1,-1.0,20210524T080000_-1
AV.PV6A..SH,2021-05-24T13:54:11.440000,S,0.347,9.72039629232313e-07,-1,-1.0,20210524T080000_-1
AV.PV6A..SH,2021-05-24T15:10:52.040000,S,0.35,8.342055366483692e-07,-1,-1.0,20210524T080000_-1
AV.PVV..SH,2021-05-24T10:30:06.480000,P,0.317,3.009839133483183e-07,1,0.0001593852632283,20210524T080000_1
AV.PVV..SH,2021-05-24T14:33:54.380000,P,0.924,4.84023871649697e-07,4,0.0034754110720494,20210524T080000_4
AV.PVV..SH,2021-05-24T14:33:59.420000,S,0.568,2.715195250857505e-07,4,0.0004636106400008,20210524T080000_4
AV.PVV..SH,2021-05-24T14:34:13.280000,S,0.612,4.4513723196359933e-07,5,0.0001593852632283,20210524T080000_5
AV.S12K..BH,2021-05-24T11:15:12.920000,S,0.562,2.552321802795632e-06,-1,-1.0,20210524T080000_-1
AV.S12K..BH,2021-05-24T11:16:42.080000,S,0.394,3.176311565766809e-06,-1,-1.0,20210524T080000_-1
AV.S12K..BH,2021-05-24T13:50:34.520000,S,0.345,3.494998509268044e-06,-1,-1.0,20210524T080000_-1
AV.DEER..BH,2021-05-24T21:20:28.820000,S,0.653,2.534871100579039e-06,1,0.0477026671490446,20210524T160000_1
AV.DOL..BH,2021-05-24T21:20:12.320000,P,0.447,6.016038696543546e-06,1,0.0306425497738156,20210524T160000_1
AV.DOL..BH,2021-05-24T21:00:19.040000,S,0.498,2.10924599741702e-06,-1,-1.0,20210524T160000_-1
AV.DOL..BH,2021-05-24T21:20:23.540000,S,0.823,6.694649982819101e-06,1,0.0003725890525272,20210524T160000_1
AV.DT1..BH,2021-05-24T21:20:14.920000,P,0.937,2.112895117534208e-06,1,0.0613350874037238,20210524T160000_1
AV.DT1..BH,2021-05-24T21:20:29.200000,S,0.896,4.435380560607882e-06,1,0.0521976316125764,20210524T160000_1
AV.DTN..BH,2021-05-24T16:00:00.020000,P,0.313,2.30400792133878e-06,-1,-1.0,20210524T160000_-1
AV.DTN..BH,2021-05-24T18:41:10.440000,P,0.555,3.871004082611762e-06,-1,-1.0,20210524T160000_-1
AV.DTN..BH,2021-05-24T21:20:15.160000,P,0.93,3.6308101698523375e-06,1,0.0471947948173356,20210524T160000_1
AV.DTN..BH,2021-05-24T18:41:20.380000,S,0.695,5.69830490348977e-06,-1,-1.0,20210524T160000_-1
AV.DTN..BH,2021-05-24T21:20:29.520000,S,0.738,5.063647677161498e-06,1,0.0014376741792254,20210524T160000_1
AV.HAG..SH,2021-05-24T17:55:50.440000,P,0.633,6.466993909270968e-07,-1,-1.0,20210524T160000_-1
AV.HAG..SH,2021-05-24T21:20:13.660000,P,0.632,1.5318973964895122e-06,1,0.0010914152256794,20210524T160000_1
AV.PS1A..BH,2021-05-24T16:00:00.020000,P,0.394,3.0584792511945125e-06,-1,-1.0,20210524T160000_-1
AV.PS1A..BH,2021-05-24T21:20:13.480000,P,0.798,5.1949559747299645e-06,1,0.0633630093192014,20210524T160000_1
AV.PS1A..BH,2021-05-24T21:20:26.840000,S,0.787,5.105014224682236e-06,1,0.0009490788609159,20210524T160000_1
AV.PS4A..BH,2021-05-24T21:20:13.200000,P,0.515,3.054763510590419e-06,1,0.0244121690433721,20210524T160000_1
AV.PS4A..BH,2021-05-24T21:20:26.380000,S,0.763,5.038278231950244e-06,1,0.0005864215878173,20210524T160000_1
AV.PV6A..SH,2021-05-24T18:37:01.800000,P,0.376,3.931168919280026e-07,-1,-1.0,20210524T160000_-1
AV.PV6A..SH,2021-05-24T22:09:29.600000,P,0.641,1.0613132417347515e-06,-1,-1.0,20210524T160000_-1
AV.PV6A..SH,2021-05-24T22:35:31.600000,P,0.325,4.475654122870765e-07,-1,-1.0,20210524T160000_-1
AV.PV6A..SH,2021-05-24T22:53:33.040000,P,0.303,9.701649332782836e-07,-1,-1.0,20210524T160000_-1
AV.PV6A..SH,2021-05-24T22:56:26.880000,P,0.394,2.166374315493158e-06,-1,-1.0,20210524T160000_-1
AV.PV6A..SH,2021-05-24T22:56:43.000000,P,0.397,2.030337100222823e-06,-1,-1.0,20210524T160000_-1
AV.PV6A..SH,2021-05-24T23:08:22.560000,P,0.518,8.305238452521735e-07,-1,-1.0,20210524T160000_-1
AV.PV6A..SH,2021-05-24T23:54:48.560000,P,0.356,1.0731881729952877e-06,-1,-1.0,20210524T160000_-1
AV.PV6A..SH,2021-05-24T23:55:25.360000,P,0.425,7.027220476629736e-07,-1,-1.0,20210524T160000_-1
AV.PV6A..SH,2021-05-24T16:51:56.600000,S,0.335,5.151579784978821e-07,-1,-1.0,20210524T160000_-1
AV.PV6A..SH,2021-05-24T21:20:31.360000,S,0.512,2.2820752292318502e-06,1,0.0345996192677337,20210524T160000_1
AV.PV6A..SH,2021-05-24T22:09:35.600000,S,0.656,1.0613132417347515e-06,-1,-1.0,20210524T160000_-1
AV.PV6A..SH,2021-05-24T22:43:43.200000,S,0.453,6.4213156747428e-07,-1,-1.0,20210524T160000_-1
AV.PV6A..SH,2021-05-24T22:53:38.560000,S,0.591,9.701649332782836e-07,-1,-1.0,20210524T160000_-1
AV.PV6A..SH,2021-05-24T22:54:37.960000,S,0.357,1.035446530295303e-06,-1,-1.0,20210524T160000_-1
AV.PV6A..SH,2021-05-24T22:56:32.880000,S,0.725,2.166374315493158e-06,-1,-1.0,20210524T160000_-1
AV.PV6A..SH,2021-05-24T23:54:52.760000,S,0.458,1.0731881729952877e-06,-1,-1.0,20210524T160000_-1
AV.PVV..SH,2021-05-24T21:20:12.980000,P,0.934,8.85618362644891e-07,1,0.001809723817846,20210524T160000_1
AV.PVV..SH,2021-05-24T21:20:25.880000,S,0.483,9.556994200465851e-07,1,0.0364979320367795,20210524T160000_1
AV.S12K..BH,2021-05-24T19:06:07.420000,P,0.542,2.7496839720697608e-06,-1,-1.0,20210524T160000_-1
AV.S12K..BH,2021-05-24T17:52:31.240000,S,0.366,3.2064215247373795e-06,-1,-1.0,20210524T160000_-1
AV.S12K..BH,2021-05-24T18:27:53.480000,S,0.499,3.2342711620003683e-06,-1,-1.0,20210524T160000_-1
AV.S12K..BH,2021-05-24T19:24:32.160000,S,0.435,3.42933640240517e-06,-1,-1.0,20210524T160000_-1
AV.DEER..BH,2021-05-25T06:58:10.420000,P,0.929,4.231978437019279e-06,1,0.0031505845438947,20210525T000000_1
AV.DEER..BH,2021-05-25T07:29:40.520000,P,0.41,2.076752934954129e-06,-1,-1.0,20210525T000000_-1
AV.DEER..BH,2021-05-25T06:35:15.400000,S,0.34,2.019596422542236e-06,-1,-1.0,20210525T000000_-1
AV.DEER..BH,2021-05-25T06:58:31.780000,S,0.716,1.0284638847224414e-05,-1,-1.0,20210525T000000_-1
AV.DOL..BH,2021-05-25T06:58:15.740000,P,0.902,8.823764801491052e-06,1,3.828286688363671e-06,20210525T000000_1
AV.DOL..BH,2021-05-25T06:58:40.720000,S,0.466,2.7426003725850023e-05,-1,-1.0,20210525T000000_-1
AV.DOL..BH,2021-05-25T07:29:36.600000,S,0.318,4.593080120685045e-06,3,0.0031505845438947,20210525T000000_3
AV.DT1..BH,2021-05-25T06:58:12.260000,P,0.964,9.628933185013013e-06,1,0.0002001542983451,20210525T000000_1
AV.DT1..BH,2021-05-25T07:29:20.960000,P,0.385,1.4315676253318088e-06,-1,-1.0,20210525T000000_-1
AV.DT1..BH,2021-05-25T06:58:35.640000,S,0.648,1.3014790056331549e-05,-1,-1.0,20210525T000000_-1
AV.DT1..BH,2021-05-25T07:29:41.660000,S,0.843,2.1473820197570603e-06,3,3.828286688363671e-06,20210525T000000_3
AV.DTN..BH,2021-05-25T00:00:00.020000,P,0.504,3.401496996957576e-06,-1,-1.0,20210525T000000_-1
AV.DTN..BH,2021-05-25T06:58:12.840000,P,0.71,1.061562852555653e-05,1,0.00044192324833,20210525T000000_1
AV.DTN..BH,2021-05-25T07:29:21.320000,P,0.802,2.012777258642018e-06,-1,-1.0,20210525T000000_-1
AV.DTN..BH,2021-05-25T06:58:37.500000,S,0.685,1.8635517335496843e-05,-1,-1.0,20210525T000000_-1
AV.DTN..BH,2021-05-25T07:29:42.400000,S,0.486,2.4656258119648555e-06,3,0.0002001542983451,20210525T000000_3
AV.HAG..SH,2021-05-25T00:00:00.020000,P,0.672,4.934506705467356e-07,-1,-1.0,20210525T000000_-1
AV.HAG..SH,2021-05-25T06:58:18.260000,P,0.885,9.684103133622555e-06,1,0.0292355796729467,20210525T000000_1
AV.HAG..SH,2021-05-25T07:29:20.540000,P,0.877,1.0433661827846663e-06,3,0.00044192324833,20210525T000000_3
AV.HAG..SH,2021-05-25T06:58:47.420000,S,0.524,9.492916433373466e-06,2,0.0031505845438947,20210525T000000_2
AV.PS1A..BH,2021-05-25T06:58:19.560000,P,0.649,5.463094112201361e-06,1,0.0011265540256703,20210525T000000_1
AV.PS1A..BH,2021-05-25T06:58:50.660000,S,0.62,1.5077106581884436e-05,2,3.828286688363671e-06,20210525T000000_2
AV.PS4A..BH,2021-05-25T06:58:18.040000,P,0.708,7.231206836877391e-06,1,0.0002995274939519,20210525T000000_1
AV.PS4A..BH,2021-05-25T06:58:47.600000,S,0.396,1.427717234037118e-05,2,0.0002001542983451,20210525T000000_2
AV.PV6A..SH,2021-05-25T00:36:41.260000,P,0.352,5.100731641505263e-07,-1,-1.0,20210525T000000_-1
AV.PV6A..SH,2021-05-25T00:52:58.960000,P,0.508,7.650847919649095e-07,-1,-1.0,20210525T000000_-1
AV.PV6A..SH,2021-05-25T01:43:02.060000,P,0.468,3.696804924402386e-07,-1,-1.0,20210525T000000_-1
AV.PV6A..SH,2021-05-25T03:10:19.240000,P,0.839,5.248139700597676e-07,-1,-1.0,20210525T000000_-1
AV.PV6A..SH,2021-05-25T03:14:28.860000,P,0.835,6.211367349351349e-07,-1,-1.0,20210525T000000_-1
AV.PV6A..SH,2021-05-25T04:24:21.880000,P,0.596,5.460022407532961e-07,-1,-1.0,20210525T000000_-1
AV.PV6A..SH,2021-05-25T04:38:18.620000,P,0.375,5.130474960424181e-07,-1,-1.0,20210525T000000_-1
AV.PV6A..SH,2021-05-25T06:58:20.460000,P,0.612,2.208766318290145e-06,1,0.0263069979276677,20210525T000000_1
AV.PV6A..SH,2021-05-25T07:04:00.380000,P,0.555,6.923563091731921e-07,-1,-1.0,20210525T000000_-1
AV.PV6A..SH,2021-05-25T00:53:05.080000,S,0.457,6.570276696038491e-07,-1,-1.0,20210525T000000_-1
AV.PV6A..SH,2021-05-25T00:59:50.400000,S,0.565,8.214503850467736e-07,-1,-1.0,20210525T000000_-1
AV.PV6A..SH,2021-05-25T02:07:20.460000,S,0.319,4.19466516632383e-07,-1,-1.0,20210525T000000_-1
AV.PV6A..SH,2021-05-25T02:46:02.160000,S,0.321,4.588040951603034e-07,-1,-1.0,20210525T000000_-1
AV.PV6A..SH,2021-05-25T05:47:50.360000,S,0.32,4.392707353417792e-07,-1,-1.0,20210525T000000_-1
AV.PV6A..SH,2021-05-25T06:58:51.900000,S,0.42,2.59129024016147e-06,-1,-1.0,20210525T000000_-1
AV.PVV..SH,2021-05-25T06:58:18.880000,P,0.585,2.305743691977113e-06,1,9.94934780277428e-05,20210525T000000_1
AV.PVV..SH,2021-05-25T06:58:49.160000,S,0.303,2.8431577447918244e-06,2,0.00044192324833,20210525T000000_2
AV.S12K..BH,2021-05-25T06:58:20.520000,P,0.657,3.937765995942755e-06,-1,-1.0,20210525T000000_-1
AV.S12K..BH,2021-05-25T06:58:49.120000,S,0.52,9.029107786773238e-06,2,0.0292355796729467,20210525T000000_2
AV.DOL..BH,2021-05-25T14:48:49.900000,P,0.351,1.813083599699894e-06,-1,-1.0,20210525T080000_-1
AV.DOL..BH,2021-05-25T08:44:36.000000,S,0.576,3.890996140398784e-06,-1,-1.0,20210525T080000_-1
AV.DOL..BH,2021-05-25T14:49:03.860000,S,0.785,2.2866711333335843e-06,-1,-1.0,20210525T080000_-1
AV.DT1..BH,2021-05-25T08:44:18.360000,P,0.496,1.6826354567456292e-06,-1,-1.0,20210525T080000_-1
AV.DT1..BH,2021-05-25T08:44:29.400000,S,0.836,1.7446793663111748e-06,-1,-1.0,20210525T080000_-1
AV.DTN..BH,2021-05-25T08:44:19.180000,P,0.772,2.504159283489571e-06,-1,-1.0,20210525T080000_-1
AV.HAG..SH,2021-05-25T08:00:00.020000,P,0.459,2.860980998775631e-07,-1,-1.0,20210525T080000_-1
AV.PS1A..BH,2021-05-25T14:27:32.520000,P,0.576,4.659035766962916e-06,1,3.41169845277029e-05,20210525T080000_1
AV.PV6A..SH,2021-05-25T08:51:56.560000,P,0.374,4.615873478996946e-07,-1,-1.0,20210525T080000_-1
AV.PV6A..SH,2021-05-25T09:32:57.000000,P,0.356,5.65859409107361e-07,-1,-1.0,20210525T080000_-1
AV.PV6A..SH,2021-05-25T10:26:51.900000,P,0.392,8.136025826388504e-07,-1,-1.0,20210525T080000_-1
AV.PV6A..SH,2021-05-25T14:27:34.240000,P,0.522,1.0310496918464196e-06,1,0.0012083542295739,20210525T080000_1
AV.PV6A..SH,2021-05-25T08:17:22.240000,S,0.469,8.010628107513185e-07,-1,-1.0,20210525T080000_-1
AV.PV6A..SH,2021-05-25T09:32:59.680000,S,0.376,5.65859409107361e-07,-1,-1.0,20210525T080000_-1
AV.PV6A..SH,2021-05-25T13:28:08.120000,S,0.585,6.897338948874676e-07,-1,-1.0,20210525T080000_-1
AV.PV6A..SH,2021-05-25T14:27:40.260000,S,0.566,1.0310496918464196e-06,1,1.3493474328731995e-05,20210525T080000_1
AV.PVV..SH,2021-05-25T08:44:43.760000,P,0.68,2.713742617288517e-07,-1,-1.0,20210525T080000_-1
AV.PVV..SH,2021-05-25T14:27:32.920000,P,0.888,7.677605253775255e-07,1,0.0080509054647082,20210525T080000_1
AV.PVV..SH,2021-05-25T14:27:37.260000,S,0.3,7.677605253775255e-07,1,0.0146223963017265,20210525T080000_1
AV.DEER..BH,2021-05-25T23:52:08.520000,P,0.386,2.7775586204370484e-06,4,0.0018914796284184,20210525T160000_4
AV.DEER..BH,2021-05-25T23:52:14.900000,S,0.678,2.7775586204370484e-06,4,0.0030475335410315,20210525T160000_4
AV.DOL..BH,2021-05-25T22:51:41.100000,P,0.476,1.88922967936378e-06,2,0.0018914796284184,20210525T160000_2
AV.DOL..BH,2021-05-25T23:51:46.380000,P,0.933,1.7712891349219715e-06,3,0.0018914796284184,20210525T160000_3
AV.DOL..BH,2021-05-25T22:52:00.180000,S,0.798,2.849026259355014e-06,-1,-1.0,20210525T160000_-1
AV.DOL..BH,2021-05-25T23:52:05.460000,S,0.744,4.6201685108826496e-06,4,0.0060090146672244,20210525T160000_4
AV.DT1..BH,2021-05-25T20:42:01.480000,S,0.559,1.3230537661002018e-06,1,0.0018914796284184,20210525T160000_1
AV.DTN..BH,2021-05-25T22:51:44.040000,P,0.639,2.555771288825781e-06,2,0.0030475335410315,20210525T160000_2
AV.DTN..BH,2021-05-25T23:51:49.340000,P,0.311,2.731403128564125e-06,3,0.0030475335410315,20210525T160000_3
AV.HAG..SH,2021-05-25T20:41:44.880000,P,0.588,6.744969027749903e-07,1,0.0030475335410315,20210525T160000_1
AV.HAG..SH,2021-05-25T22:51:43.480000,P,0.795,5.273237775327289e-07,2,0.0060090146672244,20210525T160000_2
AV.HAG..SH,2021-05-25T23:51:48.780000,P,0.93,6.839303523520357e-07,3,0.0060090146672244,20210525T160000_3
AV.HAG..SH,2021-05-25T20:42:01.120000,S,0.309,8.385617320527672e-07,-1,-1.0,20210525T160000_-1
AV.HAG..SH,2021-05-25T22:52:04.640000,S,0.733,7.415097798002535e-07,-1,-1.0,20210525T160000_-1
AV.HAG..SH,2021-05-25T23:52:09.860000,S,0.877,1.4793993159400998e-06,4,0.0139390523919451,20210525T160000_4
AV.PS1A..BH,2021-05-25T16:00:00.020000,P,0.32,3.5420264339336427e-06,-1,-1.0,20210525T160000_-1
AV.PS1A..BH,2021-05-25T20:41:44.620000,P,0.354,3.751672693397268e-06,1,0.0060090146672244,20210525T160000_1
AV.PS1A..BH,2021-05-25T23:51:48.840000,P,0.577,2.794674401229713e-06,3,0.0139390523919451,20210525T160000_3
AV.PV6A..SH,2021-05-25T16:50:39.720000,P,0.353,2.222529644768656e-07,-1,-1.0,20210525T160000_-1
AV.PV6A..SH,2021-05-25T18:29:31.680000,P,0.495,2.284426301457643e-07,-1,-1.0,20210525T160000_-1
AV.PV6A..SH,2021-05-25T20:41:47.040000,P,0.665,3.358287585797371e-07,1,0.0139390523919451,20210525T160000_1
AV.PV6A..SH,2021-05-25T20:52:17.760000,P,0.302,4.558890793759929e-07,-1,-1.0,20210525T160000_-1
AV.PV6A..SH,2021-05-25T21:32:26.460000,P,0.391,2.46679519477766e-07,-1,-1.0,20210525T160000_-1
AV.PV6A..SH,2021-05-25T21:32:43.840000,P,0.306,3.255956357861578e-07,-1,-1.0,20210525T160000_-1
AV.PV6A..SH,2021-05-25T22:51:46.640000,P,0.72,3.287945560259687e-07,2,0.0139390523919451,20210525T160000_2
AV.PV6A..SH,2021-05-25T23:51:51.920000,P,0.86,4.005140681329067e-07,3,0.0047584899674597,20210525T160000_3
AV.PV6A..SH,2021-05-25T20:42:04.580000,S,0.836,5.296959670886281e-07,-1,-1.0,20210525T160000_-1
AV.PV6A..SH,2021-05-25T20:52:27.520000,S,0.499,5.172454962121265e-07,-1,-1.0,20210525T160000_-1
AV.PV6A..SH,2021-05-25T22:52:09.260000,S,0.551,4.6470722736557946e-07,-1,-1.0,20210525T160000_-1
AV.PV6A..SH,2021-05-25T23:38:42.300000,S,0.599,3.370765568888601e-07,-1,-1.0,20210525T160000_-1
AV.PV6A..SH,2021-05-25T23:52:14.640000,S,0.693,6.666085710094194e-07,4,0.0047584899674597,20210525T160000_4
AV.PVV..SH,2021-05-25T20:41:44.080000,P,0.788,3.8725323747712537e-07,1,0.0047584899674597,20210525T160000_1
AV.PVV..SH,2021-05-25T22:51:45.020000,P,0.358,3.138876536468161e-07,2,0.0047584899674597,20210525T160000_2
AV.PVV..SH,2021-05-25T23:51:48.600000,P,0.793,3.9193636780510133e-07,3,0.0049383169382458,20210525T160000_3
AV.PVV..SH,2021-05-25T20:42:00.320000,S,0.448,3.410737008380238e-07,-1,-1.0,20210525T160000_-1
AV.PVV..SH,2021-05-25T23:52:09.400000,S,0.528,5.633206114907807e-07,4,0.0049383169382458,20210525T160000_4
AV.PVV..SH,2021-05-25T23:52:11.120000,S,0.326,4.269842577286909e-07,-1,-1.0,20210525T160000_-1
AV.S12K..BH,2021-05-25T19:30:32.960000,P,0.328,2.2652147890767083e-06,-1,-1.0,20210525T160000_-1
AV.S12K..BH,2021-05-25T22:52:22.680000,S,0.311,1.996743776544463e-06,-1,-1.0,20210525T160000_-1
AV.DTN..BH,2021-05-26T00:00:00.020000,P,0.329,2.254252422062564e-06,-1,-1.0,20210526T000000_-1
AV.HAG..SH,2021-05-26T01:46:05.160000,P,0.892,4.874950150224322e-07,1,0.0044380304675177,20210526T000000_1
AV.HAG..SH,2021-05-26T01:46:16.760000,S,0.528,4.1646612203294353e-07,1,0.0817281318326394,20210526T000000_1
AV.PN7A..BH,2021-05-26T06:36:14.760000,P,0.33,2.348385805817088e-06,-1,-1.0,20210526T000000_-1
AV.PS1A..BH,2021-05-26T00:00:00.020000,P,0.478,3.21050765705877e-06,-1,-1.0,20210526T000000_-1
AV.PV6A..SH,2021-05-26T01:46:03.240000,P,0.412,3.137436124234228e-07,1,0.0409047418708271,20210526T000000_1
AV.PV6A..SH,2021-05-26T02:21:30.520000,P,0.362,4.556932537980174e-07,-1,-1.0,20210526T000000_-1
AV.PV6A..SH,2021-05-26T02:22:03.000000,P,0.473,5.400275995270931e-07,-1,-1.0,20210526T000000_-1
AV.PV6A..SH,2021-05-26T02:50:03.040000,P,0.354,3.283629155248491e-07,-1,-1.0,20210526T000000_-1
AV.PV6A..SH,2021-05-26T03:44:40.240000,P,0.416,2.796118394599034e-07,-1,-1.0,20210526T000000_-1
AV.PV6A..SH,2021-05-26T03:50:38.800000,P,0.433,5.239625693320704e-07,-1,-1.0,20210526T000000_-1
AV.PV6A..SH,2021-05-26T03:55:01.980000,P,0.355,3.67869773754137e-07,-1,-1.0,20210526T000000_-1
AV.PV6A..SH,2021-05-26T05:56:17.200000,P,0.514,4.097880719200475e-07,-1,-1.0,20210526T000000_-1
AV.PV6A..SH,2021-05-26T06:29:25.300000,P,0.884,1.142290216193942e-06,-1,-1.0,20210526T000000_-1
AV.PV6A..SH,2021-05-26T06:51:31.440000,P,0.72,1.24421649161377e-06,-1,-1.0,20210526T000000_-1
AV.PV6A..SH,2021-05-26T06:54:32.940000,P,0.4,3.87512727684225e-07,-1,-1.0,20210526T000000_-1
AV.PV6A..SH,2021-05-26T06:56:29.180000,P,0.696,1.086708607545006e-06,-1,-1.0,20210526T000000_-1
AV.PV6A..SH,2021-05-26T07:11:47.900000,P,0.694,5.116291390550032e-07,-1,-1.0,20210526T000000_-1
AV.PV6A..SH,2021-05-26T07:13:51.840000,P,0.395,4.619993774213073e-07,-1,-1.0,20210526T000000_-1
AV.PV6A..SH,2021-05-26T07:17:20.440000,P,0.518,6.009879029988952e-07,-1,-1.0,20210526T000000_-1
AV.PV6A..SH,2021-05-26T07:19:06.620000,P,0.821,4.620956985945668e-07,-1,-1.0,20210526T000000_-1
AV.PV6A..SH,2021-05-26T07:46:22.320000,P,0.62,9.395146207680228e-07,-1,-1.0,20210526T000000_-1
AV.PV6A..SH,2021-05-26T07:52:11.600000,P,0.872,9.892273737932555e-07,-1,-1.0,20210526T000000_-1
AV.PV6A..SH,2021-05-26T07:55:51.120000,P,0.654,5.343917450773006e-07,-1,-1.0,20210526T000000_-1
AV.PV6A..SH,2021-05-26T01:22:39.680000,S,0.415,3.807201380823244e-07,-1,-1.0,20210526T000000_-1
AV.PV6A..SH,2021-05-26T01:46:12.960000,S,0.343,2.469891171585914e-07,1,0.0004701130465951,20210526T000000_1
AV.PV6A..SH,2021-05-26T02:16:52.800000,S,0.523,4.50697740461692e-07,-1,-1.0,20210526T000000_-1
AV.PV6A..SH,2021-05-26T02:22:09.760000,S,0.514,3.988740502336441e-07,-1,-1.0,20210526T000000_-1
AV.PV6A..SH,2021-05-26T02:50:05.220000,S,0.718,3.283629155248491e-07,-1,-1.0,20210526T000000_-1
AV.PV6A..SH,2021-05-26T06:32:58.300000,S,0.361,6.924987019374385e-07,-1,-1.0,20210526T000000_-1
AV.PV6A..SH,2021-05-26T06:51:09.800000,S,0.526,6.04523734182294e-07,-1,-1.0,20210526T000000_-1
AV.PV6A..SH,2021-05-26T06:51:39.200000,S,0.602,1.5630845382474945e-06,-1,-1.0,20210526T000000_-1
AV.PV6A..SH,2021-05-26T06:52:12.680000,S,0.304,1.9916665223718155e-06,-1,-1.0,20210526T000000_-1
AV.PV6A..SH,2021-05-26T07:00:35.800000,S,0.441,4.293897575280426e-07,-1,-1.0,20210526T000000_-1
AV.PV6A..SH,2021-05-26T07:12:01.720000,S,0.758,1.5730514633105486e-06,-1,-1.0,20210526T000000_-1
AV.PV6A..SH,2021-05-26T07:13:10.360000,S,0.301,1.1149159035994671e-06,-1,-1.0,20210526T000000_-1
AV.PV6A..SH,2021-05-26T07:17:31.320000,S,0.419,7.717154062447662e-07,-1,-1.0,20210526T000000_-1
AV.PV6A..SH,2021-05-26T07:19:12.720000,S,0.629,3.329870992274664e-07,-1,-1.0,20210526T000000_-1
AV.PV6A..SH,2021-05-26T07:46:24.560000,S,0.329,9.395146207680228e-07,-1,-1.0,20210526T000000_-1
AV.PV6A..SH,2021-05-26T07:55:56.760000,S,0.7,3.4586292940730345e-07,-1,-1.0,20210526T000000_-1
AV.PVV..SH,2021-05-26T01:46:03.580000,P,0.89,3.524218925576861e-07,1,0.0064479559222637,20210526T000000_1
AV.PVV..SH,2021-05-26T02:45:05.820000,P,0.622,3.007564828294562e-07,-1,-1.0,20210526T000000_-1
AV.PVV..SH,2021-05-26T01:46:14.180000,S,0.898,3.524218925576861e-07,1,0.0415418819264337,20210526T000000_1
AV.S12K..BH,2021-05-26T05:15:24.340000,S,0.717,2.7597332064033253e-06,-1,-1.0,20210526T000000_-1
AV.DEER..BH,2021-05-26T09:35:49.960000,P,0.967,3.381934902790817e-06,1,0.0449527891580123,20210526T080000_1
AV.DEER..BH,2021-05-26T09:36:00.580000,S,0.86,3.381934902790817e-06,-1,-1.0,20210526T080000_-1
AV.DOL..BH,2021-05-26T09:35:50.300000,P,0.876,4.26473843617714e-06,-1,-1.0,20210526T080000_-1
AV.DOL..BH,2021-05-26T09:36:01.120000,S,0.777,4.297026862332132e-06,-1,-1.0,20210526T080000_-1
AV.DT1..BH,2021-05-26T09:35:51.120000,P,0.977,5.50262984688743e-06,1,0.0261138356017566,20210526T080000_1
AV.DT1..BH,2021-05-26T09:36:02.720000,S,0.815,5.22605614605709e-06,-1,-1.0,20210526T080000_-1
AV.DTN..BH,2021-05-26T08:00:00.020000,P,0.322,1.885284177660651e-06,-1,-1.0,20210526T080000_-1
AV.DTN..BH,2021-05-26T09:35:51.680000,P,0.976,2.955996933451388e-06,1,0.0151180673160611,20210526T080000_1
AV.DTN..BH,2021-05-26T09:36:03.600000,S,0.622,2.886082938857726e-06,-1,-1.0,20210526T080000_-1
AV.HAG..SH,2021-05-26T09:35:53.320000,P,0.696,1.283694700759952e-06,1,0.0154250570232932,20210526T080000_1
AV.HAG..SH,2021-05-26T09:36:06.920000,S,0.607,2.275391807415872e-06,1,0.0463261818401563,20210526T080000_1
AV.PS1A..BH,2021-05-26T09:35:54.500000,P,0.914,4.704170351033099e-06,-1,-1.0,20210526T080000_-1
AV.PS1A..BH,2021-05-26T09:36:08.660000,S,0.491,3.7839288324903455e-06,1,0.0144410295638426,20210526T080000_1
AV.PS4A..BH,2021-05-26T08:00:00.020000,P,0.346,2.89281797449803e-06,-1,-1.0,20210526T080000_-1
AV.PS4A..BH,2021-05-26T09:35:53.260000,P,0.481,2.5666925012046704e-06,1,0.0015259119861052,20210526T080000_1
AV.PS4A..BH,2021-05-26T09:36:07.140000,S,0.647,5.931756732024951e-06,1,0.0457989063219047,20210526T080000_1
AV.PV6A..SH,2021-05-26T08:25:09.420000,P,0.809,1.32613206460519e-06,-1,-1.0,20210526T080000_-1
AV.PV6A..SH,2021-05-26T08:44:14.040000,P,0.851,2.0226484593877103e-06,-1,-1.0,20210526T080000_-1
AV.PV6A..SH,2021-05-26T08:57:18.480000,P,0.463,3.643174295575591e-07,-1,-1.0,20210526T080000_-1
AV.PV6A..SH,2021-05-26T08:57:38.000000,P,0.429,6.719088219142577e-07,-1,-1.0,20210526T080000_-1
AV.PV6A..SH,2021-05-26T09:28:27.500000,P,0.48,4.785352416547539e-07,-1,-1.0,20210526T080000_-1
AV.PV6A..SH,2021-05-26T09:35:56.640000,P,0.965,6.824448064435273e-07,1,0.0101370816628185,20210526T080000_1
AV.PV6A..SH,2021-05-26T10:55:02.000000,P,0.311,3.4836847362385015e-07,-1,-1.0,20210526T080000_-1
AV.PV6A..SH,2021-05-26T10:57:34.700000,P,0.404,7.346257007156964e-07,-1,-1.0,20210526T080000_-1
AV.PV6A..SH,2021-05-26T10:59:25.980000,P,0.398,1.0384541155872284e-06,-1,-1.0,20210526T080000_-1
AV.PV6A..SH,2021-05-26T14:33:21.260000,P,0.796,9.9353883342701e-07,2,0.0449527891580123,20210526T080000_2
AV.PV6A..SH,2021-05-26T15:40:11.280000,P,0.361,3.625835631737573e-07,-1,-1.0,20210526T080000_-1
AV.PV6A..SH,2021-05-26T15:54:27.940000,P,0.896,3.153410489176167e-06,-1,-1.0,20210526T080000_-1
AV.PV6A..SH,2021-05-26T08:25:15.240000,S,0.308,1.4605959677282954e-06,-1,-1.0,20210526T080000_-1
AV.PV6A..SH,2021-05-26T08:33:25.100000,S,0.407,7.468076432814996e-07,-1,-1.0,20210526T080000_-1
AV.PV6A..SH,2021-05-26T08:44:16.440000,S,0.326,2.0226484593877103e-06,-1,-1.0,20210526T080000_-1
AV.PV6A..SH,2021-05-26T09:36:12.600000,S,0.585,8.489114975418488e-07,-1,-1.0,20210526T080000_-1
AV.PV6A..SH,2021-05-26T11:08:08.420000,S,0.528,1.0453416052769171e-06,-1,-1.0,20210526T080000_-1
AV.PV6A..SH,2021-05-26T14:33:25.880000,S,0.646,9.9353883342701e-07,2,0.0261138356017566,20210526T080000_2
AV.PV6A..SH,2021-05-26T15:54:31.040000,S,0.321,3.153410489176167e-06,-1,-1.0,20210526T080000_-1
AV.PVV..SH,2021-05-26T09:35:53.400000,P,0.976,1.8065982203552269e-06,-1,-1.0,20210526T080000_-1
AV.PVV..SH,2021-05-26T14:33:20.200000,P,0.493,5.822685125167482e-07,2,0.0151180673160611,20210526T080000_2
AV.PVV..SH,2021-05-26T09:36:07.600000,S,0.755,1.670123083385988e-06,1,0.0215918519260067,20210526T080000_1
AV.PVV..SH,2021-05-26T14:33:24.080000,S,0.719,5.822685125167482e-07,2,0.0154250570232932,20210526T080000_2
AV.S12K..BH,2021-05-26T09:36:17.780000,S,0.445,2.7159592264069943e-06,-1,-1.0,20210526T080000_-1
AV.S12K..BH,2021-05-26T10:02:26.120000,S,0.461,1.7806880805437686e-06,-1,-1.0,20210526T080000_-1
AV.DEER..BH,2021-05-26T16:00:00.020000,P,0.43,4.257233001681016e-07,-1,-1.0,20210526T160000_-1
AV.DEER..BH,2021-05-26T16:00:00.680000,P,0.343,1.0772519090096466e-06,1,0.0058434759077337,20210526T160000_1
AV.DEER..BH,2021-05-26T20:22:29.000000,P,0.456,1.5046842918309269e-06,-1,-1.0,20210526T160000_-1
AV.DEER..BH,2021-05-26T23:37:36.760000,P,0.819,9.42730480346654e-07,6,0.0058434759077337,20210526T160000_6
AV.DEER..BH,2021-05-26T20:22:29.120000,S,0.325,1.5046842918309269e-06,-1,-1.0,20210526T160000_-1
AV.DEER..BH,2021-05-26T21:25:51.860000,S,0.59,1.269228164346714e-06,4,0.0058434759077337,20210526T160000_4
AV.DEER..BH,2021-05-26T23:37:55.720000,S,0.364,1.5683900755902869e-06,7,0.0058434759077337,20210526T160000_7
AV.DOL..BH,2021-05-26T16:21:18.120000,P,0.52,1.907604200823698e-06,2,0.0058434759077337,20210526T160000_2
AV.DOL..BH,2021-05-26T18:08:57.980000,P,0.366,1.921816192407277e-06,-1,-1.0,20210526T160000_-1
AV.DOL..BH,2021-05-26T20:47:36.060000,P,0.434,1.995671254917397e-06,-1,-1.0,20210526T160000_-1
AV.DOL..BH,2021-05-26T21:25:48.020000,P,0.896,1.3436440440273143e-06,4,0.0063585099978173,20210526T160000_4
AV.DOL..BH,2021-05-26T23:37:34.300000,P,0.723,1.3937262792751426e-06,6,0.0063585099978173,20210526T160000_6
AV.DOL..BH,2021-05-26T16:09:48.120000,S,0.362,1.667583433118125e-06,-1,-1.0,20210526T160000_-1
AV.DOL..BH,2021-05-26T16:21:36.980000,S,0.69,3.3298690595984226e-06,3,0.0058434759077337,20210526T160000_3
AV.DOL..BH,2021-05-26T21:26:00.860000,S,0.841,1.5414957488246728e-06,4,0.0006903589271926,20210526T160000_4
AV.DOL..BH,2021-05-26T23:37:51.840000,S,0.644,3.59117461812275e-06,7,0.0063585099978173,20210526T160000_7
AV.DT1..BH,2021-05-26T21:25:45.000000,P,0.632,1.5181772141659169e-06,4,0.0053922880005458,20210526T160000_4
AV.DT1..BH,2021-05-26T23:37:37.420000,P,0.794,1.3491567187884357e-06,6,0.0006903589271926,20210526T160000_6
AV.DT1..BH,2021-05-26T21:25:55.360000,S,0.424,1.2834379958803763e-06,4,0.0004920321301263,20210526T160000_4
AV.DT1..BH,2021-05-26T23:37:56.580000,S,0.723,2.700610366446199e-06,7,0.0006903589271926,20210526T160000_7
AV.DTN..BH,2021-05-26T16:00:00.020000,P,0.422,2.0302043139963644e-06,1,0.0063585099978173,20210526T160000_1
AV.DTN..BH,2021-05-26T16:21:21.640000,P,0.71,1.931094857354765e-06,2,0.0063585099978173,20210526T160000_2
AV.DTN..BH,2021-05-26T21:25:45.740000,P,0.818,2.127192828993429e-06,4,0.0021475200925016,20210526T160000_4
AV.DTN..BH,2021-05-26T23:37:37.740000,P,0.778,3.192996246070834e-06,6,0.0053922880005458,20210526T160000_6
AV.DTN..BH,2021-05-26T16:21:44.340000,S,0.526,2.8748991098837e-06,3,0.0063585099978173,20210526T160000_3
AV.DTN..BH,2021-05-26T23:37:57.520000,S,0.552,2.415885546724894e-06,7,0.0053922880005458,20210526T160000_7
AV.HAG..SH,2021-05-26T16:00:00.020000,P,0.787,3.2482455480931094e-07,1,0.0006903589271926,20210526T160000_1
AV.HAG..SH,2021-05-26T16:22:22.280000,P,0.416,4.377702396141103e-07,-1,-1.0,20210526T160000_-1
AV.HAG..SH,2021-05-26T21:25:50.580000,P,0.825,5.177809612177953e-07,4,0.0011143186745687,20210526T160000_4
AV.HAG..SH,2021-05-26T23:37:36.760000,P,0.859,7.966851285345911e-07,6,0.0004920321301263,20210526T160000_6
AV.HAG..SH,2021-05-26T21:26:05.760000,S,0.461,7.217933557512879e-07,-1,-1.0,20210526T160000_-1
AV.HAG..SH,2021-05-26T23:37:56.800000,S,0.868,2.1116154584888136e-06,-1,-1.0,20210526T160000_-1
AV.PS1A..BH,2021-05-26T16:00:00.020000,P,0.464,3.573844196580467e-06,1,0.0053922880005458,20210526T160000_1
AV.PS1A..BH,2021-05-26T16:21:18.440000,P,0.531,3.712769739649957e-06,2,0.0006903589271926,20210526T160000_2
AV.PS1A..BH,2021-05-26T23:37:36.040000,P,0.782,2.86350837086502e-06,6,0.0021475200925016,20210526T160000_6
AV.PS1A..BH,2021-05-26T16:21:37.420000,S,0.782,3.843607828457607e-06,3,0.0006903589271926,20210526T160000_3
AV.PS1A..BH,2021-05-26T23:37:54.880000,S,0.511,5.993761988065671e-06,7,0.0004920321301263,20210526T160000_7
AV.PS4A..BH,2021-05-26T16:21:38.380000,S,0.766,4.435134997038404e-06,3,0.0053922880005458,20210526T160000_3
AV.PV6A..SH,2021-05-26T16:00:00.020000,P,0.378,2.351723082938407e-07,1,0.0004920321301263,20210526T160000_1
AV.PV6A..SH,2021-05-26T16:21:21.680000,P,0.542,4.310545023145096e-07,2,0.0053922880005458,20210526T160000_2
AV.PV6A..SH,2021-05-26T19:59:02.000000,P,0.35,3.659574474568217e-07,-1,-1.0,20210526T160000_-1
AV.PV6A..SH,2021-05-26T21:40:20.960000,P,0.354,3.278142344242952e-07,5,0.0058434759077337,20210526T160000_5
AV.PV6A..SH,2021-05-26T22:32:28.540000,P,0.314,2.793440216919407e-07,-1,-1.0,20210526T160000_-1
AV.PV6A..SH,2021-05-26T23:37:38.480000,P,0.644,3.8938782154218643e-07,6,0.0011143186745687,20210526T160000_6
AV.PV6A..SH,2021-05-26T16:21:42.160000,S,0.761,8.209004818127141e-07,3,0.0004920321301263,20210526T160000_3
AV.PV6A..SH,2021-05-26T19:59:05.720000,S,0.4,3.659574474568217e-07,-1,-1.0,20210526T160000_-1
AV.PV6A..SH,2021-05-26T21:40:25.220000,S,0.788,3.278142344242952e-07,5,0.0063585099978173,20210526T160000_5
AV.PV6A..SH,2021-05-26T23:37:59.280000,S,0.802,1.0768698075480645e-06,7,0.0021475200925016,20210526T160000_7
AV.PVV..SH,2021-05-26T16:21:18.440000,P,0.474,3.2426126495010976e-07,2,0.0004920321301263,20210526T160000_2
AV.PVV..SH,2021-05-26T16:21:19.420000,P,0.447,5.153585789230419e-07,-1,-1.0,20210526T160000_-1
AV.PVV..SH,2021-05-26T16:22:26.880000,P,0.38,2.547396888985532e-07,-1,-1.0,20210526T160000_-1
AV.PVV..SH,2021-05-26T21:00:54.520000,P,0.541,4.045930381835206e-07,-1,-1.0,20210526T160000_-1
AV.PVV..SH,2021-05-26T23:37:35.800000,P,0.497,4.814737621927634e-07,6,0.0088319219549392,20210526T160000_6
AV.PVV..SH,2021-05-26T16:21:38.320000,S,0.56,1.0202161320194136e-06,3,0.0021475200925016,20210526T160000_3
AV.PVV..SH,2021-05-26T21:01:01.020000,S,0.55,4.045930381835206e-07,-1,-1.0,20210526T160000_-1
AV.PVV..SH,2021-05-26T23:37:54.760000,S,0.459,6.974178177188151e-07,7,0.0011143186745687,20210526T160000_7
AV.S12K..BH,2021-05-26T21:40:15.500000,P,0.883,2.59636840382882e-06,5,0.0006903589271926,20210526T160000_5
AV.S12K..BH,2021-05-26T16:21:44.920000,S,0.767,3.904374807461863e-06,3,0.0011143186745687,20210526T160000_3
AV.S12K..BH,2021-05-26T21:40:19.380000,S,0.887,2.59636840382882e-06,5,0.0053922880005458,20210526T160000_5
AV.S12K..BH,2021-05-26T23:38:02.460000,S,0.856,2.876119197026128e-06,7,0.0088319219549392,20210526T160000_7
AV.DEER..BH,2021-05-27T00:00:00.020000,P,0.403,8.328395324497251e-07,1,0.0037405176925785,20210527T000000_1
AV.DEER..BH,2021-05-27T01:09:15.960000,P,0.599,2.466852492943872e-06,2,0.0037405176925785,20210527T000000_2
AV.DEER..BH,2021-05-27T01:18:50.920000,P,0.637,9.533009119877534e-07,-1,-1.0,20210527T000000_-1
AV.DEER..BH,2021-05-27T06:47:50.440000,P,0.567,1.0341625511500752e-06,-1,-1.0,20210527T000000_-1
AV.DEER..BH,2021-05-27T01:09:43.180000,S,0.745,2.308190960320644e-05,3,0.0037405176925785,20210527T000000_3
AV.DEER..BH,2021-05-27T01:18:58.860000,S,0.576,7.84634210049262e-07,-1,-1.0,20210527T000000_-1
AV.DOL..BH,2021-05-27T00:43:28.600000,P,0.335,1.6555354704905767e-06,-1,-1.0,20210527T000000_-1
AV.DOL..BH,2021-05-27T01:09:12.140000,P,0.901,8.956823876360431e-06,2,0.0179632224343413,20210527T000000_2
AV.DOL..BH,2021-05-27T01:03:26.280000,S,0.344,1.3349979326449102e-06,-1,-1.0,20210527T000000_-1
AV.DOL..BH,2021-05-27T01:09:36.640000,S,0.708,5.688939563697204e-05,3,0.0179632224343413,20210527T000000_3
AV.DOL..BH,2021-05-27T01:19:00.800000,S,0.669,1.833211058510642e-06,-1,-1.0,20210527T000000_-1
AV.DOL..BH,2021-05-27T05:33:45.320000,S,0.346,1.8217307342638376e-06,5,0.0037405176925785,20210527T000000_5
AV.DT1..BH,2021-05-27T01:09:15.660000,P,0.87,3.941768682125257e-06,2,0.0017820002835373,20210527T000000_2
AV.DT1..BH,2021-05-27T06:47:51.020000,P,0.688,9.179104267786896e-07,-1,-1.0,20210527T000000_-1
AV.DT1..BH,2021-05-27T01:09:42.780000,S,0.575,1.6207479347940534e-05,3,0.0017820002835373,20210527T000000_3
AV.DTN..BH,2021-05-27T01:09:15.860000,P,0.787,6.986976586631499e-06,2,0.0001501854140156,20210527T000000_2
AV.DTN..BH,2021-05-27T04:11:20.760000,P,0.387,1.009480456559686e-06,-1,-1.0,20210527T000000_-1
AV.DTN..BH,2021-05-27T04:11:21.400000,P,0.306,1.8461819308868144e-06,-1,-1.0,20210527T000000_-1
AV.DTN..BH,2021-05-27T05:33:29.180000,P,0.528,1.889513896458084e-06,5,0.0179632224343413,20210527T000000_5
AV.DTN..BH,2021-05-27T07:40:58.520000,P,0.329,1.2532525488495594e-06,-1,-1.0,20210527T000000_-1
AV.DTN..BH,2021-05-27T01:09:43.060000,S,0.689,4.351754614617676e-05,3,0.0001501854140156,20210527T000000_3
AV.DTN..BH,2021-05-27T05:33:49.620000,S,0.465,1.859174290075316e-06,-1,-1.0,20210527T000000_-1
AV.HAG..SH,2021-05-27T00:00:00.020000,P,0.335,2.756692651928461e-07,1,0.0179632224343413,20210527T000000_1
AV.HAG..SH,2021-05-27T01:09:13.000000,P,0.867,1.1277409612375776e-05,2,0.0182645923131408,20210527T000000_2
AV.HAG..SH,2021-05-27T01:11:22.000000,P,0.564,3.8194917806322337e-07,-1,-1.0,20210527T000000_-1
AV.HAG..SH,2021-05-27T01:09:39.160000,S,0.493,2.736315582296811e-05,3,0.0182645923131408,20210527T000000_3
AV.HAG..SH,2021-05-27T05:33:45.960000,S,0.415,9.479367690801156e-07,-1,-1.0,20210527T000000_-1
AV.PN7A..BH,2021-05-27T01:09:14.300000,P,0.882,1.15962957352167e-05,2,0.0015942976352696,20210527T000000_2
AV.PN7A..BH,2021-05-27T01:09:42.260000,S,0.447,3.3354088373016566e-05,3,0.0015942976352696,20210527T000000_3
AV.PS1A..BH,2021-05-27T00:00:00.020000,P,0.365,2.668748038558988e-06,1,0.0017820002835373,20210527T000000_1
AV.PS1A..BH,2021-05-27T01:09:12.060000,P,0.659,1.317412534262985e-05,2,0.000185302067234,20210527T000000_2
AV.PS1A..BH,2021-05-27T02:24:48.680000,P,0.341,2.360420012337272e-06,4,0.0037405176925785,20210527T000000_4
AV.PS1A..BH,2021-05-27T04:57:47.240000,P,0.512,2.0669324385380605e-06,-1,-1.0,20210527T000000_-1
AV.PS1A..BH,2021-05-27T01:09:37.440000,S,0.365,4.208118480164558e-05,3,0.000185302067234,20210527T000000_3
AV.PS1A..BH,2021-05-27T05:33:43.840000,S,0.613,2.5491160613455577e-06,-1,-1.0,20210527T000000_-1
AV.PS4A..BH,2021-05-27T01:09:12.480000,P,0.961,1.641407288843766e-05,2,0.0495668482040738,20210527T000000_2
AV.PS4A..BH,2021-05-27T06:37:43.200000,P,0.362,1.8560587022875552e-06,-1,-1.0,20210527T000000_-1
AV.PS4A..BH,2021-05-27T01:09:38.160000,S,0.472,4.9601414502831176e-05,3,0.0495668482040738,20210527T000000_3
AV.PV6A..SH,2021-05-27T00:00:00.020000,P,0.436,2.2013568923284765e-07,1,0.0001501854140156,20210527T000000_1
AV.PV6A..SH,2021-05-27T01:09:14.120000,P,0.947,6.70668441671296e-06,2,0.0001867901337188,20210527T000000_2
AV.PV6A..SH,2021-05-27T02:24:39.360000,P,0.509,2.8650023864429386e-07,-1,-1.0,20210527T000000_-1
AV.PV6A..SH,2021-05-27T05:33:27.600000,P,0.641,2.495348780939821e-07,5,0.0017820002835373,20210527T000000_5
AV.PV6A..SH,2021-05-27T06:53:56.060000,P,0.377,3.691103245273553e-07,-1,-1.0,20210527T000000_-1
AV.PV6A..SH,2021-05-27T06:57:21.640000,P,0.642,1.9707843534888525e-07,-1,-1.0,20210527T000000_-1
AV.PV6A..SH,2021-05-27T02:24:55.320000,S,0.705,7.626679234817857e-07,4,0.0179632224343413,20210527T000000_4
AV.PV6A..SH,2021-05-27T05:33:47.140000,S,0.657,5.943714427303348e-07,-1,-1.0,20210527T000000_-1
AV.PV6A..SH,2021-05-27T06:54:00.440000,S,0.383,3.691103245273553e-07,-1,-1.0,20210527T000000_-1
AV.PV6A..SH,2021-05-27T07:09:46.880000,S,0.516,2.177459208496657e-07,-1,-1.0,20210527T000000_-1
AV.PV6A..SH,2021-05-27T07:30:22.120000,S,0.303,2.340487839092021e-07,-1,-1.0,20210527T000000_-1
AV.PVV..SH,2021-05-27T01:09:12.040000,P,0.976,5.953576419415185e-06,2,0.0196813553357351,20210527T000000_2
AV.PVV..SH,2021-05-27T02:24:48.280000,P,0.38,5.315563953445235e-07,4,0.0017820002835373,20210527T000000_4
AV.PVV..SH,2021-05-27T04:57:47.000000,P,0.651,5.168872121430468e-07,-1,-1.0,20210527T000000_-1
AV.PVV..SH,2021-05-27T01:09:37.800000,S,0.346,1.1987667676294222e-05,3,0.0001867901337188,20210527T000000_3
AV.PVV..SH,2021-05-27T02:24:54.360000,S,0.364,5.315563953445235e-07,4,0.0001501854140156,20210527T000000_4
AV.S12K..BH,2021-05-27T01:09:15.300000,P,0.932,1.8171036572312005e-05,2,0.0018584094981479,20210527T000000_2
AV.S12K..BH,2021-05-27T05:33:27.500000,P,0.498,9.34710669753258e-07,5,0.0001501854140156,20210527T000000_5
AV.S12K..BH,2021-05-27T01:09:41.340000,S,0.679,4.895195888821036e-05,-1,-1.0,20210527T000000_-1
AV.S12K..BH,2021-05-27T05:33:47.460000,S,0.602,2.4949601993284887e-06,-1,-1.0,20210527T000000_-1
AV.S12K..BH,2021-05-27T06:20:41.440000,S,0.38,1.0650412605173187e-06,-1,-1.0,20210527T000000_-1
AV.DEER..BH,2021-05-27T12:22:01.400000,P,0.833,1.6429839888587594e-06,2,0.0052159829818443,20210527T080000_2
AV.DEER..BH,2021-05-27T13:03:27.580000,P,0.329,1.1707131761795608e-06,-1,-1.0,20210527T080000_-1
AV.DEER..BH,2021-05-27T14:38:39.980000,P,0.342,7.89230966802279e-07,4,0.0052159829818443,20210527T080000_4
AV.DEER..BH,2021-05-27T08:02:11.720000,S,0.419,9.390604418513248e-07,-1,-1.0,20210527T080000_-1
AV.DOL..BH,2021-05-27T12:22:05.100000,P,0.954,1.061870875673776e-06,2,0.0002875202895158,20210527T080000_2
AV.DOL..BH,2021-05-27T13:41:45.100000,P,0.888,1.0449128922118689e-06,-1,-1.0,20210527T080000_-1
AV.DOL..BH,2021-05-27T13:50:55.720000,P,0.577,8.3137427964175e-07,-1,-1.0,20210527T080000_-1
AV.DOL..BH,2021-05-27T14:28:06.760000,P,0.396,9.352647225568944e-07,-1,-1.0,20210527T080000_-1
AV.DOL..BH,2021-05-27T14:38:43.480000,P,0.88,1.151733954429801e-06,4,0.0002875202895158,20210527T080000_4
AV.DOL..BH,2021-05-27T08:02:06.360000,S,0.643,1.0947049986498314e-06,-1,-1.0,20210527T080000_-1
AV.DOL..BH,2021-05-27T11:01:06.760000,S,0.458,8.365230428353243e-07,-1,-1.0,20210527T080000_-1
AV.DOL..BH,2021-05-27T12:22:17.500000,S,0.919,1.9254878225183347e-06,2,0.0005983767742954,20210527T080000_2
AV.DOL..BH,2021-05-27T13:03:37.920000,S,0.563,7.873915706113621e-07,-1,-1.0,20210527T080000_-1
AV.DOL..BH,2021-05-27T13:51:09.640000,S,0.473,6.25323821168422e-07,-1,-1.0,20210527T080000_-1
AV.DOL..BH,2021-05-27T14:28:25.120000,S,0.713,1.2626943544091771e-06,3,0.0052159829818443,20210527T080000_3
AV.DOL..BH,2021-05-27T14:38:50.880000,S,0.458,1.1349192163834232e-06,4,0.0005983767742954,20210527T080000_4
AV.DT1..BH,2021-05-27T10:56:05.420000,P,0.593,7.376499979727669e-07,1,0.0052159829818443,20210527T080000_1
AV.DT1..BH,2021-05-27T12:22:02.660000,P,0.977,1.683728783063998e-06,2,0.0008381945904879,20210527T080000_2
AV.DT1..BH,2021-05-27T10:56:07.720000,S,0.442,7.376499979727669e-07,1,0.0002875202895158,20210527T080000_1
AV.DT1..BH,2021-05-27T12:22:13.000000,S,0.909,1.683728783063998e-06,2,0.0078839777397598,20210527T080000_2
AV.DT1..BH,2021-05-27T14:28:29.800000,S,0.481,1.0545454642851837e-06,3,0.0002875202895158,20210527T080000_3
AV.DTN..BH,2021-05-27T08:00:00.020000,P,0.473,1.2347438769211294e-06,-1,-1.0,20210527T080000_-1
AV.DTN..BH,2021-05-27T08:46:33.260000,P,0.832,1.9635849639598746e-06,-1,-1.0,20210527T080000_-1
AV.DTN..BH,2021-05-27T09:27:31.500000,P,0.386,1.4033728348294972e-06,-1,-1.0,20210527T080000_-1
AV.DTN..BH,2021-05-27T09:35:04.620000,P,0.351,1.0926455615845043e-06,-1,-1.0,20210527T080000_-1
AV.DTN..BH,2021-05-27T10:56:04.240000,P,0.687,2.4068940547294915e-06,1,0.0005983767742954,20210527T080000_1
AV.DTN..BH,2021-05-27T10:56:22.800000,P,0.435,1.323774085904006e-06,-1,-1.0,20210527T080000_-1
AV.DTN..BH,2021-05-27T11:00:46.380000,P,0.745,9.934263971445034e-07,-1,-1.0,20210527T080000_-1
AV.DTN..BH,2021-05-27T11:33:53.900000,P,0.75,1.1577175200727652e-06,-1,-1.0,20210527T080000_-1
AV.DTN..BH,2021-05-27T11:34:07.720000,P,0.855,1.0488456609891728e-06,-1,-1.0,20210527T080000_-1
AV.DTN..BH,2021-05-27T11:34:16.940000,P,0.413,1.872041821116e-06,-1,-1.0,20210527T080000_-1
AV.DTN..BH,2021-05-27T12:22:03.300000,P,0.914,1.2470272849895991e-06,2,0.0001410066600295,20210527T080000_2
AV.DTN..BH,2021-05-27T13:50:53.100000,P,0.318,1.243352357960248e-06,-1,-1.0,20210527T080000_-1
AV.DTN..BH,2021-05-27T14:28:09.960000,P,0.579,1.0463583066666615e-06,-1,-1.0,20210527T080000_-1
AV.DTN..BH,2021-05-27T14:38:41.320000,P,0.715,1.2399658544381964e-06,4,0.0008381945904879,20210527T080000_4
AV.DTN..BH,2021-05-27T08:46:34.740000,S,0.774,1.9635849639598746e-06,-1,-1.0,20210527T080000_-1
AV.DTN..BH,2021-05-27T09:28:53.720000,S,0.324,1.3810824839310951e-06,-1,-1.0,20210527T080000_-1
AV.DTN..BH,2021-05-27T10:56:06.480000,S,0.667,2.4068940547294915e-06,1,0.0008381945904879,20210527T080000_1
AV.DTN..BH,2021-05-27T10:56:36.720000,S,0.419,1.6402702840423444e-06,-1,-1.0,20210527T080000_-1
AV.DTN..BH,2021-05-27T11:34:00.000000,S,0.464,1.1577175200727652e-06,-1,-1.0,20210527T080000_-1
AV.DTN..BH,2021-05-27T11:34:18.160000,S,0.677,1.872041821116e-06,-1,-1.0,20210527T080000_-1
AV.DTN..BH,2021-05-27T11:34:39.480000,S,0.33,1.3282402733238996e-06,-1,-1.0,20210527T080000_-1
AV.DTN..BH,2021-05-27T12:22:13.860000,S,0.318,1.3145909179002049e-06,2,0.0003640197053469,20210527T080000_2
AV.DTN..BH,2021-05-27T13:18:16.920000,S,0.426,9.649834282754457e-07,-1,-1.0,20210527T080000_-1
AV.DTN..BH,2021-05-27T14:28:30.640000,S,0.568,1.4905601801729065e-06,3,0.0005983767742954,20210527T080000_3
AV.HAG..SH,2021-05-27T08:00:00.600000,P,0.437,2.498674689377367e-07,-1,-1.0,20210527T080000_-1
AV.PN7A..BH,2021-05-27T09:17:12.280000,P,0.347,2.633862550283084e-06,-1,-1.0,20210527T080000_-1
AV.PN7A..BH,2021-05-27T15:08:52.200000,P,0.931,1.7773378431229505e-06,-1,-1.0,20210527T080000_-1
AV.PN7A..BH,2021-05-27T09:17:14.260000,S,0.806,2.633862550283084e-06,-1,-1.0,20210527T080000_-1
AV.PS1A..BH,2021-05-27T14:38:47.720000,P,0.395,2.052237050520489e-06,4,0.0078839777397598,20210527T080000_4
AV.PV6A..SH,2021-05-27T10:54:19.160000,P,0.387,2.2748359640445415e-07,-1,-1.0,20210527T080000_-1
AV.PV6A..SH,2021-05-27T11:18:21.740000,P,0.905,1.964013875976889e-07,-1,-1.0,20210527T080000_-1
AV.PV6A..SH,2021-05-27T11:24:24.320000,P,0.55,1.8359702380621457e-07,-1,-1.0,20210527T080000_-1
AV.PV6A..SH,2021-05-27T12:19:53.260000,P,0.793,7.84692645083851e-07,-1,-1.0,20210527T080000_-1
AV.PV6A..SH,2021-05-27T13:08:48.220000,P,0.743,3.624530506840529e-07,-1,-1.0,20210527T080000_-1
AV.PV6A..SH,2021-05-27T13:22:54.080000,P,0.51,1.682926864532419e-07,-1,-1.0,20210527T080000_-1
AV.PV6A..SH,2021-05-27T13:49:10.460000,P,0.428,1.5068657432948385e-07,-1,-1.0,20210527T080000_-1
AV.PV6A..SH,2021-05-27T14:06:28.960000,P,0.305,1.2704916230177332e-07,-1,-1.0,20210527T080000_-1
AV.PV6A..SH,2021-05-27T14:22:01.680000,P,0.702,2.0202642758704322e-07,-1,-1.0,20210527T080000_-1
AV.PV6A..SH,2021-05-27T14:31:26.880000,P,0.371,1.149665536104294e-07,-1,-1.0,20210527T080000_-1
AV.PV6A..SH,2021-05-27T14:38:46.880000,P,0.56,2.4344168991774495e-07,4,0.0001410066600295,20210527T080000_4
AV.PV6A..SH,2021-05-27T15:19:07.700000,P,0.554,2.633324527323566e-07,-1,-1.0,20210527T080000_-1
AV.PV6A..SH,2021-05-27T15:39:00.400000,P,0.386,1.3301453805070196e-07,-1,-1.0,20210527T080000_-1
AV.PV6A..SH,2021-05-27T11:18:24.560000,S,0.591,1.964013875976889e-07,-1,-1.0,20210527T080000_-1
AV.PV6A..SH,2021-05-27T12:19:56.560000,S,0.429,7.84692645083851e-07,-1,-1.0,20210527T080000_-1
AV.PV6A..SH,2021-05-27T13:08:52.560000,S,0.636,3.624530506840529e-07,-1,-1.0,20210527T080000_-1
AV.PV6A..SH,2021-05-27T13:50:12.280000,S,0.301,1.617472804582576e-07,-1,-1.0,20210527T080000_-1
AV.PV6A..SH,2021-05-27T14:28:33.280000,S,0.527,3.108991393219185e-07,3,0.0008381945904879,20210527T080000_3
AV.PVV..SH,2021-05-27T10:27:41.320000,P,0.723,6.607281193282688e-07,-1,-1.0,20210527T080000_-1
AV.PVV..SH,2021-05-27T09:58:25.280000,S,0.339,2.275351818070704e-07,-1,-1.0,20210527T080000_-1
AV.S12K..BH,2021-05-27T12:22:10.600000,P,0.569,6.29661656148528e-07,2,0.0004183952246723,20210527T080000_2
AV.S12K..BH,2021-05-27T14:28:13.480000,P,0.595,6.846679525551735e-07,-1,-1.0,20210527T080000_-1
AV.S12K..BH,2021-05-27T14:38:47.680000,P,0.68,8.095618682091299e-07,4,0.0003640197053469,20210527T080000_4
AV.S12K..BH,2021-05-27T08:28:12.640000,S,0.489,1.274372948500968e-06,-1,-1.0,20210527T080000_-1
AV.S12K..BH,2021-05-27T10:28:16.520000,S,0.385,7.444732545991428e-07,-1,-1.0,20210527T080000_-1
AV.S12K..BH,2021-05-27T12:22:26.540000,S,0.669,6.917804853401321e-07,2,0.0016238782792354,20210527T080000_2
AV.S12K..BH,2021-05-27T13:51:21.280000,S,0.66,6.761956683476456e-07,-1,-1.0,20210527T080000_-1
AV.DEER..BH,2021-05-27T16:56:03.500000,P,0.974,1.3306849950822652e-06,1,0.0121918972886252,20210527T160000_1
AV.DEER..BH,2021-05-27T21:42:05.380000,P,0.933,2.211620540037984e-06,5,0.0121918972886252,20210527T160000_5
AV.DEER..BH,2021-05-27T22:53:03.040000,P,0.508,1.011573431242141e-06,7,0.0121918972886252,20210527T160000_7
AV.DEER..BH,2021-05-27T22:53:52.840000,P,0.635,7.764773499729927e-07,-1,-1.0,20210527T160000_-1
AV.DEER..BH,2021-05-27T22:53:53.580000,P,0.332,2.346051587664988e-06,-1,-1.0,20210527T160000_-1
AV.DEER..BH,2021-05-27T23:29:23.120000,P,0.929,1.3124005135978225e-06,11,0.0121918972886252,20210527T160000_11
AV.DEER..BH,2021-05-27T16:56:11.460000,S,0.76,1.3306849950822652e-06,1,0.0066289262163972,20210527T160000_1
AV.DEER..BH,2021-05-27T21:42:24.800000,S,0.913,8.522742064087652e-06,6,0.0121918972886252,20210527T160000_6
AV.DEER..BH,2021-05-27T22:53:14.580000,S,0.393,8.354109013453126e-07,7,0.0066289262163972,20210527T160000_7
AV.DEER..BH,2021-05-27T23:29:42.580000,S,0.773,2.023996557909413e-06,-1,-1.0,20210527T160000_-1
AV.DOL..BH,2021-05-27T16:56:06.780000,P,0.86,1.9098317807220155e-06,1,0.0042050090834029,20210527T160000_1
AV.DOL..BH,2021-05-27T17:57:54.220000,P,0.864,6.983354410294851e-07,2,0.0121918972886252,20210527T160000_2
AV.DOL..BH,2021-05-27T17:59:44.220000,P,0.935,1.0184295433646184e-06,-1,-1.0,20210527T160000_-1
AV.DOL..BH,2021-05-27T18:09:44.360000,P,0.396,1.0347412171540782e-06,-1,-1.0,20210527T160000_-1
AV.DOL..BH,2021-05-27T19:50:43.660000,P,0.848,1.1725762760761429e-06,3,0.0121918972886252,20210527T160000_3
AV.DOL..BH,2021-05-27T20:58:05.480000,P,0.449,8.004130336303206e-07,-1,-1.0,20210527T160000_-1
AV.DOL..BH,2021-05-27T21:42:02.760000,P,0.965,9.475529623159671e-06,5,0.0066289262163972,20210527T160000_5
AV.DOL..BH,2021-05-27T22:52:58.860000,P,0.861,1.2299163927309564e-06,7,0.0042050090834029,20210527T160000_7
AV.DOL..BH,2021-05-27T22:53:45.560000,P,0.383,5.001979843655136e-06,8,0.0121918972886252,20210527T160000_8
AV.DOL..BH,2021-05-27T22:57:48.280000,P,0.819,1.565421939631051e-06,9,0.0121918972886252,20210527T160000_9
AV.DOL..BH,2021-05-27T23:29:25.740000,P,0.975,2.1519565507333027e-06,11,0.0066289262163972,20210527T160000_11
AV.DOL..BH,2021-05-27T16:56:17.300000,S,0.896,1.9098317807220155e-06,1,0.0010211988919918,20210527T160000_1
AV.DOL..BH,2021-05-27T17:59:56.900000,S,0.834,1.0396020115877036e-06,-1,-1.0,20210527T160000_-1
AV.DOL..BH,2021-05-27T19:51:02.320000,S,0.59,1.225675077876076e-06,4,0.0121918972886252,20210527T160000_4
AV.DOL..BH,2021-05-27T20:58:23.240000,S,0.353,1.023572053782118e-06,-1,-1.0,20210527T160000_-1
AV.DOL..BH,2021-05-27T21:42:20.960000,S,0.763,3.388844561413862e-05,6,0.0066289262163972,20210527T160000_6
AV.DOL..BH,2021-05-27T22:58:06.380000,S,0.68,2.615754056023434e-06,10,0.0121918972886252,20210527T160000_10
AV.DOL..BH,2021-05-27T23:29:47.380000,S,0.843,3.831977664958686e-06,-1,-1.0,20210527T160000_-1
AV.DT1..BH,2021-05-27T16:56:05.100000,P,0.86,1.4154155678625102e-06,1,0.0003678868271825,20210527T160000_1
AV.DT1..BH,2021-05-27T17:57:55.900000,P,0.742,5.349123739506467e-07,2,0.0066289262163972,20210527T160000_2
AV.DT1..BH,2021-05-27T19:50:46.440000,P,0.39,7.390765972559166e-07,3,0.0066289262163972,20210527T160000_3
AV.DT1..BH,2021-05-27T21:42:05.800000,P,0.973,1.0042164831247646e-05,5,0.0042050090834029,20210527T160000_5
AV.DT1..BH,2021-05-27T22:53:01.660000,P,0.49,9.359322348245768e-07,7,0.0010211988919918,20210527T160000_7
AV.DT1..BH,2021-05-27T22:57:51.100000,P,0.925,9.117459285334916e-07,9,0.0066289262163972,20210527T160000_9
AV.DT1..BH,2021-05-27T23:29:23.140000,P,0.895,2.3628579128853744e-06,11,0.0042050090834029,20210527T160000_11
AV.DT1..BH,2021-05-27T16:56:14.100000,S,0.889,1.4154155678625102e-06,1,0.0007428328297066,20210527T160000_1
AV.DT1..BH,2021-05-27T17:58:05.820000,S,0.788,4.902920522908971e-07,2,0.0042050090834029,20210527T160000_2
AV.DT1..BH,2021-05-27T21:42:25.340000,S,0.761,2.7945585316047072e-05,6,0.0042050090834029,20210527T160000_6
AV.DT1..BH,2021-05-27T22:53:53.200000,S,0.398,2.311816388100852e-06,-1,-1.0,20210527T160000_-1
AV.DT1..BH,2021-05-27T22:58:11.680000,S,0.721,1.3538736993723433e-06,10,0.0066289262163972,20210527T160000_10
AV.DT1..BH,2021-05-27T23:29:42.520000,S,0.733,2.0265201783331577e-06,-1,-1.0,20210527T160000_-1
AV.DTN..BH,2021-05-27T16:56:05.980000,P,0.791,1.0047810974356253e-06,1,0.0080248239384555,20210527T160000_1
AV.DTN..BH,2021-05-27T17:57:55.980000,P,0.898,8.474987680529011e-07,2,0.0010211988919918,20210527T160000_2
AV.DTN..BH,2021-05-27T19:50:46.680000,P,0.695,1.0810391586346668e-06,3,0.0042050090834029,20210527T160000_3
AV.DTN..BH,2021-05-27T20:08:47.720000,P,0.557,1.1376821476005716e-06,-1,-1.0,20210527T160000_-1
AV.DTN..BH,2021-05-27T21:42:06.080000,P,0.937,8.138765224430244e-06,5,0.0010211988919918,20210527T160000_5
AV.DTN..BH,2021-05-27T22:53:01.760000,P,0.726,1.4151298728393158e-06,7,0.0003678868271825,20210527T160000_7
AV.DTN..BH,2021-05-27T22:57:51.420000,P,0.883,1.5433379303431138e-06,9,0.0042050090834029,20210527T160000_9
AV.DTN..BH,2021-05-27T23:29:23.560000,P,0.736,1.2039090506732464e-06,11,0.0010211988919918,20210527T160000_11
AV.DTN..BH,2021-05-27T16:56:15.320000,S,0.806,1.0230218094875454e-06,1,0.0057808569578989,20210527T160000_1
AV.DTN..BH,2021-05-27T16:59:19.560000,S,0.351,1.3037930557402433e-06,-1,-1.0,20210527T160000_-1
AV.DTN..BH,2021-05-27T19:51:08.340000,S,0.487,1.2361422250251053e-06,4,0.0066289262163972,20210527T160000_4
AV.DTN..BH,2021-05-27T21:42:26.360000,S,0.56,2.0682642571046017e-05,6,0.0010211988919918,20210527T160000_6
AV.DTN..BH,2021-05-27T22:53:52.800000,S,0.866,3.605478468671208e-06,-1,-1.0,20210527T160000_-1
AV.DTN..BH,2021-05-27T22:58:11.380000,S,0.306,1.0500588132345e-06,-1,-1.0,20210527T160000_-1
AV.DTN..BH,2021-05-27T22:58:12.000000,S,0.343,2.5421045393159147e-06,10,0.0042050090834029,20210527T160000_10
AV.DTN..BH,2021-05-27T23:29:45.440000,S,0.447,1.7358722743665569e-06,-1,-1.0,20210527T160000_-1
AV.HAG..SH,2021-05-27T16:00:00.020000,P,0.665,2.0904445818814565e-07,-1,-1.0,20210527T160000_-1
AV.HAG..SH,2021-05-27T19:52:21.560000,P,0.367,2.383025332619582e-07,-1,-1.0,20210527T160000_-1
AV.HAG..SH,2021-05-27T21:42:04.840000,P,0.966,2.1921476218267344e-05,5,0.0003678868271825,20210527T160000_5
AV.HAG..SH,2021-05-27T22:52:58.820000,P,0.748,1.1639386912065677e-06,7,0.0007428328297066,20210527T160000_7
AV.HAG..SH,2021-05-27T22:57:50.680000,P,0.968,9.455555414206174e-07,9,0.0010211988919918,20210527T160000_9
AV.HAG..SH,2021-05-27T23:29:27.000000,P,0.897,5.038511403654411e-07,11,0.0003678868271825,20210527T160000_11
AV.HAG..SH,2021-05-27T19:51:06.440000,S,0.401,4.89468391151604e-07,4,0.0042050090834029,20210527T160000_4
AV.HAG..SH,2021-05-27T21:42:24.600000,S,0.578,1.942035487445537e-05,6,0.0003678868271825,20210527T160000_6
AV.HAG..SH,2021-05-27T22:53:47.680000,S,0.308,2.4531725557608297e-06,8,0.0066289262163972,20210527T160000_8
AV.HAG..SH,2021-05-27T22:58:10.720000,S,0.737,1.095656671168399e-06,10,0.0010211988919918,20210527T160000_10
AV.PN7A..BH,2021-05-27T16:00:40.940000,P,0.564,1.3828658893544343e-06,-1,-1.0,20210527T160000_-1
AV.PN7A..BH,2021-05-27T16:04:58.220000,P,0.372,1.618249712009856e-06,-1,-1.0,20210527T160000_-1
AV.PS1A..BH,2021-05-27T16:00:00.020000,P,0.532,1.1985138144154917e-06,-1,-1.0,20210527T160000_-1
AV.PS1A..BH,2021-05-27T16:56:11.000000,P,0.444,1.9271149085398065e-06,1,0.0034164361082363,20210527T160000_1
AV.PS1A..BH,2021-05-27T19:52:19.500000,P,0.611,2.049124077529996e-06,-1,-1.0,20210527T160000_-1
AV.PS1A..BH,2021-05-27T21:42:04.380000,P,0.973,1.0919353371718898e-05,5,0.0007428328297066,20210527T160000_5
AV.PS1A..BH,2021-05-27T22:52:57.000000,P,0.943,1.9515482563292608e-06,7,0.0080248239384555,20210527T160000_7
AV.PS1A..BH,2021-05-27T22:57:50.180000,P,0.925,2.3690349735261407e-06,9,0.0003678868271825,20210527T160000_9
AV.PS1A..BH,2021-05-27T16:56:24.820000,S,0.691,1.3987828424433246e-06,1,0.000176065566183,20210527T160000_1
AV.PS1A..BH,2021-05-27T21:42:23.400000,S,0.541,2.246305666631088e-05,6,0.0007428328297066,20210527T160000_6
AV.PS1A..BH,2021-05-27T22:58:10.200000,S,0.802,2.8609206310648005e-06,10,0.0003678868271825,20210527T160000_10
AV.PS4A..BH,2021-05-27T21:42:04.500000,P,0.979,3.334177381475456e-05,5,0.0080248239384555,20210527T160000_5
AV.PS4A..BH,2021-05-27T22:57:50.520000,P,0.62,1.8077408867611664e-06,9,0.0007428328297066,20210527T160000_9
AV.PS4A..BH,2021-05-27T21:42:23.540000,S,0.796,3.242603634134866e-05,6,0.0080248239384555,20210527T160000_6
AV.PS4A..BH,2021-05-27T22:58:10.880000,S,0.704,3.5273426419735188e-06,10,0.0007428328297066,20210527T160000_10
AV.PV6A..SH,2021-05-27T16:00:00.020000,P,0.335,1.0374203895935355e-07,-1,-1.0,20210527T160000_-1
AV.PV6A..SH,2021-05-27T16:37:08.640000,P,0.524,1.876423425528629e-07,-1,-1.0,20210527T160000_-1
AV.PV6A..SH,2021-05-27T17:19:36.220000,P,0.317,2.0485568086314745e-07,-1,-1.0,20210527T160000_-1
AV.PV6A..SH,2021-05-27T17:32:35.220000,P,0.394,1.7521054473945696e-07,-1,-1.0,20210527T160000_-1
AV.PV6A..SH,2021-05-27T17:35:52.320000,P,0.44,1.546042938116443e-07,-1,-1.0,20210527T160000_-1
AV.PV6A..SH,2021-05-27T18:29:15.600000,P,0.805,2.315808274033771e-07,-1,-1.0,20210527T160000_-1
AV.PV6A..SH,2021-05-27T18:47:56.040000,P,0.349,1.249036500894363e-07,-1,-1.0,20210527T160000_-1
AV.PV6A..SH,2021-05-27T19:48:24.400000,P,0.35,1.239394293861551e-07,-1,-1.0,20210527T160000_-1
AV.PV6A..SH,2021-05-27T21:42:07.100000,P,0.965,6.214764198375633e-06,5,0.0057808569578989,20210527T160000_5
AV.PV6A..SH,2021-05-27T21:43:55.240000,P,0.365,1.789467489743402e-07,-1,-1.0,20210527T160000_-1
AV.PV6A..SH,2021-05-27T22:44:13.080000,P,0.422,1.0710898123988954e-07,-1,-1.0,20210527T160000_-1
AV.PV6A..SH,2021-05-27T22:52:57.960000,P,0.911,6.187634085108584e-07,7,0.0057808569578989,20210527T160000_7
AV.PV6A..SH,2021-05-27T22:57:52.980000,P,0.962,6.936033400961605e-07,9,0.0080248239384555,20210527T160000_9
AV.PV6A..SH,2021-05-27T23:17:11.360000,P,0.354,1.091886829840405e-07,-1,-1.0,20210527T160000_-1
AV.PV6A..SH,2021-05-27T23:33:48.400000,P,0.601,2.727212233821774e-07,-1,-1.0,20210527T160000_-1
AV.PV6A..SH,2021-05-27T23:59:18.960000,P,0.439,1.6247564360583058e-07,-1,-1.0,20210527T160000_-1
AV.PV6A..SH,2021-05-27T16:05:15.680000,S,0.315,1.5726618585176769e-07,-1,-1.0,20210527T160000_-1
AV.PV6A..SH,2021-05-27T17:32:42.160000,S,0.396,1.7521054473945696e-07,-1,-1.0,20210527T160000_-1
AV.PV6A..SH,2021-05-27T18:29:18.960000,S,0.644,2.315808274033771e-07,-1,-1.0,20210527T160000_-1
AV.PV6A..SH,2021-05-27T19:51:11.040000,S,0.612,3.965923838222807e-07,4,0.0010211988919918,20210527T160000_4
AV.PV6A..SH,2021-05-27T19:55:29.800000,S,0.35,1.6443445360891928e-07,-1,-1.0,20210527T160000_-1
AV.PV6A..SH,2021-05-27T21:17:40.680000,S,0.34,1.79392046106841e-07,-1,-1.0,20210527T160000_-1
AV.PV6A..SH,2021-05-27T21:42:28.240000,S,0.753,1.2744780178763904e-05,6,0.0057808569578989,20210527T160000_6
AV.PV6A..SH,2021-05-27T22:53:45.980000,S,0.349,8.816824674795498e-07,8,0.0042050090834029,20210527T160000_8
AV.PV6A..SH,2021-05-27T22:58:14.720000,S,0.524,1.0096429150507902e-06,10,0.0080248239384555,20210527T160000_10
AV.PVV..SH,2021-05-27T16:56:23.320000,P,0.308,2.496152546882513e-07,-1,-1.0,20210527T160000_-1
AV.PVV..SH,2021-05-27T21:42:04.180000,P,0.963,1.0846762961591594e-05,5,0.0034164361082363,20210527T160000_5
AV.PVV..SH,2021-05-27T22:18:00.880000,P,0.628,3.4766412682074588e-06,-1,-1.0,20210527T160000_-1
AV.PVV..SH,2021-05-27T22:52:57.420000,P,0.836,6.154426728244289e-07,7,0.0034164361082363,20210527T160000_7
AV.PVV..SH,2021-05-27T22:57:49.960000,P,0.972,4.5510421387007227e-07,9,0.0057808569578989,20210527T160000_9
AV.PVV..SH,2021-05-27T23:29:27.420000,P,0.876,3.600848401674739e-07,11,0.0007428328297066,20210527T160000_11
AV.PVV..SH,2021-05-27T21:42:22.900000,S,0.658,7.27827318769414e-06,6,0.0034164361082363,20210527T160000_6
AV.PVV..SH,2021-05-27T22:18:02.040000,S,0.324,3.4766412682074588e-06,-1,-1.0,20210527T160000_-1
AV.PVV..SH,2021-05-27T22:58:09.700000,S,0.826,5.074783757663681e-07,10,0.0057808569578989,20210527T160000_10
AV.PVV..SH,2021-05-27T23:29:55.440000,S,0.317,3.35156784103674e-07,-1,-1.0,20210527T160000_-1
AV.S12K..BH,2021-05-27T19:50:50.920000,P,0.358,7.374462711595697e-07,3,0.0010211988919918,20210527T160000_3
AV.S12K..BH,2021-05-27T21:42:08.860000,P,0.805,7.345171979977749e-06,5,0.000176065566183,20210527T160000_5
AV.S12K..BH,2021-05-27T22:52:57.240000,P,0.931,1.9689009604917374e-06,7,0.000176065566183,20210527T160000_7
AV.S12K..BH,2021-05-27T22:53:42.440000,P,0.387,3.910608938895166e-06,8,0.0010211988919918,20210527T160000_8
AV.S12K..BH,2021-05-27T22:57:55.500000,P,0.902,9.60921397563652e-07,9,0.0034164361082363,20210527T160000_9
AV.S12K..BH,2021-05-27T17:58:09.640000,S,0.566,7.849118333069782e-07,2,0.0003678868271825,20210527T160000_2
AV.S12K..BH,2021-05-27T19:51:15.400000,S,0.338,9.53973653849971e-07,4,0.0003678868271825,20210527T160000_4
AV.S12K..BH,2021-05-27T21:42:32.800000,S,0.595,2.251210025860928e-05,6,0.000176065566183,20210527T160000_6
AV.S12K..BH,2021-05-27T22:58:19.260000,S,0.582,1.8297477026862907e-06,10,0.0034164361082363,20210527T160000_10
AV.S12K..BH,2021-05-27T23:29:48.780000,S,0.307,6.785448363189062e-07,-1,-1.0,20210527T160000_-1
AV.DEER..BH,2021-05-28T00:48:07.980000,P,0.709,1.1322798627588782e-06,1,0.0050253630649148,20210528T000000_1
AV.DEER..BH,2021-05-28T06:03:19.440000,P,0.982,1.9764518583542667e-05,2,0.0050253630649148,20210528T000000_2
AV.DEER..BH,2021-05-28T07:00:36.040000,P,0.641,8.132482207656722e-07,3,0.0050253630649148,20210528T000000_3
AV.DEER..BH,2021-05-28T00:48:18.120000,S,0.336,1.1322798627588782e-06,1,0.0147180842862479,20210528T000000_1
AV.DEER..BH,2021-05-28T06:03:29.660000,S,0.942,1.9764518583542667e-05,2,0.0147180842862479,20210528T000000_2
AV.DEER..BH,2021-05-28T07:00:56.180000,S,0.584,8.169984084815951e-07,4,0.0050253630649148,20210528T000000_4
AV.DOL..BH,2021-05-28T00:11:49.480000,P,0.578,7.880281032157654e-07,-1,-1.0,20210528T000000_-1
AV.DOL..BH,2021-05-28T00:48:09.960000,P,0.332,9.484795100433984e-07,1,0.0062876541934323,20210528T000000_1
AV.DOL..BH,2021-05-28T06:03:19.020000,P,0.969,1.2095092642994132e-05,2,0.0062876541934323,20210528T000000_2
AV.DOL..BH,2021-05-28T07:00:33.480000,P,0.912,1.2969600220458233e-06,3,0.0147180842862479,20210528T000000_3
AV.DOL..BH,2021-05-28T00:12:07.680000,S,0.549,9.373398484058272e-07,-1,-1.0,20210528T000000_-1
AV.DOL..BH,2021-05-28T00:48:21.440000,S,0.37,1.111530878006306e-06,1,0.0034132385502067,20210528T000000_1
AV.DOL..BH,2021-05-28T04:55:12.200000,S,0.435,1.2032237464154605e-06,-1,-1.0,20210528T000000_-1
AV.DOL..BH,2021-05-28T06:03:28.820000,S,0.95,1.2095092642994132e-05,2,0.0034132385502067,20210528T000000_2
AV.DOL..BH,2021-05-28T06:50:37.640000,S,0.317,1.2555099146993598e-06,-1,-1.0,20210528T000000_-1
AV.DOL..BH,2021-05-28T07:00:51.860000,S,0.457,5.870748282177374e-06,4,0.0147180842862479,20210528T000000_4
AV.DT1..BH,2021-05-28T06:03:19.860000,P,0.943,1.0002693670685405e-05,2,0.0243048597147307,20210528T000000_2
AV.DT1..BH,2021-05-28T07:00:36.520000,P,0.831,1.2212847195769427e-06,3,0.0062876541934323,20210528T000000_3
AV.DT1..BH,2021-05-28T06:03:30.360000,S,0.939,1.0002693670685405e-05,2,0.0014407124179947,20210528T000000_2
AV.DT1..BH,2021-05-28T07:00:56.780000,S,0.827,1.6172542700587655e-06,4,0.0062876541934323,20210528T000000_4
AV.DTN..BH,2021-05-28T00:00:00.020000,P,0.396,1.261661282114801e-06,-1,-1.0,20210528T000000_-1
AV.DTN..BH,2021-05-28T00:48:09.180000,P,0.305,8.923298651097866e-07,1,0.0243048597147307,20210528T000000_1
AV.DTN..BH,2021-05-28T03:51:07.240000,P,0.859,1.012772827380104e-06,-1,-1.0,20210528T000000_-1
AV.DTN..BH,2021-05-28T04:54:57.260000,P,0.446,1.0022233709605644e-06,-1,-1.0,20210528T000000_-1
AV.DTN..BH,2021-05-28T06:03:20.140000,P,0.914,2.0037150534335524e-06,2,0.000287391384988,20210528T000000_2
AV.DTN..BH,2021-05-28T07:00:36.520000,P,0.822,1.4834508874628227e-06,3,0.0034132385502067,20210528T000000_3
AV.DTN..BH,2021-05-28T03:51:08.780000,S,0.512,1.012772827380104e-06,-1,-1.0,20210528T000000_-1
AV.DTN..BH,2021-05-28T06:03:31.060000,S,0.752,2.8283366191317327e-06,2,0.0025477278434889,20210528T000000_2
AV.DTN..BH,2021-05-28T07:00:57.400000,S,0.497,3.1914792089082766e-06,4,0.0034132385502067,20210528T000000_4
AV.HAG..SH,2021-05-28T00:00:00.020000,P,0.592,1.715756923204026e-07,-1,-1.0,20210528T000000_-1
AV.HAG..SH,2021-05-28T06:03:20.980000,P,0.912,3.2620569072605576e-06,2,0.03666328448455,20210528T000000_2
AV.HAG..SH,2021-05-28T07:00:35.720000,P,0.978,1.406049022989464e-06,3,0.0243048597147307,20210528T000000_3
AV.HAG..SH,2021-05-28T06:03:31.860000,S,0.692,3.503832431306364e-06,2,0.0104068537571867,20210528T000000_2
AV.HAG..SH,2021-05-28T07:00:57.720000,S,0.369,1.4246122646000003e-06,-1,-1.0,20210528T000000_-1
AV.PN7A..BH,2021-05-28T06:03:22.640000,P,0.638,1.203156102747016e-06,2,0.0002691009568289,20210528T000000_2
AV.PN7A..BH,2021-05-28T06:03:34.780000,S,0.656,1.285549160456867e-06,2,0.0036589328055796,20210528T000000_2
AV.PS1A..BH,2021-05-28T06:03:21.420000,P,0.984,5.6721819419180974e-06,2,0.0008477715471799,20210528T000000_2
AV.PS1A..BH,2021-05-28T06:50:09.180000,P,0.472,1.15978355097468e-06,-1,-1.0,20210528T000000_-1
AV.PS1A..BH,2021-05-28T07:00:35.480000,P,0.952,2.196246214225539e-06,3,0.0014407124179947,20210528T000000_3
AV.PS1A..BH,2021-05-28T06:03:33.020000,S,0.936,6.673335519735701e-06,2,0.0223628608198008,20210528T000000_2
AV.PS1A..BH,2021-05-28T07:00:55.460000,S,0.632,2.7280088943371084e-06,4,0.0243048597147307,20210528T000000_4
AV.PS4A..BH,2021-05-28T01:39:58.520000,P,0.465,1.850118451329763e-06,-1,-1.0,20210528T000000_-1
AV.PS4A..BH,2021-05-28T06:03:20.840000,P,0.927,7.423872830258915e-06,2,3.8154576170947664e-05,20210528T000000_2
AV.PS4A..BH,2021-05-28T07:00:35.680000,P,0.783,1.8955238374474e-06,3,0.000287391384988,20210528T000000_3
AV.PS4A..BH,2021-05-28T06:03:31.740000,S,0.912,7.515098786825547e-06,2,0.001319390989232,20210528T000000_2
AV.PS4A..BH,2021-05-28T07:00:55.940000,S,0.743,3.130671075268765e-06,4,0.0014407124179947,20210528T000000_4
AV.PV6A..SH,2021-05-28T00:00:00.020000,P,0.559,1.4266306891386193e-07,-1,-1.0,20210528T000000_-1
AV.PV6A..SH,2021-05-28T01:07:23.960000,P,0.317,1.4161940953272278e-07,-1,-1.0,20210528T000000_-1
AV.PV6A..SH,2021-05-28T01:37:28.540000,P,0.622,1.2378579583582905e-07,-1,-1.0,20210528T000000_-1
AV.PV6A..SH,2021-05-28T04:13:34.260000,P,0.347,1.3090256345549278e-07,-1,-1.0,20210528T000000_-1
AV.PV6A..SH,2021-05-28T04:31:39.200000,P,0.444,1.3778060292679586e-07,-1,-1.0,20210528T000000_-1
AV.PV6A..SH,2021-05-28T04:54:59.580000,P,0.446,1.2536177962374498e-07,-1,-1.0,20210528T000000_-1
AV.PV6A..SH,2021-05-28T05:10:25.460000,P,0.312,8.6424286394049e-08,-1,-1.0,20210528T000000_-1
AV.PV6A..SH,2021-05-28T06:03:22.660000,P,0.947,2.443185564970918e-07,2,0.0255451763527672,20210528T000000_2
AV.PV6A..SH,2021-05-28T06:04:16.640000,P,0.497,1.869468917448103e-07,-1,-1.0,20210528T000000_-1
AV.PV6A..SH,2021-05-28T07:00:38.240000,P,0.691,7.570674824819434e-07,3,0.0025477278434889,20210528T000000_3
AV.PV6A..SH,2021-05-28T01:04:27.080000,S,0.308,1.9550729746242728e-07,-1,-1.0,20210528T000000_-1
AV.PV6A..SH,2021-05-28T04:36:21.360000,S,0.348,1.5820994292425897e-07,-1,-1.0,20210528T000000_-1
AV.PV6A..SH,2021-05-28T06:03:35.440000,S,0.895,9.69255665950186e-07,2,0.0097113494503432,20210528T000000_2
AV.PV6A..SH,2021-05-28T06:09:16.400000,S,0.698,2.327884374153655e-07,-1,-1.0,20210528T000000_-1
AV.PV6A..SH,2021-05-28T06:39:03.240000,S,0.42,1.631935191426237e-07,-1,-1.0,20210528T000000_-1
AV.PV6A..SH,2021-05-28T07:01:00.220000,S,0.823,9.010547046273132e-07,4,0.000287391384988,20210528T000000_4
AV.PV6A..SH,2021-05-28T07:03:16.160000,S,0.317,1.459332565900695e-07,-1,-1.0,20210528T000000_-1
AV.PV6A..SH,2021-05-28T07:11:19.240000,S,0.314,1.381894492169522e-07,-1,-1.0,20210528T000000_-1
AV.PVV..SH,2021-05-28T06:03:20.900000,P,0.961,9.87813791653025e-07,2,0.0369651250713267,20210528T000000_2
AV.PVV..SH,2021-05-28T07:00:35.080000,P,0.89,6.524230684590293e-07,3,0.03666328448455,20210528T000000_3
AV.PVV..SH,2021-05-28T01:40:01.440000,S,0.514,3.0818051754977205e-07,-1,-1.0,20210528T000000_-1
AV.PVV..SH,2021-05-28T06:03:32.360000,S,0.44,9.87813791653025e-07,2,0.0030051613828759,20210528T000000_2
AV.PVV..SH,2021-05-28T06:03:33.040000,S,0.379,1.3286992270877818e-06,-1,-1.0,20210528T000000_-1
AV.PVV..SH,2021-05-28T06:09:11.200000,S,0.347,2.472871472036786e-07,-1,-1.0,20210528T000000_-1
AV.S12K..BH,2021-05-28T06:03:24.440000,P,0.967,4.887768909611623e-07,-1,-1.0,20210528T000000_-1
AV.S12K..BH,2021-05-28T07:00:41.000000,P,0.86,1.2466756516005262e-06,3,0.0104068537571867,20210528T000000_3
AV.S12K..BH,2021-05-28T06:03:38.000000,S,0.93,5.182464065001113e-06,-1,-1.0,20210528T000000_-1
AV.S12K..BH,2021-05-28T07:01:05.020000,S,0.514,1.888634983515658e-06,4,0.0025477278434889,20210528T000000_4
AV.DEER..BH,2021-05-28T12:11:23.100000,P,0.942,1.2314696959947469e-06,4,0.0064141328039632,20210528T080000_4
AV.DEER..BH,2021-05-28T14:26:23.280000,P,0.611,8.161926530192432e-07,6,0.0064141328039632,20210528T080000_6
AV.DEER..BH,2021-05-28T12:11:31.220000,S,0.922,1.2314696959947469e-06,4,0.0102099400828448,20210528T080000_4
AV.DEER..BH,2021-05-28T14:26:42.460000,S,0.803,9.584848612576025e-07,7,0.0064141328039632,20210528T080000_7
AV.DOL..BH,2021-05-28T10:54:41.020000,P,0.39,7.200920890682028e-07,3,0.0064141328039632,20210528T080000_3
AV.DOL..BH,2021-05-28T12:11:24.060000,P,0.714,1.1887731261595036e-06,4,0.0086917516577057,20210528T080000_4
AV.DOL..BH,2021-05-28T14:26:20.380000,P,0.843,1.024110247271892e-06,6,0.0102099400828448,20210528T080000_6
AV.DOL..BH,2021-05-28T15:30:00.620000,P,0.561,1.10575797407364e-06,-1,-1.0,20210528T080000_-1
AV.DOL..BH,2021-05-28T15:49:16.960000,P,0.438,7.262063945745467e-07,-1,-1.0,20210528T080000_-1
AV.DOL..BH,2021-05-28T09:51:20.800000,S,0.51,9.502856528342818e-07,-1,-1.0,20210528T080000_-1
AV.DOL..BH,2021-05-28T12:11:33.100000,S,0.806,1.1887731261595036e-06,4,0.0050224605677647,20210528T080000_4
AV.DOL..BH,2021-05-28T12:19:34.320000,S,0.461,1.0016683518188074e-06,-1,-1.0,20210528T080000_-1
AV.DOL..BH,2021-05-28T14:26:38.540000,S,0.762,3.3544033612997737e-06,7,0.0102099400828448,20210528T080000_7
AV.DOL..BH,2021-05-28T15:30:02.200000,S,0.366,1.1072480674556573e-06,-1,-1.0,20210528T080000_-1
AV.DT1..BH,2021-05-28T12:11:24.520000,P,0.949,1.1280427543169935e-06,4,0.0048727995978923,20210528T080000_4
AV.DT1..BH,2021-05-28T14:26:23.420000,P,0.936,1.2440235650501563e-06,6,0.0086917516577057,20210528T080000_6
AV.DT1..BH,2021-05-28T15:29:50.780000,P,0.793,7.654567752979347e-07,-1,-1.0,20210528T080000_-1
AV.DT1..BH,2021-05-28T09:51:25.800000,S,0.313,5.825698963235482e-07,-1,-1.0,20210528T080000_-1
AV.DT1..BH,2021-05-28T12:11:33.500000,S,0.692,1.1280427543169935e-06,4,0.0054830119318447,20210528T080000_4
AV.DT1..BH,2021-05-28T14:26:43.020000,S,0.649,1.7263984091187012e-06,7,0.0086917516577057,20210528T080000_7
AV.DT1..BH,2021-05-28T15:30:02.000000,S,0.855,9.316664772995864e-07,-1,-1.0,20210528T080000_-1
AV.DTN..BH,2021-05-28T08:00:00.020000,P,0.521,6.286501275098999e-07,1,0.0064141328039632,20210528T080000_1
AV.DTN..BH,2021-05-28T10:54:44.620000,P,0.759,8.049083817240898e-07,3,0.0102099400828448,20210528T080000_3
AV.DTN..BH,2021-05-28T11:03:02.200000,P,0.566,8.288554909086088e-07,-1,-1.0,20210528T080000_-1
AV.DTN..BH,2021-05-28T13:20:22.700000,P,0.619,6.665995329058205e-07,-1,-1.0,20210528T080000_-1
AV.DTN..BH,2021-05-28T14:26:23.820000,P,0.937,1.0796488822961692e-06,6,0.0050224605677647,20210528T080000_6
AV.DTN..BH,2021-05-28T10:55:04.340000,S,0.398,7.070361789374147e-07,-1,-1.0,20210528T080000_-1
AV.DTN..BH,2021-05-28T11:03:03.520000,S,0.62,7.777814516884973e-07,-1,-1.0,20210528T080000_-1
AV.DTN..BH,2021-05-28T14:26:43.860000,S,0.612,2.405320174148073e-06,7,0.0050224605677647,20210528T080000_7
AV.HAG..SH,2021-05-28T08:00:00.020000,P,0.824,1.508717701881324e-07,1,0.0102099400828448,20210528T080000_1
AV.HAG..SH,2021-05-28T10:54:43.360000,P,0.652,2.607115447972319e-07,3,0.0086917516577057,20210528T080000_3
AV.HAG..SH,2021-05-28T12:11:27.120000,P,0.473,3.6656979318649974e-07,4,0.0147560245085875,20210528T080000_4
AV.HAG..SH,2021-05-28T14:26:22.500000,P,0.958,1.6584633613092592e-06,6,0.0048727995978923,20210528T080000_6
AV.HAG..SH,2021-05-28T15:49:19.420000,P,0.78,3.433304129885073e-07,-1,-1.0,20210528T080000_-1
AV.HAG..SH,2021-05-28T10:55:03.780000,S,0.52,2.663946645498072e-07,-1,-1.0,20210528T080000_-1
AV.HAG..SH,2021-05-28T14:26:42.820000,S,0.831,1.94485846805037e-06,7,0.0048727995978923,20210528T080000_7
AV.PN7A..BH,2021-05-28T14:26:24.520000,P,0.889,1.4064182778383838e-06,6,0.0054830119318447,20210528T080000_6
AV.PS1A..BH,2021-05-28T08:00:00.020000,P,0.32,8.955652788245061e-07,1,0.0086917516577057,20210528T080000_1
AV.PS1A..BH,2021-05-28T10:54:42.780000,P,0.491,1.1428857078499275e-06,3,0.0050224605677647,20210528T080000_3
AV.PS1A..BH,2021-05-28T12:19:13.880000,P,0.882,1.497955281593022e-06,-1,-1.0,20210528T080000_-1
AV.PS1A..BH,2021-05-28T14:26:22.020000,P,0.961,1.965288902283646e-06,6,0.0147560245085875,20210528T080000_6
AV.PS1A..BH,2021-05-28T14:26:41.980000,S,0.541,2.759392373263836e-06,7,0.0054830119318447,20210528T080000_7
AV.PS4A..BH,2021-05-28T08:00:00.020000,P,0.474,1.2610288422365556e-06,1,0.0050224605677647,20210528T080000_1
AV.PS4A..BH,2021-05-28T14:26:22.140000,P,0.909,2.6120931124751223e-06,6,1.0367258872684347e-05,20210528T080000_6
AV.PS4A..BH,2021-05-28T14:26:41.080000,S,0.601,3.2792306683404604e-06,7,0.0147560245085875,20210528T080000_7
AV.PV6A..SH,2021-05-28T08:00:00.020000,P,0.557,1.547302730386946e-07,1,0.0048727995978923,20210528T080000_1
AV.PV6A..SH,2021-05-28T08:16:36.080000,P,0.478,1.2389594417072658e-07,-1,-1.0,20210528T080000_-1
AV.PV6A..SH,2021-05-28T08:22:38.120000,P,0.356,1.4316508156753116e-07,-1,-1.0,20210528T080000_-1
AV.PV6A..SH,2021-05-28T08:27:51.360000,P,0.328,1.2642558999687026e-07,-1,-1.0,20210528T080000_-1
AV.PV6A..SH,2021-05-28T08:43:46.400000,P,0.311,1.1778865882661198e-07,-1,-1.0,20210528T080000_-1
AV.PV6A..SH,2021-05-28T09:04:56.720000,P,0.716,1.4746795784503774e-07,-1,-1.0,20210528T080000_-1
AV.PV6A..SH,2021-05-28T09:07:20.000000,P,0.336,1.621515082206315e-07,-1,-1.0,20210528T080000_-1
AV.PV6A..SH,2021-05-28T09:51:07.580000,P,0.407,1.04291167701831e-07,-1,-1.0,20210528T080000_-1
AV.PV6A..SH,2021-05-28T10:02:11.240000,P,0.471,2.111311658836712e-07,2,0.0064141328039632,20210528T080000_2
AV.PV6A..SH,2021-05-28T10:49:44.380000,P,0.725,1.22759047371801e-07,-1,-1.0,20210528T080000_-1
AV.PV6A..SH,2021-05-28T10:54:45.800000,P,0.342,1.4115666147063166e-07,3,0.0048727995978923,20210528T080000_3
AV.PV6A..SH,2021-05-28T11:19:08.600000,P,0.513,1.2494183465605604e-07,-1,-1.0,20210528T080000_-1
AV.PV6A..SH,2021-05-28T12:19:16.400000,P,0.564,1.1898999474624361e-07,-1,-1.0,20210528T080000_-1
AV.PV6A..SH,2021-05-28T12:39:24.560000,P,0.691,5.394777531364525e-07,5,0.0064141328039632,20210528T080000_5
AV.PV6A..SH,2021-05-28T14:03:53.280000,P,0.311,1.2343649302692938e-07,-1,-1.0,20210528T080000_-1
AV.PV6A..SH,2021-05-28T14:26:24.720000,P,0.94,7.948434017635009e-07,6,6.743158261044228e-05,20210528T080000_6
AV.PV6A..SH,2021-05-28T15:46:18.680000,P,0.508,1.27921694570432e-07,-1,-1.0,20210528T080000_-1
AV.PV6A..SH,2021-05-28T15:49:22.060000,P,0.427,2.044801448164435e-07,-1,-1.0,20210528T080000_-1
AV.PV6A..SH,2021-05-28T08:02:38.400000,S,0.408,1.8160784520659945e-07,-1,-1.0,20210528T080000_-1
AV.PV6A..SH,2021-05-28T08:39:08.800000,S,0.361,1.3242006957625565e-07,-1,-1.0,20210528T080000_-1
AV.PV6A..SH,2021-05-28T09:51:28.140000,S,0.473,1.3859981606856309e-07,-1,-1.0,20210528T080000_-1
AV.PV6A..SH,2021-05-28T10:02:15.380000,S,0.771,2.111311658836712e-07,2,0.0102099400828448,20210528T080000_2
AV.PV6A..SH,2021-05-28T10:55:06.620000,S,0.759,1.452356030995361e-07,-1,-1.0,20210528T080000_-1
AV.PV6A..SH,2021-05-28T12:19:38.260000,S,0.646,1.522375612239557e-07,-1,-1.0,20210528T080000_-1
AV.PV6A..SH,2021-05-28T12:39:30.340000,S,0.463,5.394777531364525e-07,5,0.0102099400828448,20210528T080000_5
AV.PV6A..SH,2021-05-28T13:06:50.920000,S,0.363,1.2754641431911298e-07,-1,-1.0,20210528T080000_-1
AV.PV6A..SH,2021-05-28T14:12:50.880000,S,0.301,1.3196924442127056e-07,-1,-1.0,20210528T080000_-1
AV.PV6A..SH,2021-05-28T14:17:28.840000,S,0.344,1.6549643078178633e-07,-1,-1.0,20210528T080000_-1
AV.PV6A..SH,2021-05-28T14:26:46.020000,S,0.911,9.014518695948937e-07,7,1.0367258872684347e-05,20210528T080000_7
AV.PV6A..SH,2021-05-28T15:04:55.880000,S,0.317,1.2557565298720874e-07,-1,-1.0,20210528T080000_-1
AV.PV6A..SH,2021-05-28T15:49:45.500000,S,0.514,2.814874164869252e-07,-1,-1.0,20210528T080000_-1
AV.PVV..SH,2021-05-28T10:54:42.580000,P,0.707,2.969101444705302e-07,3,0.0054830119318447,20210528T080000_3
AV.PVV..SH,2021-05-28T12:39:21.320000,P,0.302,2.624563535391644e-07,5,0.0086917516577057,20210528T080000_5
AV.PVV..SH,2021-05-28T14:26:21.820000,P,0.978,1.354042865386873e-06,6,0.0018486616270114,20210528T080000_6
AV.PVV..SH,2021-05-28T15:49:40.280000,P,0.405,2.4532090492357383e-07,-1,-1.0,20210528T080000_-1
AV.PVV..SH,2021-05-28T12:39:25.040000,S,0.366,2.624563535391644e-07,5,0.0050224605677647,20210528T080000_5
AV.PVV..SH,2021-05-28T14:26:40.780000,S,0.743,5.333143349162128e-07,7,6.743158261044228e-05,20210528T080000_7
AV.PVV..SH,2021-05-28T15:49:45.160000,S,0.311,2.4532090492357383e-07,-1,-1.0,20210528T080000_-1
AV.S12K..BH,2021-05-28T10:02:05.580000,P,0.687,1.804205794542213e-06,2,0.0086917516577057,20210528T080000_2
AV.S12K..BH,2021-05-28T10:02:23.680000,P,0.396,5.567670768868993e-07,-1,-1.0,20210528T080000_-1
AV.S12K..BH,2021-05-28T14:26:27.260000,P,0.831,9.534994660498342e-07,6,0.0086968890459805,20210528T080000_6
AV.S12K..BH,2021-05-28T10:02:09.460000,S,0.893,1.804205794542213e-06,2,0.0050224605677647,20210528T080000_2
AV.S12K..BH,2021-05-28T14:26:50.800000,S,0.763,1.7103466234402731e-06,7,0.0018486616270114,20210528T080000_7
AV.DEER..BH,2021-05-28T16:12:28.100000,P,0.958,3.187198444720707e-06,1,0.0489070931006558,20210528T160000_1
AV.DEER..BH,2021-05-28T16:12:35.300000,S,0.926,3.187198444720707e-06,1,0.0088790916646406,20210528T160000_1
AV.DOL..BH,2021-05-28T16:12:32.700000,P,0.623,2.8312574613664765e-06,1,0.0652812439580396,20210528T160000_1
AV.DOL..BH,2021-05-28T16:12:39.320000,S,0.922,2.8312574613664765e-06,-1,-1.0,20210528T160000_-1
AV.DT1..BH,2021-05-28T16:12:29.900000,P,0.955,9.919684089254588e-06,1,0.0022582840078944,20210528T160000_1
AV.DT1..BH,2021-05-28T16:12:38.580000,S,0.958,9.919684089254588e-06,1,0.0666027935703328,20210528T160000_1
AV.DTN..BH,2021-05-28T16:00:00.020000,P,0.323,8.447393611277221e-07,-1,-1.0,20210528T160000_-1
AV.DTN..BH,2021-05-28T16:12:30.700000,P,0.763,1.6888525351532737e-06,1,0.0617501054431927,20210528T160000_1
AV.DTN..BH,2021-05-28T16:12:39.800000,S,0.862,1.6888525351532737e-06,1,0.00425301186198,20210528T160000_1
AV.HAG..SH,2021-05-28T16:00:00.020000,P,0.555,1.4811440962603228e-07,-1,-1.0,20210528T160000_-1
AV.HAG..SH,2021-05-28T16:12:33.520000,P,0.599,1.046013835548365e-06,1,0.0620177715064917,20210528T160000_1
AV.HAG..SH,2021-05-28T16:12:45.040000,S,0.588,1.4456370536208851e-06,1,0.0484305806832256,20210528T160000_1
AV.HAG..SH,2021-05-28T21:13:14.040000,S,0.313,4.305111360736192e-07,-1,-1.0,20210528T160000_-1
AV.PN7A..BH,2021-05-28T21:36:31.040000,S,0.452,1.411581365573511e-06,-1,-1.0,20210528T160000_-1
AV.PS1A..BH,2021-05-28T16:00:00.020000,P,0.498,9.420424476047628e-07,-1,-1.0,20210528T160000_-1
AV.PS1A..BH,2021-05-28T16:12:35.500000,P,0.739,1.3305090078574722e-06,1,0.0062179776425346,20210528T160000_1
AV.PS1A..BH,2021-05-28T19:00:35.240000,P,0.697,1.0333839099985198e-06,2,0.0489070931006558,20210528T160000_2
AV.PS1A..BH,2021-05-28T16:12:47.840000,S,0.563,1.660791212998447e-06,1,0.0618141817042279,20210528T160000_1
AV.PV6A..SH,2021-05-28T16:12:51.820000,P,0.656,1.80293554308264e-07,-1,-1.0,20210528T160000_-1
AV.PV6A..SH,2021-05-28T16:28:50.960000,P,0.395,1.26897589325381e-07,-1,-1.0,20210528T160000_-1
AV.PV6A..SH,2021-05-28T18:39:44.980000,P,0.448,1.486962446506368e-07,-1,-1.0,20210528T160000_-1
AV.PV6A..SH,2021-05-28T18:49:34.460000,P,0.408,1.8200776707999466e-07,-1,-1.0,20210528T160000_-1
AV.PV6A..SH,2021-05-28T19:00:37.520000,P,0.396,1.8900817622125032e-07,2,0.0088790916646406,20210528T160000_2
AV.PV6A..SH,2021-05-28T21:36:28.940000,P,0.628,5.832222313983948e-07,-1,-1.0,20210528T160000_-1
AV.PV6A..SH,2021-05-28T19:34:49.440000,S,0.543,2.6110512862942414e-07,-1,-1.0,20210528T160000_-1
AV.PV6A..SH,2021-05-28T21:36:31.600000,S,0.551,5.832222313983948e-07,-1,-1.0,20210528T160000_-1
AV.PVV..SH,2021-05-28T16:12:42.920000,P,0.385,5.387506121223851e-07,-1,-1.0,20210528T160000_-1
AV.PVV..SH,2021-05-28T19:00:35.320000,P,0.481,2.685694369120029e-07,2,0.0652812439580396,20210528T160000_2
AV.PVV..SH,2021-05-28T16:12:46.700000,S,0.816,5.387506121223851e-07,1,0.0610188607584487,20210528T160000_1
AV.PVV..SH,2021-05-28T19:00:37.360000,S,0.423,2.685694369120029e-07,2,0.0022582840078944,20210528T160000_2
AV.DEER..BH,2021-05-29T00:41:21.540000,P,0.913,3.923883014067542e-06,1,0.139109245513003,20210529T000000_1
AV.DEER..BH,2021-05-29T00:41:30.900000,S,0.937,3.923883014067542e-06,1,0.1427857400617126,20210529T000000_1
AV.DOL..BH,2021-05-29T00:41:20.300000,P,0.904,8.5470310295932e-06,1,0.0922323837945908,20210529T000000_1
AV.DOL..BH,2021-05-29T00:41:28.520000,S,0.863,8.5470310295932e-06,1,0.090619423630339,20210529T000000_1
AV.DOL..BH,2021-05-29T07:51:55.020000,S,0.706,3.2058458145911573e-06,2,0.139109245513003,20210529T000000_2
AV.DT1..BH,2021-05-29T00:41:21.620000,P,0.976,4.425818133313442e-06,1,0.0005584499914758,20210529T000000_1
AV.DT1..BH,2021-05-29T00:41:30.920000,S,0.944,4.425818133313442e-06,1,0.1406813002849697,20210529T000000_1
AV.DTN..BH,2021-05-29T00:29:28.620000,P,0.6,1.9391291061765514e-06,-1,-1.0,20210529T000000_-1
AV.DTN..BH,2021-05-29T00:41:21.860000,P,0.927,3.421545670789783e-06,1,0.1284047456035255,20210529T000000_1
AV.DTN..BH,2021-05-29T00:53:37.040000,P,0.356,2.1059929622424534e-06,-1,-1.0,20210529T000000_-1
AV.DTN..BH,2021-05-29T00:56:02.400000,P,0.381,2.2869544409331866e-06,-1,-1.0,20210529T000000_-1
AV.DTN..BH,2021-05-29T02:33:44.880000,P,0.575,1.9728829556697747e-06,-1,-1.0,20210529T000000_-1
AV.DTN..BH,2021-05-29T02:39:58.320000,P,0.731,3.276574489063933e-06,-1,-1.0,20210529T000000_-1
AV.DTN..BH,2021-05-29T04:21:53.360000,P,0.517,2.7535465960681904e-06,-1,-1.0,20210529T000000_-1
AV.DTN..BH,2021-05-29T00:41:31.280000,S,0.847,3.421545670789783e-06,1,0.000486589538896,20210529T000000_1
AV.DTN..BH,2021-05-29T00:53:41.440000,S,0.312,2.1059929622424534e-06,-1,-1.0,20210529T000000_-1
AV.HAG..SH,2021-05-29T00:41:21.740000,P,0.973,2.665544798219344e-06,1,0.1441297693802556,20210529T000000_1
AV.HAG..SH,2021-05-29T01:07:11.720000,P,0.619,6.045915483809949e-07,-1,-1.0,20210529T000000_-1
AV.HAG..SH,2021-05-29T05:21:18.700000,P,0.7,9.581939366398728e-07,-1,-1.0,20210529T000000_-1
AV.HAG..SH,2021-05-29T05:22:37.040000,P,0.357,6.934673706382455e-07,-1,-1.0,20210529T000000_-1
AV.HAG..SH,2021-05-29T05:49:08.220000,P,0.519,1.5770613117638277e-06,-1,-1.0,20210529T000000_-1
AV.HAG..SH,2021-05-29T06:53:31.920000,P,0.323,8.853888857629499e-07,-1,-1.0,20210529T000000_-1
AV.HAG..SH,2021-05-29T06:55:28.080000,P,0.69,1.079507683243719e-06,-1,-1.0,20210529T000000_-1
AV.HAG..SH,2021-05-29T06:56:29.340000,P,0.486,8.600767387179076e-07,-1,-1.0,20210529T000000_-1
AV.HAG..SH,2021-05-29T06:56:57.580000,P,0.368,8.163077040990174e-07,-1,-1.0,20210529T000000_-1
AV.HAG..SH,2021-05-29T00:41:22.880000,S,0.669,2.665544798219344e-06,-1,-1.0,20210529T000000_-1
AV.HAG..SH,2021-05-29T00:41:30.840000,S,0.357,6.890726922392787e-07,1,0.000664279765572,20210529T000000_1
AV.HAG..SH,2021-05-29T01:07:16.860000,S,0.658,6.045915483809949e-07,-1,-1.0,20210529T000000_-1
AV.HAG..SH,2021-05-29T05:21:25.360000,S,0.492,9.581939366398728e-07,-1,-1.0,20210529T000000_-1
AV.HAG..SH,2021-05-29T05:30:39.320000,S,0.332,9.93864773590758e-07,-1,-1.0,20210529T000000_-1
AV.HAG..SH,2021-05-29T05:49:08.140000,S,0.31,1.5770613117638277e-06,-1,-1.0,20210529T000000_-1
AV.HAG..SH,2021-05-29T06:33:03.920000,S,0.355,9.658213002694538e-07,-1,-1.0,20210529T000000_-1
AV.HAG..SH,2021-05-29T06:56:32.760000,S,0.395,8.600767387179076e-07,-1,-1.0,20210529T000000_-1
AV.HAG..SH,2021-05-29T07:52:00.120000,S,0.301,1.3806103424940377e-06,2,0.1427857400617126,20210529T000000_2
AV.PS1A..BH,2021-05-29T00:00:00.020000,P,0.363,2.511329284970998e-06,-1,-1.0,20210529T000000_-1
AV.PS1A..BH,2021-05-29T00:41:22.200000,P,0.971,2.758387836365728e-06,1,0.0001484050529408,20210529T000000_1
AV.PS1A..BH,2021-05-29T03:19:38.220000,P,0.555,2.3907307422632584e-06,-1,-1.0,20210529T000000_-1
AV.PS1A..BH,2021-05-29T05:40:22.060000,P,0.42,2.429178721286007e-06,-1,-1.0,20210529T000000_-1
AV.PS1A..BH,2021-05-29T00:41:32.060000,S,0.759,2.0397897060320247e-06,1,0.0001857910771916,20210529T000000_1
AV.PS4A..BH,2021-05-29T00:41:21.680000,P,0.362,2.696800038393121e-06,1,0.0002265646948735,20210529T000000_1
AV.PS4A..BH,2021-05-29T00:41:31.880000,S,0.488,2.667791022759048e-06,1,0.0001398008831118,20210529T000000_1
AV.PV6A..SH,2021-05-29T00:41:23.500000,P,0.98,4.62047040628022e-07,1,0.1342436976858951,20210529T000000_1
AV.PV6A..SH,2021-05-29T01:37:53.180000,P,0.491,3.333881579692388e-07,-1,-1.0,20210529T000000_-1
AV.PV6A..SH,2021-05-29T04:16:12.640000,P,0.422,4.688139370045974e-07,-1,-1.0,20210529T000000_-1
AV.PV6A..SH,2021-05-29T06:52:25.580000,P,0.568,3.721545454027364e-07,-1,-1.0,20210529T000000_-1
AV.PV6A..SH,2021-05-29T07:51:42.080000,P,0.576,5.224078449828085e-07,-1,-1.0,20210529T000000_-1
AV.PV6A..SH,2021-05-29T00:41:34.600000,S,0.943,3.645027106813359e-07,1,0.0005821777720744,20210529T000000_1
AV.PV6A..SH,2021-05-29T02:17:47.780000,S,0.477,4.162140783137147e-07,-1,-1.0,20210529T000000_-1
AV.PV6A..SH,2021-05-29T07:52:05.380000,S,0.839,8.514130058756564e-07,2,0.0922323837945908,20210529T000000_2
AV.PVV..SH,2021-05-29T00:41:21.720000,P,0.959,6.014763016537472e-07,1,0.1579837119544218,20210529T000000_1
AV.PVV..SH,2021-05-29T07:51:38.800000,P,0.666,5.786196197732352e-07,-1,-1.0,20210529T000000_-1
AV.PVV..SH,2021-05-29T00:41:32.160000,S,0.773,3.860148183321144e-07,1,0.0010439735053162,20210529T000000_1
AV.PVV..SH,2021-05-29T07:51:59.320000,S,0.382,5.192566732148407e-07,2,0.090619423630339,20210529T000000_2
AV.S12K..BH,2021-05-29T00:41:22.200000,P,0.561,7.500638048441033e-07,-1,-1.0,20210529T000000_-1
AV.S12K..BH,2021-05-29T00:10:02.080000,S,0.404,9.050492053575e-07,-1,-1.0,20210529T000000_-1
AV.S12K..BH,2021-05-29T00:41:37.000000,S,0.906,1.4346159105116385e-06,-1,-1.0,20210529T000000_-1
AV.DEER..BH,2021-05-29T15:46:23.680000,S,0.462,1.5787153415658397e-06,-1,-1.0,20210529T080000_-1
AV.DOL..BH,2021-05-29T08:04:54.260000,P,0.886,2.4182800189009868e-06,1,6.095102398940613e-05,20210529T080000_1
AV.DOL..BH,2021-05-29T08:06:09.780000,P,0.524,3.635198709162069e-06,3,6.095102398940613e-05,20210529T080000_3
AV.DOL..BH,2021-05-29T13:22:53.880000,P,0.374,1.5507749822063488e-06,-1,-1.0,20210529T080000_-1
AV.DOL..BH,2021-05-29T08:05:12.240000,S,0.834,5.456872713693883e-06,2,6.095102398940613e-05,20210529T080000_2
AV.DOL..BH,2021-05-29T08:06:09.840000,S,0.361,3.635198709162069e-06,-1,-1.0,20210529T080000_-1
AV.DOL..BH,2021-05-29T08:06:18.100000,S,0.333,3.2121147341968026e-06,3,0.0436289591068681,20210529T080000_3
AV.DOL..BH,2021-05-29T08:29:49.880000,S,0.413,3.3142921438411577e-06,-1,-1.0,20210529T080000_-1
AV.DOL..BH,2021-05-29T13:42:57.960000,S,0.377,2.136305965905194e-06,-1,-1.0,20210529T080000_-1
AV.DT1..BH,2021-05-29T08:05:17.020000,S,0.734,2.401083747827215e-06,2,0.0436289591068681,20210529T080000_2
AV.DTN..BH,2021-05-29T08:00:00.020000,P,0.326,2.123221975125489e-06,-1,-1.0,20210529T080000_-1
AV.DTN..BH,2021-05-29T08:04:57.760000,P,0.654,2.507647650418221e-06,1,0.0436289591068681,20210529T080000_1
AV.DTN..BH,2021-05-29T08:05:17.760000,S,0.651,4.932875526719727e-06,2,0.0057848681176617,20210529T080000_2
AV.HAG..SH,2021-05-29T08:06:15.040000,S,0.62,1.931582801262266e-06,3,0.0057848681176617,20210529T080000_3
AV.PN7A..BH,2021-05-29T08:04:59.880000,P,0.567,2.4863809358066646e-06,1,0.0057848681176617,20210529T080000_1
AV.PS1A..BH,2021-05-29T08:00:00.840000,P,0.303,4.196857844362967e-06,-1,-1.0,20210529T080000_-1
AV.PS1A..BH,2021-05-29T08:04:56.700000,P,0.834,3.518113544487278e-06,1,0.0001166376727541,20210529T080000_1
AV.PS1A..BH,2021-05-29T11:55:07.820000,P,0.639,3.620698862505378e-06,-1,-1.0,20210529T080000_-1
AV.PS1A..BH,2021-05-29T15:48:17.960000,P,0.504,3.637665940914303e-06,4,6.095102398940613e-05,20210529T080000_4
AV.PS1A..BH,2021-05-29T08:05:17.660000,S,0.551,5.1764595809800085e-06,2,0.0001166376727541,20210529T080000_2
AV.PS4A..BH,2021-05-29T08:04:56.940000,P,0.583,4.092813014722196e-06,1,0.0398348015359762,20210529T080000_1
AV.PV6A..SH,2021-05-29T08:04:59.340000,P,0.616,1.2484053968364606e-06,1,0.0009289208788199,20210529T080000_1
AV.PV6A..SH,2021-05-29T08:25:44.880000,P,0.344,3.095491365456837e-07,-1,-1.0,20210529T080000_-1
AV.PV6A..SH,2021-05-29T11:18:30.860000,P,0.608,4.885850444225071e-07,-1,-1.0,20210529T080000_-1
AV.PV6A..SH,2021-05-29T11:58:42.940000,P,0.861,8.565658049519698e-07,-1,-1.0,20210529T080000_-1
AV.PV6A..SH,2021-05-29T15:48:18.080000,P,0.533,3.133376935693377e-07,4,0.0436289591068681,20210529T080000_4
AV.PV6A..SH,2021-05-29T08:05:22.620000,S,0.789,1.5665769979023023e-06,2,0.0398348015359762,20210529T080000_2
AV.PV6A..SH,2021-05-29T11:55:33.560000,S,0.407,2.707431576709496e-07,-1,-1.0,20210529T080000_-1
AV.PV6A..SH,2021-05-29T11:58:48.560000,S,0.463,8.565658049519698e-07,-1,-1.0,20210529T080000_-1
AV.PV6A..SH,2021-05-29T13:23:19.360000,S,0.443,2.554265279286483e-07,-1,-1.0,20210529T080000_-1
AV.PV6A..SH,2021-05-29T13:43:05.740000,S,0.371,2.719554288432846e-07,-1,-1.0,20210529T080000_-1
AV.PV6A..SH,2021-05-29T14:40:19.360000,S,0.4,3.219399786758004e-07,-1,-1.0,20210529T080000_-1
AV.PV6A..SH,2021-05-29T15:48:21.720000,S,0.389,3.133376935693377e-07,4,0.0057848681176617,20210529T080000_4
AV.PVV..SH,2021-05-29T08:04:56.060000,P,0.843,8.44530291033152e-07,1,0.0037970442077479,20210529T080000_1
AV.PVV..SH,2021-05-29T08:05:54.180000,P,0.901,5.641005600409699e-07,-1,-1.0,20210529T080000_-1
AV.PVV..SH,2021-05-29T10:21:10.600000,P,0.346,2.9215831887086097e-07,-1,-1.0,20210529T080000_-1
AV.PVV..SH,2021-05-29T14:28:09.480000,P,0.451,7.939824513414351e-07,-1,-1.0,20210529T080000_-1
AV.PVV..SH,2021-05-29T08:05:16.760000,S,0.595,1.0391665909992298e-06,2,0.0009289208788199,20210529T080000_2
AV.PVV..SH,2021-05-29T08:06:14.560000,S,0.436,7.585319394820544e-07,3,0.0001166376727541,20210529T080000_3
AV.S12K..BH,2021-05-29T15:48:20.560000,P,0.39,1.192755917145405e-06,4,0.0001166376727541,20210529T080000_4
AV.S12K..BH,2021-05-29T08:05:28.160000,S,0.404,2.885794174289913e-06,2,0.0037970442077479,20210529T080000_2
AV.DEER..BH,2021-05-29T18:29:58.060000,P,0.744,2.019073008341365e-06,1,0.0149390392216353,20210529T160000_1
AV.DEER..BH,2021-05-29T21:01:33.600000,P,0.816,1.1115334928035736e-06,2,0.0149390392216353,20210529T160000_2
AV.DEER..BH,2021-05-29T22:49:28.020000,P,0.766,1.1981637726421468e-06,5,0.0149390392216353,20210529T160000_5
AV.DEER..BH,2021-05-29T18:30:06.220000,S,0.871,2.019073008341365e-06,1,0.0034025343922814,20210529T160000_1
AV.DEER..BH,2021-05-29T21:01:43.380000,S,0.659,1.4646254840045003e-06,2,0.0034025343922814,20210529T160000_2
AV.DEER..BH,2021-05-29T22:49:41.540000,S,0.608,1.4639523442383506e-06,5,0.0034025343922814,20210529T160000_5
AV.DOL..BH,2021-05-29T17:27:02.780000,P,0.445,1.489517330810486e-06,-1,-1.0,20210529T160000_-1
AV.DOL..BH,2021-05-29T18:29:59.860000,P,0.909,4.547470780380536e-06,-1,-1.0,20210529T160000_-1
AV.DOL..BH,2021-05-29T21:01:38.780000,P,0.848,1.6929311641433742e-06,2,0.0090983728255279,20210529T160000_2
AV.DOL..BH,2021-05-29T21:42:34.060000,P,0.334,1.7862233789855964e-06,-1,-1.0,20210529T160000_-1
AV.DOL..BH,2021-05-29T22:15:16.940000,P,0.856,2.206388671766036e-06,3,0.0149390392216353,20210529T160000_3
AV.DOL..BH,2021-05-29T22:49:24.700000,P,0.829,4.200630883133272e-06,5,0.0090983728255279,20210529T160000_5
AV.DOL..BH,2021-05-29T17:41:08.200000,S,0.398,2.07229254556296e-06,-1,-1.0,20210529T160000_-1
AV.DOL..BH,2021-05-29T18:30:10.020000,S,0.926,4.547470780380536e-06,-1,-1.0,20210529T160000_-1
AV.DOL..BH,2021-05-29T21:01:52.740000,S,0.816,2.4456874143652385e-06,-1,-1.0,20210529T160000_-1
AV.DOL..BH,2021-05-29T22:15:35.120000,S,0.663,6.497416507045273e-06,4,0.0149390392216353,20210529T160000_4
AV.DOL..BH,2021-05-29T22:49:36.620000,S,0.909,4.302706656744704e-06,5,0.0163847012123681,20210529T160000_5
AV.DT1..BH,2021-05-29T18:29:59.760000,P,0.981,3.950819518649951e-06,1,0.0090983728255279,20210529T160000_1
AV.DT1..BH,2021-05-29T21:01:35.160000,P,0.539,1.8743103282758968e-06,2,0.0163847012123681,20210529T160000_2
AV.DT1..BH,2021-05-29T22:15:19.820000,P,0.865,1.2799079058822826e-06,3,0.0034025343922814,20210529T160000_3
AV.DT1..BH,2021-05-29T22:49:27.700000,P,0.96,2.475976771165733e-06,5,0.0051607363951017,20210529T160000_5
AV.DT1..BH,2021-05-29T18:30:09.540000,S,0.902,3.950819518649951e-06,1,0.0163847012123681,20210529T160000_1
AV.DT1..BH,2021-05-29T21:01:46.240000,S,0.597,1.8743103282758968e-06,2,0.0051607363951017,20210529T160000_2
AV.DT1..BH,2021-05-29T21:42:56.840000,S,0.337,1.167658410849981e-06,-1,-1.0,20210529T160000_-1
AV.DT1..BH,2021-05-29T22:15:39.900000,S,0.527,3.293964027761831e-06,4,0.0034025343922814,20210529T160000_4
AV.DT1..BH,2021-05-29T22:49:41.740000,S,0.938,2.150837417502771e-06,5,0.009939303306924,20210529T160000_5
AV.DTN..BH,2021-05-29T21:01:36.220000,P,0.427,1.7006216239678906e-06,2,0.009939303306924,20210529T160000_2
AV.DTN..BH,2021-05-29T21:42:37.160000,P,0.605,2.497144123481121e-06,-1,-1.0,20210529T160000_-1
AV.DTN..BH,2021-05-29T22:15:20.040000,P,0.906,2.4403057068411727e-06,3,0.0090983728255279,20210529T160000_3
AV.DTN..BH,2021-05-29T22:49:27.960000,P,0.946,1.942733206306002e-06,5,0.0008727005640383,20210529T160000_5
AV.DTN..BH,2021-05-29T22:15:41.120000,S,0.599,4.267181793693453e-06,4,0.0090983728255279,20210529T160000_4
AV.DTN..BH,2021-05-29T22:49:42.640000,S,0.74,3.3062303828046424e-06,5,0.0036888463601439,20210529T160000_5
AV.HAG..SH,2021-05-29T18:30:03.360000,P,0.823,7.51136326471169e-07,1,0.0051607363951017,20210529T160000_1
AV.HAG..SH,2021-05-29T22:15:19.340000,P,0.639,1.935663931362797e-06,3,0.0163847012123681,20210529T160000_3
AV.HAG..SH,2021-05-29T22:49:26.820000,P,0.965,1.0502051281946478e-06,5,0.0067144450748612,20210529T160000_5
AV.HAG..SH,2021-05-29T22:50:25.500000,P,0.533,3.279694169577852e-07,-1,-1.0,20210529T160000_-1
AV.HAG..SH,2021-05-29T18:30:16.320000,S,0.526,1.627341475796129e-06,1,0.009939303306924,20210529T160000_1
AV.HAG..SH,2021-05-29T22:15:40.180000,S,0.611,2.1966257008898538e-06,4,0.0163847012123681,20210529T160000_4
AV.HAG..SH,2021-05-29T22:49:40.960000,S,0.524,1.896513595056604e-06,5,0.0004179085464984,20210529T160000_5
AV.PN7A..BH,2021-05-29T22:15:21.800000,P,0.571,2.302026814504643e-06,3,0.0051607363951017,20210529T160000_3
AV.PS1A..BH,2021-05-29T16:00:00.020000,P,0.419,4.422847723617451e-06,-1,-1.0,20210529T160000_-1
AV.PS1A..BH,2021-05-29T17:27:05.320000,P,0.357,2.560404482210288e-06,-1,-1.0,20210529T160000_-1
AV.PS1A..BH,2021-05-29T22:15:19.100000,P,0.787,2.5726026251504663e-06,3,0.009939303306924,20210529T160000_3
AV.PS1A..BH,2021-05-29T22:49:26.680000,P,0.911,2.7860348836838966e-06,5,0.0159374830774787,20210529T160000_5
AV.PS1A..BH,2021-05-29T22:15:38.700000,S,0.52,5.597225481324131e-06,4,0.0051607363951017,20210529T160000_4
AV.PS1A..BH,2021-05-29T22:49:40.460000,S,0.626,3.397600494281505e-06,5,0.0063904389921251,20210529T160000_5
AV.PS4A..BH,2021-05-29T18:30:03.500000,P,0.436,3.4052545743179508e-06,1,0.0008727005640383,20210529T160000_1
AV.PS4A..BH,2021-05-29T18:30:16.760000,S,0.397,4.783385975315468e-06,1,0.0036888463601439,20210529T160000_1
AV.PS4A..BH,2021-05-29T22:49:40.580000,S,0.627,3.997142357548e-06,5,0.000184373025682,20210529T160000_5
AV.PV6A..SH,2021-05-29T16:51:15.180000,P,0.322,2.2154253542794322e-07,-1,-1.0,20210529T160000_-1
AV.PV6A..SH,2021-05-29T17:32:27.480000,P,0.363,2.550970066295122e-07,-1,-1.0,20210529T160000_-1
AV.PV6A..SH,2021-05-29T19:28:35.100000,P,0.636,8.679442089487566e-07,-1,-1.0,20210529T160000_-1
AV.PV6A..SH,2021-05-29T22:15:21.800000,P,0.806,1.120607976190513e-06,3,0.0008727005640383,20210529T160000_3
AV.PV6A..SH,2021-05-29T22:49:29.260000,P,0.873,3.712939644628932e-07,5,0.0020368221733734,20210529T160000_5
AV.PV6A..SH,2021-05-29T17:32:32.560000,S,0.526,2.550970066295122e-07,-1,-1.0,20210529T160000_-1
AV.PV6A..SH,2021-05-29T18:30:22.320000,S,0.471,2.474956772857695e-07,-1,-1.0,20210529T160000_-1
AV.PV6A..SH,2021-05-29T20:04:17.440000,S,0.577,3.045924472644401e-07,-1,-1.0,20210529T160000_-1
AV.PV6A..SH,2021-05-29T21:42:58.680000,S,0.367,1.5427873734097377e-07,-1,-1.0,20210529T160000_-1
AV.PV6A..SH,2021-05-29T21:42:59.360000,S,0.318,2.956714979518438e-07,-1,-1.0,20210529T160000_-1
AV.PV6A..SH,2021-05-29T22:15:44.100000,S,0.69,1.6337149872924783e-06,4,0.009939303306924,20210529T160000_4
AV.PV6A..SH,2021-05-29T22:49:44.760000,S,0.925,1.6257821471299394e-06,5,0.0005980366296745,20210529T160000_5
AV.PVV..SH,2021-05-29T16:44:19.440000,P,0.712,6.113832569099031e-07,-1,-1.0,20210529T160000_-1
AV.PVV..SH,2021-05-29T18:30:03.820000,P,0.961,4.204057120205107e-07,1,0.0067144450748612,20210529T160000_1
AV.PVV..SH,2021-05-29T22:15:18.680000,P,0.979,1.2212619822093984e-06,3,0.0036888463601439,20210529T160000_3
AV.PVV..SH,2021-05-29T22:49:26.360000,P,0.889,5.880210096620431e-07,5,0.0054188105911721,20210529T160000_5
AV.PVV..SH,2021-05-29T16:44:21.640000,S,0.303,6.113832569099031e-07,-1,-1.0,20210529T160000_-1
AV.PVV..SH,2021-05-29T18:30:17.140000,S,0.596,5.674981480296992e-07,1,0.0004179085464984,20210529T160000_1
AV.PVV..SH,2021-05-29T20:04:16.320000,S,0.746,3.262711345541902e-07,-1,-1.0,20210529T160000_-1
AV.PVV..SH,2021-05-29T22:15:38.720000,S,0.485,1.0164390005229509e-06,4,0.0008727005640383,20210529T160000_4
AV.PVV..SH,2021-05-29T22:49:40.060000,S,0.606,8.283009833576216e-07,5,0.0132745912061133,20210529T160000_5
AV.S12K..BH,2021-05-29T22:15:24.560000,P,0.842,2.0685920389951207e-06,3,0.0067144450748612,20210529T160000_3
AV.S12K..BH,2021-05-29T22:49:31.800000,P,0.822,1.1401565416235826e-06,5,0.021869621011161,20210529T160000_5
AV.S12K..BH,2021-05-29T22:15:49.200000,S,0.558,3.0487549338431563e-06,4,0.0036888463601439,20210529T160000_4
AV.S12K..BH,2021-05-29T22:49:49.080000,S,0.753,1.4301665487437276e-06,5,0.0037334770251426,20210529T160000_5
AV.DEER..BH,2021-05-30T04:05:54.560000,P,0.448,2.354328216824797e-06,1,0.0044826476039668,20210530T000000_1
AV.DEER..BH,2021-05-30T05:38:20.780000,P,0.825,1.955997049662983e-06,2,0.0044826476039668,20210530T000000_2
AV.DEER..BH,2021-05-30T05:38:51.720000,P,0.638,4.322203039919259e-06,3,0.0044826476039668,20210530T000000_3
AV.DEER..BH,2021-05-30T07:40:56.260000,P,0.935,7.729177923465613e-06,4,0.0044826476039668,20210530T000000_4
AV.DEER..BH,2021-05-30T05:38:55.840000,S,0.481,4.322203039919259e-06,3,0.019897683492634,20210530T000000_3
AV.DEER..BH,2021-05-30T07:41:06.160000,S,0.909,7.729177923465613e-06,4,0.019897683492634,20210530T000000_4
AV.DOL..BH,2021-05-30T00:00:00.020000,P,0.326,1.3038038559898268e-06,-1,-1.0,20210530T000000_-1
AV.DOL..BH,2021-05-30T04:05:56.080000,P,0.765,2.8734007173625287e-06,1,0.019897683492634,20210530T000000_1
AV.DOL..BH,2021-05-30T05:38:16.860000,P,0.557,4.3445070332381874e-06,2,0.019897683492634,20210530T000000_2
AV.DOL..BH,2021-05-30T07:40:55.380000,P,0.975,1.906628676806577e-05,4,0.0138340275086701,20210530T000000_4
AV.DOL..BH,2021-05-30T04:23:54.840000,S,0.428,1.0568603556748712e-06,-1,-1.0,20210530T000000_-1
AV.DOL..BH,2021-05-30T05:38:47.840000,S,0.42,1.6710388081264682e-05,3,0.0138340275086701,20210530T000000_3
AV.DOL..BH,2021-05-30T07:41:04.240000,S,0.893,1.906628676806577e-05,4,0.0119217490515261,20210530T000000_4
AV.DT1..BH,2021-05-30T04:05:55.520000,P,0.582,3.2321847811545013e-06,1,0.0138340275086701,20210530T000000_1
AV.DT1..BH,2021-05-30T05:38:50.640000,P,0.446,4.39133918916923e-06,3,0.0119217490515261,20210530T000000_3
AV.DT1..BH,2021-05-30T07:40:57.180000,P,0.983,1.618286842131056e-05,4,0.0047587801560284,20210530T000000_4
AV.DT1..BH,2021-05-30T07:41:07.480000,S,0.943,1.618286842131056e-05,4,0.024188124029438,20210530T000000_4
AV.DTN..BH,2021-05-30T04:05:56.040000,P,0.332,3.997423391410848e-06,1,0.0119217490515261,20210530T000000_1
AV.DTN..BH,2021-05-30T05:38:20.220000,P,0.43,3.0916148716642056e-06,2,0.0138340275086701,20210530T000000_2
AV.DTN..BH,2021-05-30T05:38:49.480000,P,0.321,1.1871245078509672e-05,3,0.0047587801560284,20210530T000000_3
AV.DTN..BH,2021-05-30T06:27:02.440000,P,0.875,2.2616841306444257e-06,-1,-1.0,20210530T000000_-1
AV.DTN..BH,2021-05-30T07:40:57.660000,P,0.979,7.742954039713368e-06,4,0.0009264548082526,20210530T000000_4
AV.DTN..BH,2021-05-30T05:38:53.660000,S,0.523,1.2046346455463208e-05,3,0.024188124029438,20210530T000000_3
AV.DTN..BH,2021-05-30T07:41:08.400000,S,0.839,7.742954039713368e-06,4,0.0085681080695182,20210530T000000_4
AV.HAG..SH,2021-05-30T00:00:00.020000,P,0.869,3.212824992715469e-07,-1,-1.0,20210530T000000_-1
AV.HAG..SH,2021-05-30T01:52:55.180000,P,0.367,6.849670057818003e-07,-1,-1.0,20210530T000000_-1
AV.HAG..SH,2021-05-30T05:38:19.360000,P,0.619,4.164075562584912e-06,-1,-1.0,20210530T000000_-1
AV.HAG..SH,2021-05-30T07:40:58.060000,P,0.976,5.401498583523789e-06,4,0.0160396647511629,20210530T000000_4
AV.HAG..SH,2021-05-30T04:05:57.660000,S,0.469,3.799381147473469e-07,-1,-1.0,20210530T000000_-1
AV.HAG..SH,2021-05-30T05:38:48.280000,S,0.413,3.1633328489988344e-06,-1,-1.0,20210530T000000_-1
AV.HAG..SH,2021-05-30T05:38:48.960000,S,0.366,5.988338671158999e-06,3,0.0009264548082526,20210530T000000_3
AV.HAG..SH,2021-05-30T07:41:08.720000,S,0.433,8.341934517375194e-06,4,0.0140972473926589,20210530T000000_4
AV.PN7A..BH,2021-05-30T05:38:19.080000,P,0.849,4.5638180381502025e-06,2,0.0119217490515261,20210530T000000_2
AV.PN7A..BH,2021-05-30T05:38:52.280000,S,0.474,9.67456253420096e-06,3,0.0085681080695182,20210530T000000_3
AV.PN7A..BH,2021-05-30T07:41:13.460000,S,0.429,2.480491957612685e-06,-1,-1.0,20210530T000000_-1
AV.PS1A..BH,2021-05-30T05:38:16.040000,P,0.901,3.877792096318444e-06,2,0.0047587801560284,20210530T000000_2
AV.PS1A..BH,2021-05-30T07:40:58.860000,P,0.978,6.891568773426116e-06,4,0.000241946208626,20210530T000000_4
AV.PS1A..BH,2021-05-30T07:41:10.560000,S,0.85,7.604079655720852e-06,4,0.0101566993558286,20210530T000000_4
AV.PS4A..BH,2021-05-30T05:38:19.200000,P,0.661,6.043871962901903e-06,-1,-1.0,20210530T000000_-1
AV.PS4A..BH,2021-05-30T07:40:58.060000,P,0.907,1.0456177733431105e-05,4,0.019532334916146,20210530T000000_4
AV.PS4A..BH,2021-05-30T07:41:09.300000,S,0.787,1.622801755729597e-05,4,0.0064904520611205,20210530T000000_4
AV.PV6A..SH,2021-05-30T05:38:18.360000,P,0.955,1.3148580819688505e-06,2,0.024188124029438,20210530T000000_2
AV.PV6A..SH,2021-05-30T07:41:01.080000,P,0.964,3.491229847440991e-07,4,0.007134151598505,20210530T000000_4
AV.PV6A..SH,2021-05-30T07:41:21.260000,P,0.375,8.931446018323186e-07,-1,-1.0,20210530T000000_-1
AV.PV6A..SH,2021-05-30T07:41:14.640000,S,0.44,1.5796234720255595e-06,-1,-1.0,20210530T000000_-1
AV.PVV..SH,2021-05-30T03:20:09.980000,P,0.315,2.528949778479728e-07,-1,-1.0,20210530T000000_-1
AV.PVV..SH,2021-05-30T05:38:16.460000,P,0.794,2.287608140250086e-06,2,0.0009264548082526,20210530T000000_2
AV.PVV..SH,2021-05-30T07:40:58.160000,P,0.946,3.006405904670828e-06,4,0.0214774114356679,20210530T000000_4
AV.PVV..SH,2021-05-30T05:38:46.080000,S,0.659,3.0619316930824425e-06,-1,-1.0,20210530T000000_-1
AV.PVV..SH,2021-05-30T07:41:09.840000,S,0.771,3.006405904670828e-06,4,0.0238351475893527,20210530T000000_4
AV.S12K..BH,2021-05-30T05:38:19.580000,P,0.835,3.2685441055946285e-06,2,0.0085681080695182,20210530T000000_2
AV.S12K..BH,2021-05-30T07:41:03.860000,P,0.928,2.489080998202553e-06,4,0.0035893058559566,20210530T000000_4
AV.S12K..BH,2021-05-30T05:38:52.440000,S,0.537,1.2066247109032702e-05,-1,-1.0,20210530T000000_-1
AV.S12K..BH,2021-05-30T07:41:19.360000,S,0.664,2.6774625894177007e-06,4,0.0129434200607617,20210530T000000_4
AV.DEER..BH,2021-05-30T08:58:32.480000,P,0.303,1.5226801224343944e-06,-1,-1.0,20210530T080000_-1
AV.DEER..BH,2021-05-30T11:11:32.120000,P,0.407,9.869662562778103e-07,2,0.0006565713931483,20210530T080000_2
AV.DEER..BH,2021-05-30T13:41:33.020000,P,0.818,1.2651738643398858e-06,3,0.0006565713931483,20210530T080000_3
AV.DEER..BH,2021-05-30T14:25:47.500000,P,0.616,1.248756461791345e-06,4,0.0006565713931483,20210530T080000_4
AV.DEER..BH,2021-05-30T14:36:58.180000,P,0.92,8.913278861655272e-07,5,0.0006565713931483,20210530T080000_5
AV.DEER..BH,2021-05-30T15:58:37.560000,P,0.782,1.1099468792963307e-06,6,0.0006565713931483,20210530T080000_6
AV.DEER..BH,2021-05-30T08:58:35.520000,S,0.442,1.5226801224343944e-06,-1,-1.0,20210530T080000_-1
AV.DEER..BH,2021-05-30T13:41:42.620000,S,0.401,1.1971259255005862e-06,3,0.0036051093289562,20210530T080000_3
AV.DEER..BH,2021-05-30T14:37:09.720000,S,0.904,1.3743225508733303e-06,5,0.0036051093289562,20210530T080000_5
AV.DEER..BH,2021-05-30T15:58:48.940000,S,0.525,1.1855898947032983e-06,6,0.0036051093289562,20210530T080000_6
AV.DOL..BH,2021-05-30T10:59:03.980000,P,0.54,1.2959112609678414e-06,-1,-1.0,20210530T080000_-1
AV.DOL..BH,2021-05-30T11:11:36.360000,P,0.581,1.4511325616695103e-06,2,0.0036051093289562,20210530T080000_2
AV.DOL..BH,2021-05-30T13:41:35.080000,P,0.798,3.6694007121695904e-06,3,0.0208555656410307,20210530T080000_3
AV.DOL..BH,2021-05-30T14:25:45.180000,P,0.885,2.0193263026158093e-06,4,0.0036051093289562,20210530T080000_4
AV.DOL..BH,2021-05-30T14:36:56.140000,P,0.787,1.6240239801845746e-06,5,0.0208555656410307,20210530T080000_5
AV.DOL..BH,2021-05-30T15:58:38.540000,P,0.867,1.1032749398509625e-06,6,0.0208555656410307,20210530T080000_6
AV.DOL..BH,2021-05-30T14:25:54.580000,S,0.868,2.0193263026158093e-06,4,0.0208555656410307,20210530T080000_4
AV.DOL..BH,2021-05-30T14:37:04.940000,S,0.801,1.6240239801845746e-06,5,0.0095181989881002,20210530T080000_5
AV.DOL..BH,2021-05-30T15:58:50.640000,S,0.696,1.2469286048144568e-06,6,0.0095181989881002,20210530T080000_6
AV.DT1..BH,2021-05-30T11:11:32.920000,P,0.349,1.0098532357005752e-06,2,0.0208555656410307,20210530T080000_2
AV.DT1..BH,2021-05-30T13:41:32.540000,P,0.444,1.1303718565613965e-06,-1,-1.0,20210530T080000_-1
AV.DT1..BH,2021-05-30T13:41:33.260000,P,0.827,1.477330897614593e-06,3,0.0095181989881002,20210530T080000_3
AV.DT1..BH,2021-05-30T14:25:47.580000,P,0.779,1.5968622619766393e-06,4,0.0095181989881002,20210530T080000_4
AV.DT1..BH,2021-05-30T14:36:58.260000,P,0.912,1.4521588127536234e-06,5,0.0120412016731458,20210530T080000_5
AV.DT1..BH,2021-05-30T13:41:43.500000,S,0.516,1.1787057019319036e-06,3,0.0120412016731458,20210530T080000_3
AV.DT1..BH,2021-05-30T14:25:58.780000,S,0.311,1.5968622619766393e-06,4,0.0120412016731458,20210530T080000_4
AV.DT1..BH,2021-05-30T14:37:09.660000,S,0.791,1.6832927940413356e-06,5,0.0002718785741471,20210530T080000_5
AV.DTN..BH,2021-05-30T11:11:33.480000,P,0.601,1.6438418697362067e-06,2,0.0095181989881002,20210530T080000_2
AV.DTN..BH,2021-05-30T13:41:33.080000,P,0.324,1.9416288523643743e-06,3,0.0002718785741471,20210530T080000_3
AV.DTN..BH,2021-05-30T13:47:07.820000,P,0.361,1.7388558717357228e-06,-1,-1.0,20210530T080000_-1
AV.DTN..BH,2021-05-30T14:25:47.880000,P,0.853,1.1236203363296229e-06,4,0.0002718785741471,20210530T080000_4
AV.DTN..BH,2021-05-30T14:36:58.140000,P,0.687,1.410544882674003e-06,5,0.0009577708111273,20210530T080000_5
AV.DTN..BH,2021-05-30T15:58:38.080000,P,0.336,1.1464843510111675e-06,6,0.0120412016731458,20210530T080000_6
AV.DTN..BH,2021-05-30T14:25:59.000000,S,0.494,7.993223221092194e-07,4,0.0009577708111273,20210530T080000_4
AV.DTN..BH,2021-05-30T14:25:59.700000,S,0.358,1.3224869235273218e-06,-1,-1.0,20210530T080000_-1
AV.DTN..BH,2021-05-30T14:37:09.940000,S,0.583,2.0501647668425e-06,5,0.0124870650932663,20210530T080000_5
AV.HAG..SH,2021-05-30T08:00:00.020000,P,0.353,2.913857883868332e-07,-1,-1.0,20210530T080000_-1
AV.HAG..SH,2021-05-30T08:59:07.020000,P,0.34,3.31898945660214e-07,-1,-1.0,20210530T080000_-1
AV.HAG..SH,2021-05-30T11:11:40.360000,S,0.4,6.612847869291727e-07,-1,-1.0,20210530T080000_-1
AV.HAG..SH,2021-05-30T13:41:35.820000,S,0.829,2.399600134594948e-06,-1,-1.0,20210530T080000_-1
AV.PN7A..BH,2021-05-30T08:27:23.720000,P,0.435,3.716647825058317e-06,1,0.0006565713931483,20210530T080000_1
AV.PN7A..BH,2021-05-30T13:41:35.580000,P,0.606,3.033253051398788e-06,3,0.0009577708111273,20210530T080000_3
AV.PN7A..BH,2021-05-30T15:30:35.560000,P,0.528,1.6946229379755096e-06,-1,-1.0,20210530T080000_-1
AV.PN7A..BH,2021-05-30T08:27:26.840000,S,0.334,3.716647825058317e-06,1,0.0036051093289562,20210530T080000_1
AV.PS1A..BH,2021-05-30T08:00:00.020000,P,0.3,3.1714330361864995e-06,-1,-1.0,20210530T080000_-1
AV.PS1A..BH,2021-05-30T08:27:22.440000,P,0.558,2.981453917527688e-06,1,0.0208555656410307,20210530T080000_1
AV.PS1A..BH,2021-05-30T13:41:37.000000,P,0.638,2.29258125727938e-06,3,0.0124870650932663,20210530T080000_3
AV.PS1A..BH,2021-05-30T14:36:56.360000,P,0.723,2.467562580932281e-06,5,0.0120727082648134,20210530T080000_5
AV.PS1A..BH,2021-05-30T14:37:06.760000,S,0.333,2.802763447107281e-06,5,0.0002645453024038,20210530T080000_5
AV.PS4A..BH,2021-05-30T13:41:35.680000,P,0.511,3.4653121474548243e-06,3,0.0120727082648134,20210530T080000_3
AV.PV6A..SH,2021-05-30T08:27:23.900000,P,0.79,9.90587068372406e-07,1,0.0095181989881002,20210530T080000_1
AV.PV6A..SH,2021-05-30T08:57:13.320000,P,0.878,2.511465311272332e-07,-1,-1.0,20210530T080000_-1
AV.PV6A..SH,2021-05-30T13:41:34.720000,P,0.72,3.092711722274544e-07,3,0.0002645453024038,20210530T080000_3
AV.PV6A..SH,2021-05-30T15:30:38.140000,P,0.703,3.309625355996104e-07,-1,-1.0,20210530T080000_-1
AV.PV6A..SH,2021-05-30T13:50:57.680000,S,0.477,1.7368434157560841e-07,-1,-1.0,20210530T080000_-1
AV.PV6A..SH,2021-05-30T14:37:10.120000,S,0.434,2.271978587486956e-07,5,0.0002463657918614,20210530T080000_5
AV.PV6A..SH,2021-05-30T15:30:41.200000,S,0.734,3.309625355996104e-07,-1,-1.0,20210530T080000_-1
AV.PV6A..SH,2021-05-30T15:52:18.880000,S,0.32,1.904380582118393e-07,-1,-1.0,20210530T080000_-1
AV.PVV..SH,2021-05-30T08:27:21.720000,P,0.879,5.56917086669273e-07,1,0.0120412016731458,20210530T080000_1
AV.PVV..SH,2021-05-30T08:57:12.960000,P,0.673,3.611600334352261e-07,-1,-1.0,20210530T080000_-1
AV.PVV..SH,2021-05-30T13:41:35.180000,P,0.863,5.849659032719501e-07,3,0.0002463657918614,20210530T080000_3
AV.PVV..SH,2021-05-30T08:27:25.960000,S,0.4,5.56917086669273e-07,1,0.0002718785741471,20210530T080000_1
AV.S12K..BH,2021-05-30T11:11:39.880000,P,0.58,1.528193479316542e-06,2,0.0120412016731458,20210530T080000_2
AV.S12K..BH,2021-05-30T13:41:34.540000,P,0.802,1.718893258839671e-06,3,0.0060456408931251,20210530T080000_3
AV.DEER..BH,2021-05-30T17:08:34.760000,P,0.812,1.7006078678605263e-06,1,0.0072207627519675,20210530T160000_1
AV.DEER..BH,2021-05-30T18:09:05.740000,P,0.912,1.1795826821980882e-06,2,0.0072207627519675,20210530T160000_2
AV.DEER..BH,2021-05-30T18:23:22.300000,P,0.522,1.148713636212051e-06,5,0.0072207627519675,20210530T160000_5
AV.DEER..BH,2021-05-30T19:22:12.020000,P,0.957,1.5699097275501117e-05,-1,-1.0,20210530T160000_-1
AV.DEER..BH,2021-05-30T17:08:44.760000,S,0.643,1.7006078678605263e-06,1,0.0136994149382983,20210530T160000_1
AV.DEER..BH,2021-05-30T18:09:17.660000,S,0.694,1.1976844689343125e-06,-1,-1.0,20210530T160000_-1
AV.DEER..BH,2021-05-30T18:22:34.520000,S,0.683,1.61936372933269e-06,4,0.0072207627519675,20210530T160000_4
AV.DEER..BH,2021-05-30T18:23:36.500000,S,0.827,1.808127649383096e-06,-1,-1.0,20210530T160000_-1
AV.DEER..BH,2021-05-30T19:22:21.440000,S,0.888,1.6091016732389107e-05,6,0.0072207627519675,20210530T160000_6
AV.DEER..BH,2021-05-30T22:44:05.640000,S,0.315,9.050010589817248e-07,-1,-1.0,20210530T160000_-1
AV.DOL..BH,2021-05-30T17:08:37.240000,P,0.765,1.1599348681556876e-06,1,0.0020773651022961,20210530T160000_1
AV.DOL..BH,2021-05-30T18:09:10.200000,P,0.847,2.891971007557004e-06,2,0.0136994149382983,20210530T160000_2
AV.DOL..BH,2021-05-30T18:21:33.100000,P,0.33,1.1238234947086312e-06,3,0.0072207627519675,20210530T160000_3
AV.DOL..BH,2021-05-30T18:22:25.280000,P,0.602,2.647982000780757e-06,4,0.0136994149382983,20210530T160000_4
AV.DOL..BH,2021-05-30T18:23:26.660000,P,0.758,1.2446172377167386e-06,5,0.0136994149382983,20210530T160000_5
AV.DOL..BH,2021-05-30T19:22:15.740000,P,0.81,6.114275038271444e-06,-1,-1.0,20210530T160000_-1
AV.DOL..BH,2021-05-30T17:08:48.580000,S,0.725,1.4198423059497145e-06,1,0.0043291508656069,20210530T160000_1
AV.DOL..BH,2021-05-30T18:22:28.440000,S,0.423,2.647982000780757e-06,4,0.0020773651022961,20210530T160000_4
AV.DOL..BH,2021-05-30T18:23:44.580000,S,0.742,1.5170546703302534e-06,-1,-1.0,20210530T160000_-1
AV.DOL..BH,2021-05-30T19:22:27.760000,S,0.792,2.161921474908013e-05,6,0.0136994149382983,20210530T160000_6
AV.DOL..BH,2021-05-30T19:55:11.640000,S,0.333,1.3740561826125486e-06,-1,-1.0,20210530T160000_-1
AV.DOL..BH,2021-05-30T22:44:03.680000,S,0.688,1.2537439033621922e-06,-1,-1.0,20210530T160000_-1
AV.DT1..BH,2021-05-30T17:08:34.660000,P,0.903,1.6368575188607792e-06,1,0.009861089923687,20210530T160000_1
AV.DT1..BH,2021-05-30T18:09:06.860000,P,0.8,9.715178066471708e-07,2,0.0020773651022961,20210530T160000_2
AV.DT1..BH,2021-05-30T18:21:36.600000,P,0.861,1.731626184664492e-06,3,0.0136994149382983,20210530T160000_3
AV.DT1..BH,2021-05-30T18:23:23.240000,P,0.815,1.3665309097632417e-06,5,0.0020773651022961,20210530T160000_5
AV.DT1..BH,2021-05-30T19:22:14.060000,P,0.932,2.0216102711856365e-05,6,0.0020773651022961,20210530T160000_6
AV.DT1..BH,2021-05-30T22:43:56.840000,P,0.785,6.51385107630631e-07,-1,-1.0,20210530T160000_-1
AV.DT1..BH,2021-05-30T17:08:44.700000,S,0.914,1.6368575188607792e-06,1,0.0003844463311942,20210530T160000_1
AV.DT1..BH,2021-05-30T18:21:46.900000,S,0.825,1.1767269825213589e-06,3,0.0020773651022961,20210530T160000_3
AV.DT1..BH,2021-05-30T18:22:33.440000,S,0.532,1.889740815386176e-06,4,0.0043291508656069,20210530T160000_4
AV.DT1..BH,2021-05-30T18:23:40.520000,S,0.732,1.7697948351269588e-06,-1,-1.0,20210530T160000_-1
AV.DT1..BH,2021-05-30T19:22:25.280000,S,0.705,2.0542527636280283e-05,6,0.0043291508656069,20210530T160000_6
AV.DT1..BH,2021-05-30T22:44:06.860000,S,0.696,8.495792371832067e-07,-1,-1.0,20210530T160000_-1
AV.DTN..BH,2021-05-30T16:00:00.020000,P,0.333,1.1732464599845116e-06,-1,-1.0,20210530T160000_-1
AV.DTN..BH,2021-05-30T18:09:07.540000,P,0.925,1.8309497136215207e-06,2,0.0043291508656069,20210530T160000_2
AV.DTN..BH,2021-05-30T18:21:36.220000,P,0.568,1.5347078488048282e-06,3,0.0043291508656069,20210530T160000_3
AV.DTN..BH,2021-05-30T18:22:29.800000,P,0.341,2.1804685275128577e-06,4,0.009861089923687,20210530T160000_4
AV.DTN..BH,2021-05-30T18:23:23.960000,P,0.374,1.412535766576184e-06,5,0.0043291508656069,20210530T160000_5
AV.DTN..BH,2021-05-30T19:22:14.860000,P,0.778,8.30861426948104e-06,6,0.009861089923687,20210530T160000_6
AV.DTN..BH,2021-05-30T18:21:47.400000,S,0.425,1.2797365798178362e-06,3,0.009861089923687,20210530T160000_3
AV.DTN..BH,2021-05-30T18:22:33.180000,S,0.493,2.1804685275128577e-06,4,0.0003844463311942,20210530T160000_4
AV.DTN..BH,2021-05-30T18:23:42.260000,S,0.647,1.4361550029207135e-06,-1,-1.0,20210530T160000_-1
AV.DTN..BH,2021-05-30T19:22:26.780000,S,0.695,2.745699384831824e-05,6,0.0003844463311942,20210530T160000_6
AV.HAG..SH,2021-05-30T16:00:00.020000,P,0.366,1.960105748821661e-07,-1,-1.0,20210530T160000_-1
AV.HAG..SH,2021-05-30T18:09:11.940000,P,0.651,6.985857226027292e-07,2,0.009861089923687,20210530T160000_2
AV.HAG..SH,2021-05-30T18:21:33.760000,P,0.509,5.351888603399857e-07,3,0.0003844463311942,20210530T160000_3
AV.HAG..SH,2021-05-30T19:22:18.440000,P,0.975,9.420805326953996e-06,6,0.0065174247775992,20210530T160000_6
AV.HAG..SH,2021-05-30T18:21:37.160000,S,0.321,5.351888603399857e-07,-1,-1.0,20210530T160000_-1
AV.HAG..SH,2021-05-30T18:22:31.440000,S,0.405,1.3312406963450485e-06,4,0.0065174247775992,20210530T160000_4
AV.HAG..SH,2021-05-30T18:23:29.460000,S,0.574,5.351453182811383e-07,-1,-1.0,20210530T160000_-1
AV.HAG..SH,2021-05-30T18:23:51.540000,S,0.492,5.454651272884803e-07,-1,-1.0,20210530T160000_-1
AV.HAG..SH,2021-05-30T19:22:33.920000,S,0.741,1.524244544270914e-05,-1,-1.0,20210530T160000_-1
AV.PN7A..BH,2021-05-30T19:22:20.760000,P,0.922,3.062386213059653e-06,6,0.0008550447417202,20210530T160000_6
AV.PN7A..BH,2021-05-30T19:58:57.900000,P,0.627,1.5897007870080415e-06,-1,-1.0,20210530T160000_-1
AV.PN7A..BH,2021-05-30T23:30:19.580000,P,0.474,1.865871354311821e-06,-1,-1.0,20210530T160000_-1
AV.PN7A..BH,2021-05-30T23:36:23.320000,P,0.755,1.39320945891086e-06,-1,-1.0,20210530T160000_-1
AV.PN7A..BH,2021-05-30T19:22:38.960000,S,0.756,4.129865374125075e-06,-1,-1.0,20210530T160000_-1
AV.PN7A..BH,2021-05-30T23:30:22.280000,S,0.307,1.865871354311821e-06,-1,-1.0,20210530T160000_-1
AV.PN7A..BH,2021-05-30T23:36:25.620000,S,0.623,1.39320945891086e-06,-1,-1.0,20210530T160000_-1
AV.PS1A..BH,2021-05-30T16:00:00.020000,P,0.436,1.985718427022221e-06,-1,-1.0,20210530T160000_-1
AV.PS1A..BH,2021-05-30T18:09:13.720000,P,0.561,2.1002090306865284e-06,2,0.0003844463311942,20210530T160000_2
AV.PS1A..BH,2021-05-30T18:21:31.820000,P,0.313,1.944267069120542e-06,3,0.0065174247775992,20210530T160000_3
AV.PS1A..BH,2021-05-30T19:22:20.580000,P,0.904,3.068076011913945e-06,6,0.0056853395696831,20210530T160000_6
AV.PS1A..BH,2021-05-30T19:22:36.620000,S,0.772,7.649843610124663e-06,-1,-1.0,20210530T160000_-1
AV.PS4A..BH,2021-05-30T19:22:19.100000,P,0.842,5.242368388280738e-06,6,3.146009538212298e-07,20210530T160000_6
AV.PS4A..BH,2021-05-30T19:22:33.680000,S,0.857,2.167257844121196e-05,6,0.0104027899657136,20210530T160000_6
AV.PV6A..SH,2021-05-30T17:08:38.200000,P,0.851,1.3664867992702057e-07,1,0.0065174247775992,20210530T160000_1
AV.PV6A..SH,2021-05-30T17:30:08.760000,P,0.473,1.9392497563330843e-07,-1,-1.0,20210530T160000_-1
AV.PV6A..SH,2021-05-30T18:09:11.640000,P,0.512,2.392662565853243e-07,2,0.0065174247775992,20210530T160000_2
AV.PV6A..SH,2021-05-30T18:21:34.300000,P,0.334,2.0161192537671013e-07,3,0.0008550447417202,20210530T160000_3
AV.PV6A..SH,2021-05-30T18:22:26.400000,P,0.39,5.013612849325e-07,-1,-1.0,20210530T160000_-1
AV.PV6A..SH,2021-05-30T19:22:21.580000,P,0.968,1.639457764213148e-06,6,0.0113794371018259,20210530T160000_6
AV.PV6A..SH,2021-05-30T18:04:33.060000,S,0.431,2.218721277813529e-07,-1,-1.0,20210530T160000_-1
AV.PV6A..SH,2021-05-30T18:22:28.600000,S,0.408,5.013612849325e-07,-1,-1.0,20210530T160000_-1
AV.PV6A..SH,2021-05-30T19:22:41.040000,S,0.539,1.675393264122249e-06,-1,-1.0,20210530T160000_-1
AV.PV6A..SH,2021-05-30T21:34:59.880000,S,0.319,1.4198720066360693e-07,-1,-1.0,20210530T160000_-1
AV.PVV..SH,2021-05-30T18:04:27.160000,P,0.309,1.8510419863559946e-07,-1,-1.0,20210530T160000_-1
AV.PVV..SH,2021-05-30T18:09:12.120000,P,0.462,2.715241578243877e-07,2,0.0008550447417202,20210530T160000_2
AV.PVV..SH,2021-05-30T18:21:31.800000,P,0.497,3.353289059759845e-07,3,0.0056853395696831,20210530T160000_3
AV.PVV..SH,2021-05-30T18:22:25.280000,P,0.429,5.725097480535624e-07,-1,-1.0,20210530T160000_-1
AV.PVV..SH,2021-05-30T19:22:19.560000,P,0.89,1.5688827943449724e-06,6,0.0074980081242043,20210530T160000_6
AV.PVV..SH,2021-05-30T23:42:30.660000,P,0.359,2.363125730653337e-07,-1,-1.0,20210530T160000_-1
AV.PVV..SH,2021-05-30T18:04:31.720000,S,0.318,1.8510419863559946e-07,-1,-1.0,20210530T160000_-1
AV.PVV..SH,2021-05-30T18:21:41.840000,S,0.312,2.310061688604037e-07,3,3.146009538212298e-07,20210530T160000_3
AV.S12K..BH,2021-05-30T18:23:33.200000,P,0.779,1.2133898508182028e-06,5,0.009861089923687,20210530T160000_5
AV.S12K..BH,2021-05-30T19:22:24.160000,P,0.954,4.174793048150605e-06,6,0.0048225314666541,20210530T160000_6
AV.S12K..BH,2021-05-30T19:22:42.400000,S,0.732,8.575289029977284e-06,-1,-1.0,20210530T160000_-1
AV.DEER..BH,2021-05-31T04:14:14.680000,P,0.973,2.299510924785864e-06,1,0.0160885486408326,20210531T000000_1
AV.DEER..BH,2021-05-31T07:02:20.560000,P,0.621,9.541147301206364e-05,3,0.0160885486408326,20210531T000000_3
AV.DEER..BH,2021-05-31T07:16:08.040000,P,0.787,3.2614848350931425e-06,5,0.0160885486408326,20210531T000000_5
AV.DEER..BH,2021-05-31T04:14:24.900000,S,0.819,2.299510924785864e-06,1,0.0033617015753038,20210531T000000_1
AV.DEER..BH,2021-05-31T07:04:15.220000,S,0.525,1.486749079049332e-05,-1,-1.0,20210531T000000_-1
AV.DEER..BH,2021-05-31T07:16:21.220000,S,0.764,3.0979635994299315e-06,4,0.0160885486408326,20210531T000000_4
AV.DOL..BH,2021-05-31T04:14:16.680000,P,0.709,1.652530045248568e-06,1,0.0005660543012565,20210531T000000_1
AV.DOL..BH,2021-05-31T07:16:06.840000,P,0.667,5.092942956252955e-06,4,0.0033617015753038,20210531T000000_4
AV.DOL..BH,2021-05-31T04:14:29.080000,S,0.894,2.2700266981701134e-06,1,0.0039861747442521,20210531T000000_1
AV.DOL..BH,2021-05-31T07:16:19.460000,S,0.843,5.223485004535178e-06,5,0.0033617015753038,20210531T000000_5
AV.DT1..BH,2021-05-31T02:51:30.300000,P,0.686,1.0286149745297737e-06,-1,-1.0,20210531T000000_-1
AV.DT1..BH,2021-05-31T04:14:15.020000,P,0.886,1.6026651792344635e-06,1,6.005379097628718e-05,20210531T000000_1
AV.DT1..BH,2021-05-31T07:02:19.400000,P,0.903,1.3710596249438822e-05,3,0.0033617015753038,20210531T000000_3
AV.DT1..BH,2021-05-31T02:51:41.200000,S,0.594,1.0286149745297737e-06,-1,-1.0,20210531T000000_-1
AV.DT1..BH,2021-05-31T04:14:25.380000,S,0.686,1.3032698689130484e-06,1,0.0015183326775115,20210531T000000_1
AV.DTN..BH,2021-05-31T00:00:00.020000,P,0.494,1.1934467920582392e-06,-1,-1.0,20210531T000000_-1
AV.DTN..BH,2021-05-31T04:14:15.980000,P,0.372,1.1809539728346865e-06,1,0.0034504343759737,20210531T000000_1
AV.DTN..BH,2021-05-31T07:02:19.100000,P,0.792,4.313227691454813e-05,3,0.0005660543012565,20210531T000000_3
AV.DTN..BH,2021-05-31T07:16:09.900000,P,0.714,8.83561915543396e-06,4,0.0005660543012565,20210531T000000_4
AV.DTN..BH,2021-05-31T07:16:25.280000,S,0.487,5.5665414038230665e-06,-1,-1.0,20210531T000000_-1
AV.HAG..SH,2021-05-31T07:02:16.080000,P,0.705,9.848880608842592e-07,3,0.0039861747442521,20210531T000000_3
AV.HAG..SH,2021-05-31T07:02:17.480000,P,0.316,1.671587597229518e-05,-1,-1.0,20210531T000000_-1
AV.HAG..SH,2021-05-31T07:16:10.860000,P,0.316,5.383274697123852e-07,4,0.0039861747442521,20210531T000000_4
AV.HAG..SH,2021-05-31T07:16:24.960000,S,0.693,7.01823864801554e-07,5,0.0005660543012565,20210531T000000_5
AV.PN7A..BH,2021-05-31T00:33:39.880000,P,0.322,1.3477642824000211e-06,-1,-1.0,20210531T000000_-1
AV.PN7A..BH,2021-05-31T02:19:47.240000,P,0.838,1.8359870637141285e-06,-1,-1.0,20210531T000000_-1
AV.PN7A..BH,2021-05-31T03:19:50.380000,P,0.722,3.2587322493782267e-06,-1,-1.0,20210531T000000_-1
AV.PN7A..BH,2021-05-31T04:49:14.380000,P,0.695,2.1620608094963245e-06,-1,-1.0,20210531T000000_-1
AV.PN7A..BH,2021-05-31T06:06:53.400000,P,0.702,1.6583220485699712e-06,2,0.0160885486408326,20210531T000000_2
AV.PN7A..BH,2021-05-31T07:02:15.880000,P,0.578,3.680725421872921e-05,3,6.005379097628718e-05,20210531T000000_3
AV.PN7A..BH,2021-05-31T02:07:02.280000,S,0.335,1.685179768173839e-06,-1,-1.0,20210531T000000_-1
AV.PN7A..BH,2021-05-31T02:19:49.600000,S,0.412,1.8359870637141285e-06,-1,-1.0,20210531T000000_-1
AV.PN7A..BH,2021-05-31T03:19:53.120000,S,0.736,3.2587322493782267e-06,-1,-1.0,20210531T000000_-1
AV.PN7A..BH,2021-05-31T03:52:00.120000,S,0.301,1.49138281813066e-06,-1,-1.0,20210531T000000_-1
AV.PN7A..BH,2021-05-31T04:49:16.000000,S,0.648,2.1620608094963245e-06,-1,-1.0,20210531T000000_-1
AV.PN7A..BH,2021-05-31T06:06:59.000000,S,0.374,1.6583220485699712e-06,2,0.0033617015753038,20210531T000000_2
AV.PS1A..BH,2021-05-31T06:06:53.880000,P,0.784,2.667595936145517e-06,2,0.0005660543012565,20210531T000000_2
AV.PS1A..BH,2021-05-31T07:02:14.640000,P,0.513,3.235710391891189e-05,3,0.0015183326775115,20210531T000000_3
AV.PS1A..BH,2021-05-31T06:06:57.120000,S,0.412,2.667595936145517e-06,2,0.0039861747442521,20210531T000000_2
AV.PS4A..BH,2021-05-31T07:02:15.360000,P,0.536,2.949581175926141e-05,3,0.0034504343759737,20210531T000000_3
AV.PV6A..SH,2021-05-31T01:35:33.900000,P,0.494,2.160166161502275e-07,-1,-1.0,20210531T000000_-1
AV.PV6A..SH,2021-05-31T06:06:55.640000,P,0.353,4.807284881280793e-07,2,6.005379097628718e-05,20210531T000000_2
AV.PV6A..SH,2021-05-31T07:02:14.760000,P,0.352,5.671900566994736e-07,-1,-1.0,20210531T000000_-1
AV.PV6A..SH,2021-05-31T07:02:15.840000,P,0.578,1.4274000022851396e-05,3,0.0009750194105164,20210531T000000_3
AV.PV6A..SH,2021-05-31T07:16:12.860000,P,0.95,4.828829105463228e-07,4,6.005379097628718e-05,20210531T000000_4
AV.PV6A..SH,2021-05-31T03:46:01.800000,S,0.311,2.416930158233299e-07,-1,-1.0,20210531T000000_-1
AV.PV6A..SH,2021-05-31T06:07:01.040000,S,0.46,4.807284881280793e-07,2,0.0015183326775115,20210531T000000_2
AV.PV6A..SH,2021-05-31T07:16:30.060000,S,0.896,5.335197670319758e-07,5,0.0039861747442521,20210531T000000_5
AV.PVV..SH,2021-05-31T02:17:23.160000,P,0.329,2.681411785943056e-07,-1,-1.0,20210531T000000_-1
AV.PVV..SH,2021-05-31T02:55:13.480000,P,0.555,5.440464860839711e-07,-1,-1.0,20210531T000000_-1
AV.PVV..SH,2021-05-31T04:27:55.160000,P,0.61,2.2616693229338125e-07,-1,-1.0,20210531T000000_-1
AV.PVV..SH,2021-05-31T06:06:53.000000,P,0.943,4.283427301743359e-07,2,0.0034504343759737,20210531T000000_2
AV.PVV..SH,2021-05-31T07:02:14.280000,P,0.36,4.482515976178547e-07,-1,-1.0,20210531T000000_-1
AV.PVV..SH,2021-05-31T07:02:14.960000,P,0.424,7.192915745690698e-06,3,0.014088264280063,20210531T000000_3
AV.PVV..SH,2021-05-31T07:16:09.600000,P,0.957,3.532555297169893e-07,4,0.0015183326775115,20210531T000000_4
AV.PVV..SH,2021-05-31T06:06:57.360000,S,0.691,4.283427301743359e-07,2,0.0009750194105164,20210531T000000_2
AV.PVV..SH,2021-05-31T07:16:25.280000,S,0.561,4.12806031135915e-07,5,6.005379097628718e-05,20210531T000000_5
AV.S12K..BH,2021-05-31T07:02:12.700000,P,0.771,2.591895099612884e-05,-1,-1.0,20210531T000000_-1
AV.DEER..BH,2021-05-31T10:33:21.960000,P,0.832,1.3540183090299251e-06,2,0.0047929895788099,20210531T080000_2
AV.DEER..BH,2021-05-31T11:46:20.800000,P,0.962,2.51484948421421e-06,4,0.0047929895788099,20210531T080000_4
AV.DEER..BH,2021-05-31T12:17:11.840000,P,0.746,9.18750902201282e-06,5,0.0047929895788099,20210531T080000_5
AV.DEER..BH,2021-05-31T14:56:47.380000,P,0.969,2.0210695765854325e-06,-1,-1.0,20210531T080000_-1
AV.DEER..BH,2021-05-31T10:33:35.680000,S,0.661,1.6455352351840702e-06,1,0.0047929895788099,20210531T080000_1
AV.DEER..BH,2021-05-31T11:46:31.480000,S,0.933,2.51484948421421e-06,4,0.0063844191643171,20210531T080000_4
AV.DEER..BH,2021-05-31T14:56:59.100000,S,0.83,2.6261659513693303e-06,-1,-1.0,20210531T080000_-1
AV.DOL..BH,2021-05-31T10:33:21.560000,P,0.874,2.0651184513553744e-06,1,0.0063844191643171,20210531T080000_1
AV.DOL..BH,2021-05-31T12:17:08.060000,P,0.658,2.984563252539374e-06,5,0.0063844191643171,20210531T080000_5
AV.DOL..BH,2021-05-31T13:02:26.640000,P,0.557,1.5761258964630542e-06,6,0.0047929895788099,20210531T080000_6
AV.DOL..BH,2021-05-31T14:56:48.120000,P,0.482,1.6139620129251853e-06,-1,-1.0,20210531T080000_-1
AV.DOL..BH,2021-05-31T14:56:49.020000,P,0.527,2.286948529217625e-06,8,0.0047929895788099,20210531T080000_8
AV.DOL..BH,2021-05-31T15:26:50.160000,P,0.372,2.069740276056109e-06,-1,-1.0,20210531T080000_-1
AV.DOL..BH,2021-05-31T10:33:34.800000,S,0.797,5.233245246927254e-06,2,0.0063844191643171,20210531T080000_2
AV.DOL..BH,2021-05-31T13:02:41.920000,S,0.439,2.110032482960378e-06,7,0.0047929895788099,20210531T080000_7
AV.DOL..BH,2021-05-31T14:57:00.960000,S,0.411,2.1566693249042146e-06,8,0.0063844191643171,20210531T080000_8
AV.DOL..BH,2021-05-31T14:57:01.740000,S,0.403,3.294410817034077e-06,-1,-1.0,20210531T080000_-1
AV.DOL..BH,2021-05-31T15:26:54.640000,S,0.337,2.069740276056109e-06,-1,-1.0,20210531T080000_-1
AV.DT1..BH,2021-05-31T10:33:23.000000,P,0.931,2.3542729650216643e-06,2,0.0052447145249799,20210531T080000_2
AV.DT1..BH,2021-05-31T11:46:21.960000,P,0.95,1.3635783489007736e-06,4,0.0052447145249799,20210531T080000_4
AV.DT1..BH,2021-05-31T12:17:10.400000,P,0.386,1.5170330698310863e-06,5,0.0052447145249799,20210531T080000_5
AV.DT1..BH,2021-05-31T12:17:11.280000,P,0.577,2.431523398627178e-06,-1,-1.0,20210531T080000_-1
AV.DT1..BH,2021-05-31T14:56:48.660000,P,0.955,2.197542926296592e-06,-1,-1.0,20210531T080000_-1
AV.DT1..BH,2021-05-31T10:33:38.160000,S,0.772,1.8711217535383184e-06,-1,-1.0,20210531T080000_-1
AV.DT1..BH,2021-05-31T11:46:33.700000,S,0.898,1.4937261312297778e-06,-1,-1.0,20210531T080000_-1
AV.DT1..BH,2021-05-31T12:17:21.660000,S,0.777,2.431523398627178e-06,5,0.0015569203537607,20210531T080000_5
AV.DT1..BH,2021-05-31T14:57:01.860000,S,0.764,3.0460150810540654e-06,8,0.0052447145249799,20210531T080000_8
AV.DT1..BH,2021-05-31T15:21:37.800000,S,0.455,2.0380512069095857e-06,-1,-1.0,20210531T080000_-1
AV.DTN..BH,2021-05-31T10:33:23.900000,P,0.373,1.7155925888800994e-06,2,0.0015569203537607,20210531T080000_2
AV.DTN..BH,2021-05-31T11:46:22.760000,P,0.557,1.5691117596361437e-06,4,0.0015569203537607,20210531T080000_4
AV.DTN..BH,2021-05-31T12:17:09.720000,P,0.887,3.258371179981623e-06,5,0.0095591842513309,20210531T080000_5
AV.DTN..BH,2021-05-31T13:02:30.200000,P,0.72,1.7788282775654809e-06,6,0.0063844191643171,20210531T080000_6
AV.DTN..BH,2021-05-31T14:56:49.380000,P,0.899,1.954100298462436e-06,-1,-1.0,20210531T080000_-1
AV.DTN..BH,2021-05-31T15:33:22.860000,P,0.544,2.244083589175716e-06,-1,-1.0,20210531T080000_-1
AV.DTN..BH,2021-05-31T10:33:39.040000,S,0.508,2.211814489783137e-06,-1,-1.0,20210531T080000_-1
AV.DTN..BH,2021-05-31T13:02:48.200000,S,0.477,2.1532009668590035e-06,7,0.0063844191643171,20210531T080000_7
AV.DTN..BH,2021-05-31T14:57:03.180000,S,0.824,2.736916712819948e-06,8,0.0015569203537607,20210531T080000_8
AV.HAG..SH,2021-05-31T10:33:24.360000,P,0.962,1.4278331263994914e-06,1,0.0052447145249799,20210531T080000_1
AV.HAG..SH,2021-05-31T12:17:06.640000,P,0.746,1.668993945713737e-06,5,0.0051472735351155,20210531T080000_5
AV.HAG..SH,2021-05-31T13:02:27.080000,P,0.781,8.558373565392685e-07,6,0.0052447145249799,20210531T080000_6
AV.HAG..SH,2021-05-31T14:56:51.280000,P,0.91,1.1389212204448995e-06,8,0.0095591842513309,20210531T080000_8
AV.HAG..SH,2021-05-31T10:33:41.660000,S,0.802,2.269317064929055e-06,3,0.0047929895788099,20210531T080000_3
AV.HAG..SH,2021-05-31T14:57:06.640000,S,0.484,1.3778125094177085e-06,-1,-1.0,20210531T080000_-1
AV.PN7A..BH,2021-05-31T08:11:34.440000,P,0.383,2.2173535398906097e-06,-1,-1.0,20210531T080000_-1
AV.PN7A..BH,2021-05-31T11:27:26.120000,P,0.587,2.070641130558215e-06,-1,-1.0,20210531T080000_-1
AV.PN7A..BH,2021-05-31T12:17:06.600000,P,0.374,4.061837898916565e-06,5,0.0025675260815454,20210531T080000_5
AV.PN7A..BH,2021-05-31T13:02:28.560000,P,0.899,2.0496047454798827e-06,6,0.0015569203537607,20210531T080000_6
AV.PN7A..BH,2021-05-31T14:08:10.840000,P,0.856,2.592778628240921e-06,-1,-1.0,20210531T080000_-1
AV.PN7A..BH,2021-05-31T15:03:25.420000,P,0.856,3.106943722741562e-06,-1,-1.0,20210531T080000_-1
AV.PN7A..BH,2021-05-31T11:27:27.860000,S,0.462,2.0109589513594983e-06,-1,-1.0,20210531T080000_-1
AV.PN7A..BH,2021-05-31T13:02:45.020000,S,0.757,2.216029997725854e-06,7,0.0052447145249799,20210531T080000_7
AV.PN7A..BH,2021-05-31T14:08:13.300000,S,0.651,2.592778628240921e-06,-1,-1.0,20210531T080000_-1
AV.PN7A..BH,2021-05-31T15:03:27.320000,S,0.661,3.106943722741562e-06,-1,-1.0,20210531T080000_-1
AV.PS1A..BH,2021-05-31T10:33:25.400000,P,0.813,3.3518265354359755e-06,1,0.0015569203537607,20210531T080000_1
AV.PS1A..BH,2021-05-31T11:46:25.960000,P,0.822,2.6173934202233795e-06,-1,-1.0,20210531T080000_-1
AV.PS1A..BH,2021-05-31T12:17:05.000000,P,0.475,4.487318165047327e-06,5,0.0079932007466687,20210531T080000_5
AV.PS1A..BH,2021-05-31T13:02:25.640000,P,0.864,2.0990141820220742e-06,6,0.0095591842513309,20210531T080000_6
AV.PS1A..BH,2021-05-31T14:56:52.840000,P,0.859,2.388514303675038e-06,8,0.0051472735351155,20210531T080000_8
AV.PS1A..BH,2021-05-31T15:26:34.380000,P,0.378,2.5019351141963853e-06,-1,-1.0,20210531T080000_-1
AV.PS1A..BH,2021-05-31T10:33:40.920000,S,0.308,1.693402509772568e-06,-1,-1.0,20210531T080000_-1
AV.PS1A..BH,2021-05-31T10:33:41.920000,S,0.442,2.584374669822864e-06,3,0.0063844191643171,20210531T080000_3
AV.PS1A..BH,2021-05-31T11:46:40.200000,S,0.416,3.6593339700630167e-06,4,0.0095591842513309,20210531T080000_4
AV.PS1A..BH,2021-05-31T14:57:09.040000,S,0.786,2.9325246941880323e-06,-1,-1.0,20210531T080000_-1
AV.PS4A..BH,2021-05-31T10:33:24.600000,P,0.803,2.545130200815038e-06,1,0.0095591842513309,20210531T080000_1
AV.PS4A..BH,2021-05-31T12:17:06.440000,P,0.322,3.161487484248937e-06,5,0.014938103939757,20210531T080000_5
AV.PS4A..BH,2021-05-31T13:02:26.360000,P,0.356,2.129580025211908e-06,6,0.0051472735351155,20210531T080000_6
AV.PS4A..BH,2021-05-31T14:56:51.920000,P,0.629,2.056995981547516e-06,8,0.0025675260815454,20210531T080000_8
AV.PS4A..BH,2021-05-31T10:33:40.760000,S,0.386,2.945569349321886e-06,3,0.0052447145249799,20210531T080000_3
AV.PS4A..BH,2021-05-31T12:17:19.300000,S,0.571,3.052741703868378e-06,-1,-1.0,20210531T080000_-1
AV.PS4A..BH,2021-05-31T13:02:41.500000,S,0.54,3.4181357477791607e-06,7,0.0015569203537607,20210531T080000_7
AV.PV6A..SH,2021-05-31T10:24:39.240000,P,0.35,2.0412849721651585e-07,-1,-1.0,20210531T080000_-1
AV.PV6A..SH,2021-05-31T10:33:27.800000,P,0.96,4.032858669233974e-07,1,0.0051472735351155,20210531T080000_1
AV.PV6A..SH,2021-05-31T11:46:28.280000,P,0.416,1.8803332579864218e-07,4,0.0051472735351155,20210531T080000_4
AV.PV6A..SH,2021-05-31T12:17:05.360000,P,0.489,1.4728080941495136e-06,5,0.0061833798198635,20210531T080000_5
AV.PV6A..SH,2021-05-31T13:02:28.080000,P,0.881,2.76939374543872e-07,6,0.0025675260815454,20210531T080000_6
AV.PV6A..SH,2021-05-31T13:20:01.200000,P,0.584,5.591008971350675e-07,-1,-1.0,20210531T080000_-1
AV.PV6A..SH,2021-05-31T14:56:55.080000,P,0.832,3.0642553383586346e-07,8,0.0079932007466687,20210531T080000_8
AV.PV6A..SH,2021-05-31T15:26:36.880000,P,0.348,2.5021807914527017e-07,-1,-1.0,20210531T080000_-1
AV.PV6A..SH,2021-05-31T10:33:46.640000,S,0.653,6.128093446022831e-07,3,0.0015569203537607,20210531T080000_3
AV.PV6A..SH,2021-05-31T11:16:12.540000,S,0.407,3.963459107581002e-07,-1,-1.0,20210531T080000_-1
AV.PV6A..SH,2021-05-31T11:46:44.640000,S,0.675,3.037752662748972e-07,-1,-1.0,20210531T080000_-1
AV.PV6A..SH,2021-05-31T13:02:43.860000,S,0.518,6.241818937269272e-07,7,0.0095591842513309,20210531T080000_7
AV.PV6A..SH,2021-05-31T14:57:12.980000,S,0.773,4.69569215511001e-07,-1,-1.0,20210531T080000_-1
AV.PV6A..SH,2021-05-31T15:53:57.240000,S,0.38,1.7744889646564848e-07,-1,-1.0,20210531T080000_-1
AV.PVV..SH,2021-05-31T08:40:15.740000,P,0.644,2.67966612454984e-07,-1,-1.0,20210531T080000_-1
AV.PVV..SH,2021-05-31T10:33:24.680000,P,0.891,7.095294449754874e-07,1,0.0025675260815454,20210531T080000_1
AV.PVV..SH,2021-05-31T10:33:39.360000,P,0.322,6.162312615742849e-07,3,0.0095591842513309,20210531T080000_3
AV.PVV..SH,2021-05-31T11:46:25.040000,P,0.622,2.500881635114638e-07,-1,-1.0,20210531T080000_-1
AV.PVV..SH,2021-05-31T12:17:05.520000,P,0.652,8.236781923187664e-07,5,0.0015690245375979,20210531T080000_5
AV.PVV..SH,2021-05-31T13:02:25.740000,P,0.863,4.603005834269425e-07,6,0.0079932007466687,20210531T080000_6
AV.PVV..SH,2021-05-31T13:20:00.080000,P,0.65,5.426171583167161e-07,-1,-1.0,20210531T080000_-1
AV.PVV..SH,2021-05-31T14:56:51.500000,P,0.814,6.481679974967847e-07,8,0.014938103939757,20210531T080000_8
AV.PVV..SH,2021-05-31T08:40:17.560000,S,0.323,2.67966612454984e-07,-1,-1.0,20210531T080000_-1
AV.PVV..SH,2021-05-31T10:33:41.280000,S,0.752,6.162312615742849e-07,3,0.0051472735351155,20210531T080000_3
AV.PVV..SH,2021-05-31T11:16:12.120000,S,0.385,2.673882022463659e-07,-1,-1.0,20210531T080000_-1
AV.PVV..SH,2021-05-31T11:46:38.920000,S,0.527,4.511746283242246e-07,4,0.0025675260815454,20210531T080000_4
AV.PVV..SH,2021-05-31T13:02:40.280000,S,0.84,8.151571933012747e-07,7,0.0051472735351155,20210531T080000_7
AV.PVV..SH,2021-05-31T13:20:06.400000,S,0.336,5.426171583167161e-07,-1,-1.0,20210531T080000_-1
AV.PVV..SH,2021-05-31T14:57:06.880000,S,0.585,8.245860385613923e-07,-1,-1.0,20210531T080000_-1
AV.S12K..BH,2021-05-31T10:33:30.860000,P,0.645,1.0876390206249198e-06,1,0.0079932007466687,20210531T080000_1
AV.S12K..BH,2021-05-31T12:17:02.760000,P,0.696,2.4144744656950934e-06,-1,-1.0,20210531T080000_-1
AV.S12K..BH,2021-05-31T13:02:29.660000,P,0.917,6.496006790257525e-07,6,0.014938103939757,20210531T080000_6
AV.S12K..BH,2021-05-31T14:56:57.800000,P,0.895,1.2200297305753338e-06,8,0.0061833798198635,20210531T080000_8
AV.S12K..BH,2021-05-31T10:33:52.240000,S,0.501,1.333579689344333e-06,3,0.0025675260815454,20210531T080000_3
AV.S12K..BH,2021-05-31T11:46:50.080000,S,0.482,8.408819098804088e-07,-1,-1.0,20210531T080000_-1
AV.S12K..BH,2021-05-31T13:02:46.660000,S,0.829,1.1193174032086972e-06,7,0.0025675260815454,20210531T080000_7
AV.S12K..BH,2021-05-31T14:57:18.260000,S,0.448,1.3523557527150842e-06,-1,-1.0,20210531T080000_-1
AV.DEER..BH,2021-05-31T18:41:09.360000,P,0.972,1.600645191501826e-05,1,0.0477732112796428,20210531T160000_1
AV.DEER..BH,2021-05-31T18:41:19.620000,S,0.857,1.600645191501826e-05,1,0.0998910762879008,20210531T160000_1
AV.DOL..BH,2021-05-31T18:41:08.460000,P,0.977,2.92779895971762e-05,1,0.0594812948837969,20210531T160000_1
AV.DOL..BH,2021-05-31T18:41:17.540000,S,0.717,2.92779895971762e-05,1,0.0721110214397564,20210531T160000_1
AV.DOL..BH,2021-05-31T23:37:26.120000,S,0.345,1.3726939869229682e-06,-1,-1.0,20210531T160000_-1
AV.DT1..BH,2021-05-31T18:41:10.300000,P,0.984,2.5990626454586163e-05,1,6.968578342811529e-06,20210531T160000_1
AV.DT1..BH,2021-05-31T18:41:20.820000,S,0.895,1.85339740710333e-05,1,0.0849349334155396,20210531T160000_1
AV.DTN..BH,2021-05-31T18:41:10.780000,P,0.971,1.6550833606743254e-05,1,0.1166470396798429,20210531T160000_1
AV.DTN..BH,2021-05-31T19:00:33.000000,P,0.529,1.964867124115699e-06,-1,-1.0,20210531T160000_-1
AV.DTN..BH,2021-05-31T18:41:21.820000,S,0.81,1.6550833606743254e-05,1,0.1122813484861256,20210531T160000_1
AV.HAG..SH,2021-05-31T18:41:11.180000,P,0.984,1.2605369192897342e-05,1,9.991987317602812e-05,20210531T160000_1
AV.HAG..SH,2021-05-31T22:48:13.660000,P,0.732,4.97852056469128e-07,-1,-1.0,20210531T160000_-1
AV.HAG..SH,2021-05-31T18:41:22.800000,S,0.84,1.1007276043528693e-05,1,0.0825943894154084,20210531T160000_1
AV.HAG..SH,2021-05-31T22:48:17.520000,S,0.527,4.97852056469128e-07,-1,-1.0,20210531T160000_-1
AV.PN7A..BH,2021-05-31T18:41:13.660000,P,0.834,5.226479061093414e-06,1,0.122924136305159,20210531T160000_1
AV.PN7A..BH,2021-05-31T18:41:27.000000,S,0.611,4.44735269411467e-06,-1,-1.0,20210531T160000_-1
AV.PN7A..BH,2021-05-31T23:51:10.280000,S,0.319,1.814044935599668e-06,-1,-1.0,20210531T160000_-1
AV.PS1A..BH,2021-05-31T18:41:11.980000,P,0.98,2.173028769902885e-05,1,0.0009479020778964,20210531T160000_1
AV.PS1A..BH,2021-05-31T23:11:19.640000,P,0.322,2.818757138811634e-06,-1,-1.0,20210531T160000_-1
AV.PS1A..BH,2021-05-31T18:41:23.760000,S,0.914,2.593190401967149e-05,1,0.0548817956732981,20210531T160000_1
AV.PS4A..BH,2021-05-31T18:41:11.260000,P,0.969,1.749268085404765e-05,1,0.0006824376981576,20210531T160000_1
AV.PS4A..BH,2021-05-31T18:41:22.480000,S,0.769,2.070572554657701e-05,1,0.0872982920322842,20210531T160000_1
AV.PV6A..SH,2021-05-31T16:00:00.020000,P,0.315,1.6709947203708e-07,-1,-1.0,20210531T160000_-1
AV.PV6A..SH,2021-05-31T17:35:01.000000,P,0.494,1.920049044201733e-07,-1,-1.0,20210531T160000_-1
AV.PV6A..SH,2021-05-31T18:41:14.280000,P,0.974,2.4882228899514303e-06,1,0.0054973139887816,20210531T160000_1
AV.PV6A..SH,2021-05-31T21:45:20.160000,P,0.374,1.884385198991368e-07,-1,-1.0,20210531T160000_-1
AV.PV6A..SH,2021-05-31T22:47:55.000000,P,0.855,2.1119160464877498e-07,-1,-1.0,20210531T160000_-1
AV.PV6A..SH,2021-05-31T22:55:01.740000,P,0.476,1.6985534045943498e-07,-1,-1.0,20210531T160000_-1
AV.PV6A..SH,2021-05-31T23:11:22.700000,P,0.314,2.403125165528764e-07,-1,-1.0,20210531T160000_-1
AV.PV6A..SH,2021-05-31T17:35:22.880000,S,0.467,2.461799226693984e-07,-1,-1.0,20210531T160000_-1
AV.PV6A..SH,2021-05-31T18:41:28.060000,S,0.665,4.416799583850661e-06,-1,-1.0,20210531T160000_-1
AV.PV6A..SH,2021-05-31T19:42:52.560000,S,0.478,3.565040742614656e-07,-1,-1.0,20210531T160000_-1
AV.PV6A..SH,2021-05-31T22:48:16.740000,S,0.758,2.546822486237943e-07,-1,-1.0,20210531T160000_-1
AV.PV6A..SH,2021-05-31T23:11:43.980000,S,0.655,2.8989111910959764e-07,-1,-1.0,20210531T160000_-1
AV.PVV..SH,2021-05-31T18:41:11.300000,P,0.987,6.0649072111118585e-06,1,2.431963479479348e-06,20210531T160000_1
AV.PVV..SH,2021-05-31T18:41:23.280000,S,0.461,6.754594323865604e-06,1,0.1038627604128516,20210531T160000_1
AV.S12K..BH,2021-05-31T18:41:16.940000,P,0.969,2.954783212771872e-06,1,7.80340652529088e-05,20210531T160000_1
AV.S12K..BH,2021-05-31T18:41:32.620000,S,0.899,9.149939614871982e-06,1,0.0645283249284259,20210531T160000_1
AV.DEER..BH,2021-06-01T00:00:00.020000,P,0.303,1.527908352727536e-06,-1,-1.0,20210601T000000_-1
AV.DEER..BH,2021-06-01T00:14:19.260000,P,0.39,9.163277923107672e-07,1,0.0008684359190253,20210601T000000_1
AV.DEER..BH,2021-06-01T00:14:29.820000,P,0.955,3.275861217844067e-06,-1,-1.0,20210601T000000_-1
AV.DEER..BH,2021-06-01T00:18:39.340000,P,0.369,1.209996526085888e-06,-1,-1.0,20210601T000000_-1
AV.DEER..BH,2021-06-01T00:46:49.660000,P,0.781,1.56163173414825e-06,-1,-1.0,20210601T000000_-1
AV.DEER..BH,2021-06-01T00:14:38.020000,S,0.9,3.275861217844067e-06,3,0.0008684359190253,20210601T000000_3
AV.DOL..BH,2021-06-01T00:36:33.960000,P,0.638,1.3067075315120746e-06,-1,-1.0,20210601T000000_-1
AV.DOL..BH,2021-06-01T05:39:41.400000,P,0.743,1.530261101834185e-06,-1,-1.0,20210601T000000_-1
AV.DOL..BH,2021-06-01T06:13:24.200000,P,0.314,1.0932808436336927e-06,-1,-1.0,20210601T000000_-1
AV.DOL..BH,2021-06-01T05:39:59.820000,S,0.493,1.3303773584993903e-06,-1,-1.0,20210601T000000_-1
AV.DT1..BH,2021-06-01T00:14:19.780000,P,0.939,1.9173814962414326e-06,1,0.0155209438107082,20210601T000000_1
AV.DT1..BH,2021-06-01T00:36:36.460000,P,0.593,1.12168891064357e-06,-1,-1.0,20210601T000000_-1
AV.DT1..BH,2021-06-01T00:46:51.820000,P,0.59,1.240303731719905e-06,-1,-1.0,20210601T000000_-1
AV.DT1..BH,2021-06-01T00:14:39.940000,S,0.565,2.477522002664045e-06,3,0.0155209438107082,20210601T000000_3
AV.DTN..BH,2021-06-01T00:14:20.120000,P,0.812,1.7030204162438167e-06,1,0.0008347826406403,20210601T000000_1
AV.DTN..BH,2021-06-01T05:39:44.680000,P,0.569,1.5335738225985551e-06,-1,-1.0,20210601T000000_-1
AV.DTN..BH,2021-06-01T00:14:40.820000,S,0.494,2.228129233117216e-06,3,0.0008347826406403,20210601T000000_3
AV.HAG..SH,2021-06-01T00:00:00.020000,P,0.342,1.925587440609889e-07,-1,-1.0,20210601T000000_-1
AV.HAG..SH,2021-06-01T00:14:18.700000,P,0.603,1.179423861685791e-06,1,0.0001358374807165,20210601T000000_1
AV.HAG..SH,2021-06-01T00:14:33.900000,P,0.734,9.841605788096786e-07,2,0.0008684359190253,20210601T000000_2
AV.HAG..SH,2021-06-01T00:14:45.480000,P,0.573,2.2260696823650505e-06,-1,-1.0,20210601T000000_-1
AV.HAG..SH,2021-06-01T00:46:57.660000,P,0.691,4.978576271241764e-07,-1,-1.0,20210601T000000_-1
AV.HAG..SH,2021-06-01T04:35:21.960000,P,0.423,2.933176403985272e-07,-1,-1.0,20210601T000000_-1
AV.HAG..SH,2021-06-01T00:14:38.440000,S,0.478,1.1573333722481038e-06,2,0.0155209438107082,20210601T000000_2
AV.HAG..SH,2021-06-01T00:14:45.920000,S,0.445,2.2260696823650505e-06,3,0.0001358374807165,20210601T000000_3
AV.PN7A..BH,2021-06-01T04:30:20.440000,P,0.43,2.30002456191869e-06,4,0.0008684359190253,20210601T000000_4
AV.PN7A..BH,2021-06-01T07:52:32.800000,S,0.69,2.567544925113907e-06,-1,-1.0,20210601T000000_-1
AV.PS1A..BH,2021-06-01T00:14:18.280000,P,0.743,3.3660603548923973e-06,1,0.0021491791275817,20210601T000000_1
AV.PS1A..BH,2021-06-01T00:14:36.820000,S,0.354,2.7891553600056795e-06,2,0.0008347826406403,20210601T000000_2
AV.PS4A..BH,2021-06-01T00:14:18.360000,P,0.595,2.4606219994893763e-06,1,0.0096201292327482,20210601T000000_1
AV.PS4A..BH,2021-06-01T00:14:37.460000,S,0.663,3.2758900943008484e-06,2,0.0001358374807165,20210601T000000_2
AV.PV6A..SH,2021-06-01T00:14:20.860000,P,0.679,3.847983407467837e-07,1,0.0010036257634087,20210601T000000_1
AV.PV6A..SH,2021-06-01T00:37:01.880000,P,0.353,1.912720790642197e-07,-1,-1.0,20210601T000000_-1
AV.PV6A..SH,2021-06-01T00:59:48.800000,P,0.358,1.50861012571113e-07,-1,-1.0,20210601T000000_-1
AV.PV6A..SH,2021-06-01T01:44:01.880000,P,0.373,3.124364411632996e-07,-1,-1.0,20210601T000000_-1
AV.PV6A..SH,2021-06-01T04:30:22.700000,P,0.654,3.557717320745724e-07,4,0.0155209438107082,20210601T000000_4
AV.PV6A..SH,2021-06-01T05:39:45.980000,P,0.523,1.596592937858077e-07,-1,-1.0,20210601T000000_-1
AV.PV6A..SH,2021-06-01T00:14:41.660000,S,0.79,6.310216349447728e-07,2,0.0021491791275817,20210601T000000_2
AV.PV6A..SH,2021-06-01T00:37:02.160000,S,0.326,1.912720790642197e-07,-1,-1.0,20210601T000000_-1
AV.PV6A..SH,2021-06-01T01:44:06.200000,S,0.338,3.124364411632996e-07,-1,-1.0,20210601T000000_-1
AV.PV6A..SH,2021-06-01T04:30:25.280000,S,0.769,3.557717320745724e-07,4,0.0008347826406403,20210601T000000_4
AV.PV6A..SH,2021-06-01T05:40:07.680000,S,0.483,1.888183049914005e-07,-1,-1.0,20210601T000000_-1
AV.PV6A..SH,2021-06-01T06:13:46.320000,S,0.469,1.892352941013087e-07,-1,-1.0,20210601T000000_-1
AV.PV6A..SH,2021-06-01T06:51:31.840000,S,0.599,5.018638375986484e-07,-1,-1.0,20210601T000000_-1
AV.PVV..SH,2021-06-01T00:14:18.020000,P,0.968,7.943413038447034e-07,1,0.0008977891651461,20210601T000000_1
AV.PVV..SH,2021-06-01T00:14:46.020000,P,0.492,4.980470293958206e-07,-1,-1.0,20210601T000000_-1
AV.PVV..SH,2021-06-01T04:30:20.840000,P,0.804,2.723945442539844e-07,4,0.0001358374807165,20210601T000000_4
AV.PVV..SH,2021-06-01T04:55:51.840000,P,0.473,1.9431611519848962e-07,-1,-1.0,20210601T000000_-1
AV.PVV..SH,2021-06-01T00:14:36.800000,S,0.493,5.858126428393007e-07,2,0.0096201292327482,20210601T000000_2
AV.PVV..SH,2021-06-01T04:30:23.020000,S,0.49,2.723945442539844e-07,4,0.0021491791275817,20210601T000000_4
AV.PVV..SH,2021-06-01T06:02:58.880000,S,0.531,1.959009523488931e-07,-1,-1.0,20210601T000000_-1
AV.PVV..SH,2021-06-01T06:49:31.840000,S,0.303,2.603339908091584e-07,-1,-1.0,20210601T000000_-1
AV.S12K..BH,2021-06-01T00:14:23.800000,P,0.361,1.4651353694716818e-06,1,2.1978556712503247e-05,20210601T000000_1
AV.S12K..BH,2021-06-01T00:14:46.540000,S,0.588,1.768879997143813e-06,2,0.0010036257634087,20210601T000000_2
AV.DEER..BH,2021-06-01T10:00:35.140000,P,0.958,1.2264090401004069e-06,1,0.0055128347803648,20210601T080000_1
AV.DEER..BH,2021-06-01T10:30:05.480000,P,0.571,1.283808614971349e-06,-1,-1.0,20210601T080000_-1
AV.DEER..BH,2021-06-01T13:19:11.720000,P,0.504,1.0219054047411191e-06,-1,-1.0,20210601T080000_-1
AV.DEER..BH,2021-06-01T13:30:57.560000,P,0.887,1.271344444830902e-06,-1,-1.0,20210601T080000_-1
AV.DEER..BH,2021-06-01T10:00:44.860000,S,0.879,1.2228881587361684e-06,1,0.0004142630795755,20210601T080000_1
AV.DEER..BH,2021-06-01T10:30:17.160000,S,0.38,1.0825953040694003e-06,-1,-1.0,20210601T080000_-1
AV.DEER..BH,2021-06-01T11:28:20.360000,S,0.327,7.468923968190211e-07,-1,-1.0,20210601T080000_-1
AV.DEER..BH,2021-06-01T13:19:22.260000,S,0.5,1.049675006470352e-06,-1,-1.0,20210601T080000_-1
AV.DEER..BH,2021-06-01T13:31:07.620000,S,0.697,1.271344444830902e-06,-1,-1.0,20210601T080000_-1
AV.DOL..BH,2021-06-01T10:00:36.120000,P,0.711,1.8164573702961209e-06,1,0.0001519457522952,20210601T080000_1
AV.DOL..BH,2021-06-01T12:05:17.240000,P,0.945,1.2961652373633117e-06,2,0.0055128347803648,20210601T080000_2
AV.DOL..BH,2021-06-01T10:00:46.660000,S,0.866,1.8164573702961209e-06,1,0.0001077939262424,20210601T080000_1
AV.DOL..BH,2021-06-01T12:05:29.340000,S,0.774,1.937822617037454e-06,2,0.0004142630795755,20210601T080000_2
AV.DT1..BH,2021-06-01T08:00:00.020000,P,0.333,9.638612255002954e-07,-1,-1.0,20210601T080000_-1
AV.DT1..BH,2021-06-01T10:00:36.460000,P,0.928,2.456128413541592e-06,1,0.0106181360144284,20210601T080000_1
AV.DT1..BH,2021-06-01T10:30:06.800000,P,0.622,9.206472100231622e-07,-1,-1.0,20210601T080000_-1
AV.DT1..BH,2021-06-01T12:05:20.440000,P,0.546,1.1738504781533263e-06,2,0.0001519457522952,20210601T080000_2
AV.DT1..BH,2021-06-01T13:19:13.400000,P,0.794,9.8700968464982e-07,-1,-1.0,20210601T080000_-1
AV.DT1..BH,2021-06-01T13:30:57.580000,P,0.578,1.000690872388077e-06,-1,-1.0,20210601T080000_-1
AV.DT1..BH,2021-06-01T10:00:47.380000,S,0.928,2.456128413541592e-06,1,0.0008602328834308,20210601T080000_1
AV.DT1..BH,2021-06-01T12:05:35.240000,S,0.648,1.3787857824354433e-06,2,0.0001077939262424,20210601T080000_2
AV.DT1..BH,2021-06-01T13:19:25.160000,S,0.375,8.340535941897542e-07,-1,-1.0,20210601T080000_-1
AV.DTN..BH,2021-06-01T10:00:37.320000,P,0.705,1.396855964230781e-06,1,9.794771320524828e-05,20210601T080000_1
AV.DTN..BH,2021-06-01T12:05:20.440000,P,0.46,1.961408997885883e-06,2,0.0106181360144284,20210601T080000_2
AV.PN7A..BH,2021-06-01T12:26:58.200000,P,0.517,3.698048431033385e-06,-1,-1.0,20210601T080000_-1
AV.PN7A..BH,2021-06-01T13:16:56.360000,P,0.318,2.9581492526631337e-06,-1,-1.0,20210601T080000_-1
AV.PN7A..BH,2021-06-01T12:26:59.860000,S,0.478,3.698048431033385e-06,-1,-1.0,20210601T080000_-1
AV.PS1A..BH,2021-06-01T08:00:00.020000,P,0.494,1.8326408053326304e-06,-1,-1.0,20210601T080000_-1
AV.PV6A..SH,2021-06-01T12:04:41.000000,P,0.667,5.216798513174581e-07,-1,-1.0,20210601T080000_-1
AV.PV6A..SH,2021-06-01T12:05:19.100000,P,0.887,1.515833503162867e-07,2,0.0008602328834308,20210601T080000_2
AV.PV6A..SH,2021-06-01T12:27:00.960000,P,0.5,2.3514894564868882e-07,-1,-1.0,20210601T080000_-1
AV.PV6A..SH,2021-06-01T12:04:46.660000,S,0.68,5.216798513174581e-07,-1,-1.0,20210601T080000_-1
AV.PV6A..SH,2021-06-01T12:05:32.660000,S,0.879,2.927068862845772e-07,2,9.794771320524828e-05,20210601T080000_2
AV.PVV..SH,2021-06-01T08:13:44.000000,P,0.371,3.4111084801224933e-07,-1,-1.0,20210601T080000_-1
AV.PVV..SH,2021-06-01T08:23:10.140000,P,0.36,2.0432344172149897e-07,-1,-1.0,20210601T080000_-1
AV.PVV..SH,2021-06-01T08:36:13.200000,P,0.548,2.473522613399837e-07,-1,-1.0,20210601T080000_-1
AV.PVV..SH,2021-06-01T08:55:05.560000,P,0.813,4.6781545393059787e-07,-1,-1.0,20210601T080000_-1
AV.PVV..SH,2021-06-01T09:19:13.200000,P,0.687,4.722399751244666e-07,-1,-1.0,20210601T080000_-1
AV.PVV..SH,2021-06-01T09:20:44.040000,P,0.318,2.9689223879358906e-07,-1,-1.0,20210601T080000_-1
AV.PVV..SH,2021-06-01T12:04:39.400000,P,0.613,4.901243642052577e-07,-1,-1.0,20210601T080000_-1
AV.PVV..SH,2021-06-01T12:05:25.960000,P,0.378,2.394654075033032e-07,-1,-1.0,20210601T080000_-1
AV.PVV..SH,2021-06-01T12:30:19.020000,P,0.486,2.765819431260752e-07,-1,-1.0,20210601T080000_-1
AV.PVV..SH,2021-06-01T12:48:31.120000,P,0.436,2.9379776833593496e-07,-1,-1.0,20210601T080000_-1
AV.PVV..SH,2021-06-01T12:58:22.240000,P,0.342,3.004963673447492e-07,-1,-1.0,20210601T080000_-1
AV.PVV..SH,2021-06-01T08:13:12.920000,S,0.308,2.41496962871679e-07,-1,-1.0,20210601T080000_-1
AV.PVV..SH,2021-06-01T08:13:46.040000,S,0.327,3.4111084801224933e-07,-1,-1.0,20210601T080000_-1
AV.PVV..SH,2021-06-01T08:14:02.620000,S,0.724,3.252561384670116e-07,-1,-1.0,20210601T080000_-1
AV.PVV..SH,2021-06-01T08:37:05.960000,S,0.376,3.126371268535877e-07,-1,-1.0,20210601T080000_-1
AV.PVV..SH,2021-06-01T08:55:11.360000,S,0.511,3.129034951143695e-07,-1,-1.0,20210601T080000_-1
AV.PVV..SH,2021-06-01T08:55:22.940000,S,0.396,2.49309294986233e-07,-1,-1.0,20210601T080000_-1
AV.PVV..SH,2021-06-01T09:02:15.400000,S,0.4,3.15042996135162e-07,-1,-1.0,20210601T080000_-1
AV.PVV..SH,2021-06-01T09:05:24.620000,S,0.515,2.7756905751630256e-07,-1,-1.0,20210601T080000_-1
AV.PVV..SH,2021-06-01T09:19:18.080000,S,0.54,4.722399751244666e-07,-1,-1.0,20210601T080000_-1
AV.PVV..SH,2021-06-01T10:46:58.080000,S,0.3,2.702007861898892e-07,-1,-1.0,20210601T080000_-1
AV.PVV..SH,2021-06-01T12:05:29.320000,S,0.62,2.394654075033032e-07,2,0.000253347857132,20210601T080000_2
AV.PVV..SH,2021-06-01T12:43:05.740000,S,0.534,3.126584431356605e-07,-1,-1.0,20210601T080000_-1
AV.PVV..SH,2021-06-01T12:47:12.680000,S,0.448,2.341531626370852e-07,-1,-1.0,20210601T080000_-1
AV.S12K..BH,2021-06-01T12:05:20.460000,P,0.753,9.200405770570796e-07,2,9.658683471127415e-05,20210601T080000_2
AV.S12K..BH,2021-06-01T12:05:34.940000,S,0.804,1.1289024541838444e-06,2,0.0079264370325643,20210601T080000_2
AV.DEER..BH,2021-06-01T16:00:00.020000,P,0.42,1.0490296062926063e-06,-1,-1.0,20210601T160000_-1
AV.DEER..BH,2021-06-01T18:43:37.640000,P,0.45,1.2700542129095993e-06,-1,-1.0,20210601T160000_-1
AV.DEER..BH,2021-06-01T21:43:30.600000,P,0.404,7.34050900064176e-07,-1,-1.0,20210601T160000_-1
AV.DEER..BH,2021-06-01T22:03:59.980000,P,0.403,1.0054201311504585e-06,6,0.002692620074017,20210601T160000_6
AV.DEER..BH,2021-06-01T22:04:12.020000,S,0.518,1.5049162129798788e-06,6,0.0001868059726869,20210601T160000_6
AV.DOL..BH,2021-06-01T16:32:19.080000,P,0.449,1.598692733750795e-06,1,0.002692620074017,20210601T160000_1
AV.DOL..BH,2021-06-01T21:43:34.760000,P,0.683,1.4764954130441763e-06,-1,-1.0,20210601T160000_-1
AV.DOL..BH,2021-06-01T22:03:57.720000,P,0.982,3.422962890908821e-06,6,0.000340447029547,20210601T160000_6
AV.DOL..BH,2021-06-01T23:15:24.120000,P,0.403,9.663208402344026e-07,-1,-1.0,20210601T160000_-1
AV.DOL..BH,2021-06-01T16:32:37.600000,S,0.396,2.179207285735174e-06,2,0.002692620074017,20210601T160000_2
AV.DOL..BH,2021-06-01T21:44:38.340000,S,0.715,3.626118996180594e-06,5,0.002692620074017,20210601T160000_5
AV.DOL..BH,2021-06-01T22:04:08.400000,S,0.564,3.422962890908821e-06,6,0.0034445741913045,20210601T160000_6
AV.DT1..BH,2021-06-01T16:32:21.880000,P,0.45,1.0145666919925134e-06,1,0.0001868059726869,20210601T160000_1
AV.DT1..BH,2021-06-01T21:44:20.720000,P,0.686,1.1820021654784796e-06,5,0.0001868059726869,20210601T160000_5
AV.DT1..BH,2021-06-01T22:04:00.440000,P,0.955,1.199292455567047e-06,6,0.0055252047799087,20210601T160000_6
AV.DT1..BH,2021-06-01T16:32:42.680000,S,0.335,1.863702436821768e-06,2,0.0001868059726869,20210601T160000_2
AV.DT1..BH,2021-06-01T21:44:33.540000,S,0.569,1.6958399555733197e-06,5,0.000340447029547,20210601T160000_5
AV.DT1..BH,2021-06-01T22:04:12.880000,S,0.892,3.1741108159621945e-06,6,0.0143342293090473,20210601T160000_6
AV.DTN..BH,2021-06-01T16:32:22.200000,P,0.33,1.9234223600506084e-06,1,0.000340447029547,20210601T160000_1
AV.DTN..BH,2021-06-01T16:33:37.100000,P,0.425,1.7654974726610817e-06,-1,-1.0,20210601T160000_-1
AV.DTN..BH,2021-06-01T17:50:32.680000,P,0.348,1.7073643903131597e-06,-1,-1.0,20210601T160000_-1
AV.DTN..BH,2021-06-01T21:44:20.200000,P,0.309,1.8891832951339893e-06,5,0.0034445741913045,20210601T160000_5
AV.DTN..BH,2021-06-01T22:04:00.760000,P,0.952,1.724800085867173e-06,6,0.0005755576504112,20210601T160000_6
AV.DTN..BH,2021-06-01T18:52:21.960000,S,0.357,1.669160155870486e-06,-1,-1.0,20210601T160000_-1
AV.DTN..BH,2021-06-01T21:44:33.700000,S,0.342,3.0942608191253385e-06,5,0.0055252047799087,20210601T160000_5
AV.DTN..BH,2021-06-01T22:04:13.560000,S,0.628,2.6490638447285164e-06,6,0.0158937344262016,20210601T160000_6
AV.HAG..SH,2021-06-01T16:32:21.360000,P,0.517,5.156857696420047e-07,1,0.0034445741913045,20210601T160000_1
AV.HAG..SH,2021-06-01T17:42:11.140000,P,0.521,3.972716626776674e-07,-1,-1.0,20210601T160000_-1
AV.HAG..SH,2021-06-01T18:53:55.240000,P,0.45,5.597711947302741e-07,4,0.002692620074017,20210601T160000_4
AV.HAG..SH,2021-06-01T22:04:00.040000,P,0.977,9.28714030123956e-07,6,1.5888802050918069e-12,20210601T160000_6
AV.HAG..SH,2021-06-01T16:32:41.600000,S,0.598,8.433102038907236e-07,2,0.000340447029547,20210601T160000_2
AV.HAG..SH,2021-06-01T17:37:44.760000,S,0.378,5.782991365776979e-07,3,0.002692620074017,20210601T160000_3
AV.HAG..SH,2021-06-01T18:53:59.180000,S,0.521,5.597711947302741e-07,4,0.0001868059726869,20210601T160000_4
AV.HAG..SH,2021-06-01T22:04:12.760000,S,0.752,1.7558535319039947e-06,6,0.0091157774621213,20210601T160000_6
AV.PS1A..BH,2021-06-01T16:00:00.020000,P,0.42,2.069457650577533e-06,-1,-1.0,20210601T160000_-1
AV.PS1A..BH,2021-06-01T16:32:20.840000,P,0.595,2.1190969619055977e-06,1,0.0055252047799087,20210601T160000_1
AV.PS1A..BH,2021-06-01T18:53:54.380000,P,0.491,2.743705636021332e-06,4,0.000340447029547,20210601T160000_4
AV.PS1A..BH,2021-06-01T22:04:00.200000,P,0.834,1.8295343124918872e-06,6,0.0005591779575093,20210601T160000_6
AV.PS1A..BH,2021-06-01T16:32:40.980000,S,0.662,2.720243401199696e-06,2,0.0034445741913045,20210601T160000_2
AV.PS1A..BH,2021-06-01T18:53:58.880000,S,0.38,3.5099685646855505e-06,4,0.0034445741913045,20210601T160000_4
AV.PS1A..BH,2021-06-01T22:04:12.500000,S,0.376,2.4031717202888103e-06,6,0.013706872573159,20210601T160000_6
AV.PS4A..BH,2021-06-01T22:04:00.040000,P,0.741,1.9348599380464293e-06,6,0.0132402563821318,20210601T160000_6
AV.PS4A..BH,2021-06-01T22:04:12.080000,S,0.725,3.0639132546639303e-06,6,0.0029101026333719,20210601T160000_6
AV.PV6A..SH,2021-06-01T16:00:00.020000,P,0.365,1.306791546085151e-07,-1,-1.0,20210601T160000_-1
AV.PV6A..SH,2021-06-01T16:32:23.720000,P,0.895,3.626599607287062e-07,1,0.0143342293090473,20210601T160000_1
AV.PV6A..SH,2021-06-01T17:37:27.680000,P,0.391,1.8511509836116602e-07,-1,-1.0,20210601T160000_-1
AV.PV6A..SH,2021-06-01T18:53:55.420000,P,0.609,8.080980364866264e-07,4,0.0055252047799087,20210601T160000_4
AV.PV6A..SH,2021-06-01T19:33:23.000000,P,0.504,1.162023181677796e-06,-1,-1.0,20210601T160000_-1
AV.PV6A..SH,2021-06-01T19:46:43.180000,P,0.444,2.408424109034968e-07,-1,-1.0,20210601T160000_-1
AV.PV6A..SH,2021-06-01T22:04:02.820000,P,0.914,3.4235117141179217e-07,6,0.0164686019449352,20210601T160000_6
AV.PV6A..SH,2021-06-01T16:32:44.880000,S,0.585,5.763973263128719e-07,2,0.0055252047799087,20210601T160000_2
AV.PV6A..SH,2021-06-01T17:37:47.700000,S,0.715,3.685659919483442e-07,3,0.0001868059726869,20210601T160000_3
AV.PV6A..SH,2021-06-01T19:33:25.600000,S,0.412,1.162023181677796e-06,-1,-1.0,20210601T160000_-1
AV.PV6A..SH,2021-06-01T19:46:49.300000,S,0.791,2.408424109034968e-07,-1,-1.0,20210601T160000_-1
AV.PV6A..SH,2021-06-01T22:04:16.720000,S,0.45,4.685921339842025e-07,6,0.0086217193201112,20210601T160000_6
AV.PVV..SH,2021-06-01T16:32:20.620000,P,0.937,3.242664377012261e-07,1,0.0005755576504112,20210601T160000_1
AV.PVV..SH,2021-06-01T17:37:24.700000,P,0.652,3.330324886974268e-07,-1,-1.0,20210601T160000_-1
AV.PVV..SH,2021-06-01T18:53:53.960000,P,0.889,6.642246717092348e-07,4,0.0143342293090473,20210601T160000_4
AV.PVV..SH,2021-06-01T22:03:59.600000,P,0.94,6.55714757158421e-07,6,0.0018524730984341,20210601T160000_6
AV.PVV..SH,2021-06-01T16:32:41.280000,S,0.501,4.556686974410695e-07,2,0.0143342293090473,20210601T160000_2
AV.PVV..SH,2021-06-01T17:37:43.520000,S,0.615,2.814764741287945e-07,3,0.000340447029547,20210601T160000_3
AV.PVV..SH,2021-06-01T22:04:11.520000,S,0.603,6.935395049367798e-07,6,0.017852631162728,20210601T160000_6
AV.S12K..BH,2021-06-01T16:32:50.600000,S,0.408,1.1943712934225914e-06,2,0.0005755576504112,20210601T160000_2
AV.S12K..BH,2021-06-01T17:37:50.100000,S,0.65,1.2124314707762096e-06,3,0.0034445741913045,20210601T160000_3
AV.DEER..BH,2021-06-02T01:19:19.240000,P,0.903,1.185661517411063e-06,1,0.0141060505856433,20210602T000000_1
AV.DEER..BH,2021-06-02T01:31:41.100000,P,0.822,9.531718205835204e-07,3,0.0141060505856433,20210602T000000_3
AV.DEER..BH,2021-06-02T07:15:41.160000,P,0.757,4.310336862545228e-06,4,0.0141060505856433,20210602T000000_4
AV.DEER..BH,2021-06-02T01:19:33.020000,S,0.566,1.3034583616899909e-06,-1,-1.0,20210602T000000_-1
AV.DEER..BH,2021-06-02T01:31:52.020000,S,0.635,1.0239656376143105e-06,3,0.001979103692573,20210602T000000_3
AV.DEER..BH,2021-06-02T07:15:58.000000,S,0.378,4.39560199083644e-06,-1,-1.0,20210602T000000_-1
AV.DEER..BH,2021-06-02T07:15:58.700000,S,0.39,1.0999354344676249e-05,5,0.0141060505856433,20210602T000000_5
AV.DOL..BH,2021-06-02T01:19:22.680000,P,0.375,1.5513385278609348e-06,1,0.001979103692573,20210602T000000_1
AV.DOL..BH,2021-06-02T07:15:45.420000,P,0.882,4.576029368763557e-06,4,0.001979103692573,20210602T000000_4
AV.DOL..BH,2021-06-02T01:19:38.000000,S,0.536,1.7792456219467567e-06,-1,-1.0,20210602T000000_-1
AV.DOL..BH,2021-06-02T06:30:01.480000,S,0.32,1.8817518139258027e-06,-1,-1.0,20210602T000000_-1
AV.DOL..BH,2021-06-02T07:06:54.040000,S,0.325,1.6276437690976309e-06,-1,-1.0,20210602T000000_-1
AV.DOL..BH,2021-06-02T07:16:05.360000,S,0.743,1.634201362321619e-05,5,0.001979103692573,20210602T000000_5
AV.DOL..BH,2021-06-02T07:34:21.420000,S,0.545,1.6611903674856876e-06,-1,-1.0,20210602T000000_-1
AV.DT1..BH,2021-06-02T00:28:09.260000,P,0.345,9.159404044112308e-07,-1,-1.0,20210602T000000_-1
AV.DT1..BH,2021-06-02T01:19:21.400000,P,0.424,2.105849262079573e-06,1,0.0036066543707835,20210602T000000_1
AV.DT1..BH,2021-06-02T01:31:43.080000,P,0.891,1.1178194654348772e-06,3,0.0036066543707835,20210602T000000_3
AV.DT1..BH,2021-06-02T07:15:43.560000,P,0.963,7.460755114152562e-06,4,0.0036066543707835,20210602T000000_4
AV.DT1..BH,2021-06-02T01:31:55.780000,S,0.758,1.4489925206362386e-06,-1,-1.0,20210602T000000_-1
AV.DT1..BH,2021-06-02T07:16:01.760000,S,0.539,1.000101474346593e-05,5,0.0036066543707835,20210602T000000_5
AV.DT1..BH,2021-06-02T07:16:52.160000,S,0.393,1.5510770481341751e-06,-1,-1.0,20210602T000000_-1
AV.DTN..BH,2021-06-02T01:19:22.280000,P,0.312,2.610022420412861e-06,1,0.0018092101845584,20210602T000000_1
AV.DTN..BH,2021-06-02T01:31:43.760000,P,0.339,1.5489833913306938e-06,3,0.0018092101845584,20210602T000000_3
AV.DTN..BH,2021-06-02T07:15:44.380000,P,0.934,6.049738203728339e-06,4,0.0018092101845584,20210602T000000_4
AV.DTN..BH,2021-06-02T01:19:38.440000,S,0.304,1.8164664652431384e-06,-1,-1.0,20210602T000000_-1
AV.DTN..BH,2021-06-02T01:31:57.480000,S,0.393,1.96040969058231e-06,-1,-1.0,20210602T000000_-1
AV.DTN..BH,2021-06-02T07:16:03.260000,S,0.715,1.365361185889924e-05,5,0.0018092101845584,20210602T000000_5
AV.HAG..SH,2021-06-02T01:19:25.860000,P,0.79,1.589839030202711e-06,1,0.0035658044695986,20210602T000000_1
AV.HAG..SH,2021-06-02T01:31:47.880000,P,0.691,4.899725354334805e-07,3,0.0035658044695986,20210602T000000_3
AV.HAG..SH,2021-06-02T01:32:04.000000,P,0.524,8.202175649785204e-07,-1,-1.0,20210602T000000_-1
AV.HAG..SH,2021-06-02T05:51:09.440000,P,0.533,3.4962408790306654e-07,-1,-1.0,20210602T000000_-1
AV.HAG..SH,2021-06-02T07:15:48.120000,P,0.937,1.1316643394820858e-05,4,0.0035658044695986,20210602T000000_4
AV.HAG..SH,2021-06-02T01:19:43.020000,S,0.609,1.4764456182092545e-06,2,0.0141060505856433,20210602T000000_2
AV.HAG..SH,2021-06-02T01:32:08.960000,S,0.308,8.202175649785204e-07,-1,-1.0,20210602T000000_-1
AV.HAG..SH,2021-06-02T07:16:10.820000,S,0.736,1.23172012536088e-05,5,0.0035658044695986,20210602T000000_5
AV.PN7A..BH,2021-06-02T01:57:20.300000,P,0.787,1.6266213833660004e-06,-1,-1.0,20210602T000000_-1
AV.PN7A..BH,2021-06-02T03:37:18.060000,P,0.334,1.7433269476896385e-06,-1,-1.0,20210602T000000_-1
AV.PN7A..BH,2021-06-02T07:15:50.300000,P,0.735,3.163431983921328e-06,4,0.0005437974002012,20210602T000000_4
AV.PN7A..BH,2021-06-02T01:57:23.360000,S,0.382,1.4806813624090864e-06,-1,-1.0,20210602T000000_-1
AV.PS1A..BH,2021-06-02T00:00:00.020000,P,0.337,1.603150622031535e-06,-1,-1.0,20210602T000000_-1
AV.PS1A..BH,2021-06-02T07:15:50.140000,P,0.948,4.140364580962341e-06,4,0.0013153511679009,20210602T000000_4
AV.PS1A..BH,2021-06-02T07:16:14.420000,S,0.543,1.1848524081869982e-05,5,0.0005437974002012,20210602T000000_5
AV.PS4A..BH,2021-06-02T07:15:48.800000,P,0.867,6.709532044624211e-06,4,0.0088544525906533,20210602T000000_4
AV.PS4A..BH,2021-06-02T07:16:11.200000,S,0.556,1.7944776118383743e-05,5,0.0013153511679009,20210602T000000_5
AV.PV6A..SH,2021-06-02T01:19:29.360000,P,0.377,1.965160691952406e-07,1,0.0005437974002012,20210602T000000_1
AV.PV6A..SH,2021-06-02T01:42:12.860000,P,0.793,3.5032897471865e-07,-1,-1.0,20210602T000000_-1
AV.PV6A..SH,2021-06-02T03:21:32.120000,P,0.3,3.687311505018442e-07,-1,-1.0,20210602T000000_-1
AV.PV6A..SH,2021-06-02T07:15:51.760000,P,0.671,1.2767229691235116e-06,4,0.0198103653401513,20210602T000000_4
AV.PV6A..SH,2021-06-02T01:19:50.080000,S,0.672,2.2835260438114346e-07,2,0.001979103692573,20210602T000000_2
AV.PV6A..SH,2021-06-02T01:42:17.460000,S,0.849,3.5032897471865e-07,-1,-1.0,20210602T000000_-1
AV.PV6A..SH,2021-06-02T03:21:33.760000,S,0.315,3.687311505018442e-07,-1,-1.0,20210602T000000_-1
AV.PVV..SH,2021-06-02T01:19:26.440000,P,0.828,3.363958569480019e-07,1,0.0013153511679009,20210602T000000_1
AV.PVV..SH,2021-06-02T01:19:42.920000,P,0.451,4.1488260649202857e-07,2,0.0036066543707835,20210602T000000_2
AV.PVV..SH,2021-06-02T07:15:49.080000,P,0.953,1.7459381069784286e-06,4,0.0016859708029,20210602T000000_4
AV.PVV..SH,2021-06-02T07:34:01.360000,P,0.449,1.883996958440548e-07,-1,-1.0,20210602T000000_-1
AV.PVV..SH,2021-06-02T01:19:28.940000,S,0.501,2.73266579142728e-07,-1,-1.0,20210602T000000_-1
AV.PVV..SH,2021-06-02T01:19:45.980000,S,0.561,4.1488260649202857e-07,2,0.0018092101845584,20210602T000000_2
AV.PVV..SH,2021-06-02T07:16:12.800000,S,0.531,2.5916813228832325e-06,5,0.0088544525906533,20210602T000000_5
AV.S12K..BH,2021-06-02T07:15:54.040000,P,0.747,3.4231341032864293e-06,4,9.047966108450372e-05,20210602T000000_4
AV.S12K..BH,2021-06-02T07:16:19.920000,S,0.399,7.140218258427922e-06,5,0.0198103653401513,20210602T000000_5
AV.DEER..BH,2021-06-02T11:06:22.940000,P,0.782,1.1235914598728414e-06,-1,-1.0,20210602T080000_-1
AV.DEER..BH,2021-06-02T12:16:45.800000,P,0.405,1.3145341881681816e-06,-1,-1.0,20210602T080000_-1
AV.DEER..BH,2021-06-02T12:16:56.280000,S,0.385,9.242135092790704e-07,-1,-1.0,20210602T080000_-1
AV.DOL..BH,2021-06-02T10:38:27.560000,P,0.575,1.3459429055728831e-06,-1,-1.0,20210602T080000_-1
AV.DOL..BH,2021-06-02T14:45:30.540000,P,0.803,1.023325012283749e-06,-1,-1.0,20210602T080000_-1
AV.DOL..BH,2021-06-02T09:39:09.900000,S,0.755,1.5677638884881162e-06,-1,-1.0,20210602T080000_-1
AV.DOL..BH,2021-06-02T10:38:50.380000,S,0.417,2.062265821223264e-06,2,0.000634413352448,20210602T080000_2
AV.DOL..BH,2021-06-02T15:07:20.040000,S,0.406,1.1236278396609125e-06,-1,-1.0,20210602T080000_-1
AV.DTN..BH,2021-06-02T08:00:00.020000,P,0.313,2.6897250791080296e-06,1,0.000634413352448,20210602T080000_1
AV.DTN..BH,2021-06-02T09:09:20.440000,P,0.45,2.103645556417177e-06,-1,-1.0,20210602T080000_-1
AV.DTN..BH,2021-06-02T14:45:33.180000,P,0.313,1.7664214055912453e-06,-1,-1.0,20210602T080000_-1
AV.HAG..SH,2021-06-02T08:00:00.020000,P,0.324,2.096039395382832e-07,1,0.0005820741421986,20210602T080000_1
AV.HAG..SH,2021-06-02T10:38:56.520000,S,0.861,6.706305271109159e-07,2,0.0005820741421986,20210602T080000_2
AV.PN7A..BH,2021-06-02T15:10:55.240000,P,0.8,2.978797283503809e-06,-1,-1.0,20210602T080000_-1
AV.PN7A..BH,2021-06-02T11:12:26.300000,S,0.48,2.8851645765826106e-06,-1,-1.0,20210602T080000_-1
AV.PN7A..BH,2021-06-02T15:10:57.280000,S,0.493,2.6873258320847526e-06,-1,-1.0,20210602T080000_-1
AV.PS1A..BH,2021-06-02T08:00:00.020000,P,0.383,2.2636329504166497e-06,1,0.0002537385659645,20210602T080000_1
AV.PS1A..BH,2021-06-02T10:38:57.600000,S,0.52,2.076411419693613e-06,2,0.0002537385659645,20210602T080000_2
AV.PV6A..SH,2021-06-02T08:00:00.020000,P,0.31,2.203399702693787e-07,1,0.0031177834339841,20210602T080000_1
AV.PV6A..SH,2021-06-02T14:21:32.920000,P,0.898,1.979702517473925e-07,-1,-1.0,20210602T080000_-1
AV.PV6A..SH,2021-06-02T14:22:25.400000,P,0.33,2.1209493183960149e-07,-1,-1.0,20210602T080000_-1
AV.PV6A..SH,2021-06-02T15:38:31.580000,P,0.428,1.428956863946951e-07,-1,-1.0,20210602T080000_-1
AV.PV6A..SH,2021-06-02T10:39:01.280000,S,0.53,2.3821334593776563e-07,2,0.0031177834339841,20210602T080000_2
AV.PV6A..SH,2021-06-02T14:21:54.560000,S,0.817,2.483407683939731e-07,-1,-1.0,20210602T080000_-1
AV.PVV..SH,2021-06-02T10:38:30.480000,P,0.441,2.192142716239687e-07,-1,-1.0,20210602T080000_-1
AV.PVV..SH,2021-06-02T10:38:54.480000,P,0.448,2.998853005919955e-07,2,0.0007478846769936,20210602T080000_2
AV.PVV..SH,2021-06-02T12:50:23.660000,P,0.345,2.3146978378463245e-07,-1,-1.0,20210602T080000_-1
AV.PVV..SH,2021-06-02T14:21:29.760000,P,0.79,2.3690030559464506e-07,-1,-1.0,20210602T080000_-1
AV.PVV..SH,2021-06-02T10:38:56.800000,S,0.457,2.998853005919955e-07,2,0.0010485268267382,20210602T080000_2
AV.DEER..BH,2021-06-02T16:07:37.820000,P,0.937,1.5877092209848342e-06,1,0.1051001979939557,20210602T160000_1
AV.DEER..BH,2021-06-02T16:07:46.740000,S,0.891,1.5877092209848342e-06,1,0.1087740692264044,20210602T160000_1
AV.DOL..BH,2021-06-02T16:07:37.280000,P,0.977,2.312286142114317e-06,1,0.1044469188226464,20210602T160000_1
AV.DOL..BH,2021-06-02T19:56:21.560000,P,0.421,9.511384178040316e-07,3,0.1051001979939557,20210602T160000_3
AV.DOL..BH,2021-06-02T23:39:10.540000,P,0.706,1.2831659432777087e-06,4,0.1051001979939557,20210602T160000_4
AV.DOL..BH,2021-06-02T16:07:45.720000,S,0.868,1.7172659454445238e-06,1,0.0031708768482059,20210602T160000_1
AV.DOL..BH,2021-06-02T18:59:45.000000,S,0.353,9.554354392093956e-07,-1,-1.0,20210602T160000_-1
AV.DOL..BH,2021-06-02T19:56:39.720000,S,0.351,1.0415052429380012e-06,-1,-1.0,20210602T160000_-1
AV.DOL..BH,2021-06-02T23:39:28.860000,S,0.708,2.2558210730494466e-06,-1,-1.0,20210602T160000_-1
AV.DT1..BH,2021-06-02T16:07:37.920000,P,0.985,2.117624489983428e-06,1,0.0040647549628271,20210602T160000_1
AV.DT1..BH,2021-06-02T19:56:24.620000,P,0.786,4.77209198379569e-07,3,0.1087740692264044,20210602T160000_3
AV.DT1..BH,2021-06-02T23:39:13.580000,P,0.85,9.488103387411684e-07,4,0.1087740692264044,20210602T160000_4
AV.DT1..BH,2021-06-02T16:07:46.880000,S,0.913,1.464993601985043e-06,1,0.0502513997454136,20210602T160000_1
AV.DT1..BH,2021-06-02T19:56:44.840000,S,0.314,8.091055860859342e-07,-1,-1.0,20210602T160000_-1
AV.DT1..BH,2021-06-02T23:39:33.920000,S,0.809,1.3136083225617767e-06,-1,-1.0,20210602T160000_-1
AV.DTN..BH,2021-06-02T16:07:38.200000,P,0.979,1.7841925910033751e-06,1,0.0001553939295142,20210602T160000_1
AV.DTN..BH,2021-06-02T19:49:44.860000,P,0.583,1.329459564658464e-06,-1,-1.0,20210602T160000_-1
AV.DTN..BH,2021-06-02T19:56:25.000000,P,0.711,8.992730613499589e-07,3,0.1044469188226464,20210602T160000_3
AV.DTN..BH,2021-06-02T20:46:58.600000,P,0.331,1.571383450027497e-06,-1,-1.0,20210602T160000_-1
AV.DTN..BH,2021-06-02T21:05:33.000000,P,0.669,8.29180066830304e-07,-1,-1.0,20210602T160000_-1
AV.DTN..BH,2021-06-02T21:56:13.740000,P,0.304,1.2148525456723291e-06,-1,-1.0,20210602T160000_-1
AV.DTN..BH,2021-06-02T16:07:47.380000,S,0.925,1.6406532949986286e-06,1,0.0005925077443703,20210602T160000_1
AV.HAG..SH,2021-06-02T16:00:00.020000,P,0.408,1.767620574355533e-07,-1,-1.0,20210602T160000_-1
AV.HAG..SH,2021-06-02T16:07:38.540000,P,0.929,8.456595423922408e-07,1,0.0001709054927375,20210602T160000_1
AV.HAG..SH,2021-06-02T19:46:21.960000,P,0.307,4.934319122185116e-07,2,0.1051001979939557,20210602T160000_2
AV.HAG..SH,2021-06-02T22:35:30.440000,P,0.469,1.3192816368245984e-05,-1,-1.0,20210602T160000_-1
AV.HAG..SH,2021-06-02T22:37:49.520000,P,0.314,3.886973445332842e-07,-1,-1.0,20210602T160000_-1
AV.HAG..SH,2021-06-02T23:39:12.940000,P,0.938,6.786212338738551e-07,4,0.1044469188226464,20210602T160000_4
AV.HAG..SH,2021-06-02T16:07:48.140000,S,0.704,8.456595423922408e-07,1,0.1028116109212249,20210602T160000_1
AV.HAG..SH,2021-06-02T19:46:23.520000,S,0.627,4.934319122185116e-07,2,0.1087740692264044,20210602T160000_2
AV.HAG..SH,2021-06-02T22:35:32.300000,S,0.505,1.3192816368245984e-05,-1,-1.0,20210602T160000_-1
AV.HAG..SH,2021-06-02T22:39:49.000000,S,0.71,2.568553463788703e-05,-1,-1.0,20210602T160000_-1
AV.HAG..SH,2021-06-02T23:39:33.680000,S,0.843,1.1165762998643911e-06,-1,-1.0,20210602T160000_-1
AV.PN7A..BH,2021-06-02T22:43:10.220000,P,0.914,1.859929398051463e-06,-1,-1.0,20210602T160000_-1
AV.PN7A..BH,2021-06-02T22:59:21.740000,P,0.603,1.4287212479757727e-06,-1,-1.0,20210602T160000_-1
AV.PN7A..BH,2021-06-02T20:09:31.080000,S,0.301,1.8713724330154944e-06,-1,-1.0,20210602T160000_-1
AV.PN7A..BH,2021-06-02T22:43:12.200000,S,0.728,1.859929398051463e-06,-1,-1.0,20210602T160000_-1
AV.PN7A..BH,2021-06-02T22:59:24.100000,S,0.75,1.4287212479757727e-06,-1,-1.0,20210602T160000_-1
AV.PS1A..BH,2021-06-02T16:07:39.240000,P,0.758,1.804054363674368e-06,1,0.0046157960867459,20210602T160000_1
AV.PS1A..BH,2021-06-02T23:39:12.700000,P,0.889,1.8737242726274417e-06,4,0.0031708768482059,20210602T160000_4
AV.PS1A..BH,2021-06-02T16:07:49.180000,S,0.827,2.0925331227772404e-06,1,0.0050220941211498,20210602T160000_1
AV.PS1A..BH,2021-06-02T23:39:32.340000,S,0.388,2.5705876396386884e-06,-1,-1.0,20210602T160000_-1
AV.PV6A..SH,2021-06-02T19:46:24.140000,P,0.696,3.375996300292172e-07,2,0.1044469188226464,20210602T160000_2
AV.PV6A..SH,2021-06-02T19:51:44.520000,P,0.922,4.130800448365335e-07,-1,-1.0,20210602T160000_-1
AV.PV6A..SH,2021-06-02T19:56:26.200000,P,0.879,2.588187442142953e-07,3,0.0031708768482059,20210602T160000_3
AV.PV6A..SH,2021-06-02T23:39:15.320000,P,0.932,5.069523467682302e-07,4,0.0040647549628271,20210602T160000_4
AV.PV6A..SH,2021-06-02T16:07:51.200000,S,0.569,2.080829233364057e-07,1,0.110679375056094,20210602T160000_1
AV.PV6A..SH,2021-06-02T19:46:28.960000,S,0.392,3.375996300292172e-07,2,0.0031708768482059,20210602T160000_2
AV.PV6A..SH,2021-06-02T19:51:46.720000,S,0.806,4.130800448365335e-07,-1,-1.0,20210602T160000_-1
AV.PV6A..SH,2021-06-02T23:39:37.440000,S,0.777,7.930275387479924e-07,-1,-1.0,20210602T160000_-1
AV.PVV..SH,2021-06-02T16:07:38.780000,P,0.855,4.269727185146621e-07,1,0.0005300680845742,20210602T160000_1
AV.PVV..SH,2021-06-02T23:39:12.200000,P,0.948,3.614082118019724e-07,4,0.0502513997454136,20210602T160000_4
AV.PVV..SH,2021-06-02T16:07:48.500000,S,0.733,4.269727185146621e-07,1,0.0001951643759886,20210602T160000_1
AV.PVV..SH,2021-06-02T19:56:23.180000,S,0.369,2.664816634023737e-07,3,0.0040647549628271,20210602T160000_3
AV.PVV..SH,2021-06-02T23:39:32.400000,S,0.584,3.537482484716748e-07,-1,-1.0,20210602T160000_-1
AV.S12K..BH,2021-06-02T18:09:34.360000,P,0.586,9.120264508055698e-07,-1,-1.0,20210602T160000_-1
AV.S12K..BH,2021-06-02T19:56:28.840000,P,0.732,8.892988034858718e-07,3,0.0502513997454136,20210602T160000_3
AV.S12K..BH,2021-06-02T23:39:17.980000,P,0.506,8.869164958014153e-07,4,0.0001553939295142,20210602T160000_4
AV.S12K..BH,2021-06-02T16:07:53.560000,S,0.599,1.1626351579252514e-06,-1,-1.0,20210602T160000_-1
AV.S12K..BH,2021-06-02T19:12:18.460000,S,0.658,9.506887863608426e-07,-1,-1.0,20210602T160000_-1
AV.S12K..BH,2021-06-02T21:33:11.520000,S,0.507,9.47889589042461e-07,-1,-1.0,20210602T160000_-1
AV.S12K..BH,2021-06-02T22:08:13.600000,S,0.51,7.608573469042312e-07,-1,-1.0,20210602T160000_-1
AV.DEER..BH,2021-06-03T00:00:00.020000,P,0.35,7.604531901961309e-07,1,0.0028757621926215,20210603T000000_1
AV.DEER..BH,2021-06-03T05:16:41.700000,P,0.965,1.7785260979508166e-06,4,0.0028757621926215,20210603T000000_4
AV.DEER..BH,2021-06-03T02:17:48.180000,S,0.508,7.602610594403814e-07,2,0.0028757621926215,20210603T000000_2
AV.DEER..BH,2021-06-03T03:28:30.560000,S,0.621,1.0735814157669663e-06,3,0.0028757621926215,20210603T000000_3
AV.DEER..BH,2021-06-03T05:17:03.400000,S,0.714,7.886796083766967e-06,5,0.0028757621926215,20210603T000000_5
AV.DOL..BH,2021-06-03T02:17:40.700000,P,0.897,5.601042403213796e-07,2,0.0110579031792736,20210603T000000_2
AV.DOL..BH,2021-06-03T03:28:10.160000,P,0.742,9.811392374103889e-07,-1,-1.0,20210603T000000_-1
AV.DOL..BH,2021-06-03T05:16:40.140000,P,0.98,1.9544053429854102e-05,4,0.0110579031792736,20210603T000000_4
AV.DOL..BH,2021-06-03T02:17:49.100000,S,0.751,6.533635428240814e-07,2,0.0074311628541649,20210603T000000_2
AV.DOL..BH,2021-06-03T03:28:27.340000,S,0.828,9.787447652342962e-07,3,0.0110579031792736,20210603T000000_3
AV.DOL..BH,2021-06-03T05:17:00.020000,S,0.863,2.6607836844050325e-05,5,0.0110579031792736,20210603T000000_5
AV.DT1..BH,2021-06-03T02:17:40.560000,P,0.786,9.626396604289766e-07,2,0.0018808776609883,20210603T000000_2
AV.DT1..BH,2021-06-03T02:37:53.980000,P,0.448,7.2818119178919e-07,-1,-1.0,20210603T000000_-1
AV.DT1..BH,2021-06-03T03:28:11.180000,P,0.582,8.417532626481261e-07,3,0.0074311628541649,20210603T000000_3
AV.DT1..BH,2021-06-03T03:59:42.140000,P,0.588,7.175482323873439e-07,-1,-1.0,20210603T000000_-1
AV.DT1..BH,2021-06-03T05:16:42.600000,P,0.97,1.0909470802289434e-05,4,0.0074311628541649,20210603T000000_4
AV.DT1..BH,2021-06-03T05:17:04.340000,S,0.717,6.325975846266374e-06,5,0.0074311628541649,20210603T000000_5
AV.DTN..BH,2021-06-03T00:00:00.800000,P,0.468,1.9109500044578454e-06,1,0.0110579031792736,20210603T000000_1
AV.DTN..BH,2021-06-03T01:46:39.720000,P,0.73,1.7244998389287505e-06,-1,-1.0,20210603T000000_-1
AV.DTN..BH,2021-06-03T02:17:41.020000,P,0.807,1.846128611759923e-06,2,0.0111581604547153,20210603T000000_2
AV.DTN..BH,2021-06-03T02:32:03.100000,P,0.656,1.564889771543676e-06,-1,-1.0,20210603T000000_-1
AV.DTN..BH,2021-06-03T03:28:11.520000,P,0.452,1.2222644727444276e-06,3,0.0018808776609883,20210603T000000_3
AV.DTN..BH,2021-06-03T05:16:43.080000,P,0.98,7.082261163304793e-06,4,0.0018808776609883,20210603T000000_4
AV.DTN..BH,2021-06-03T05:48:15.400000,P,0.335,1.816848225644208e-06,-1,-1.0,20210603T000000_-1
AV.DTN..BH,2021-06-03T02:17:50.500000,S,0.549,1.96356722881319e-06,2,0.0144900149868273,20210603T000000_2
AV.DTN..BH,2021-06-03T05:17:03.680000,S,0.613,5.791953753941925e-06,5,0.0018808776609883,20210603T000000_5
AV.DTN..BH,2021-06-03T05:17:05.320000,S,0.366,1.1172491213073954e-05,-1,-1.0,20210603T000000_-1
AV.HAG..SH,2021-06-03T00:00:00.020000,P,0.559,1.8157921033434837e-07,1,0.0074311628541649,20210603T000000_1
AV.HAG..SH,2021-06-03T02:43:12.900000,P,0.353,2.9807662826897285e-07,-1,-1.0,20210603T000000_-1
AV.HAG..SH,2021-06-03T05:16:42.520000,P,0.981,1.0743699931481387e-05,4,0.0111581604547153,20210603T000000_4
AV.HAG..SH,2021-06-03T02:43:12.860000,S,0.331,2.9807662826897285e-07,-1,-1.0,20210603T000000_-1
AV.HAG..SH,2021-06-03T05:17:04.880000,S,0.578,1.096621599572245e-05,5,0.0111581604547153,20210603T000000_5
AV.PN7A..BH,2021-06-03T02:09:36.320000,P,0.588,2.1626963189191883e-06,-1,-1.0,20210603T000000_-1
AV.PN7A..BH,2021-06-03T02:54:39.180000,P,0.707,1.7601134914002614e-06,-1,-1.0,20210603T000000_-1
AV.PN7A..BH,2021-06-03T05:10:28.200000,P,0.863,1.974816086658393e-06,-1,-1.0,20210603T000000_-1
AV.PN7A..BH,2021-06-03T05:16:44.600000,P,0.92,4.6274467422335874e-06,4,0.0144900149868273,20210603T000000_4
AV.PN7A..BH,2021-06-03T06:49:21.180000,P,0.908,1.4729974964211578e-06,-1,-1.0,20210603T000000_-1
AV.PN7A..BH,2021-06-03T07:29:47.940000,P,0.967,2.088975861624931e-06,-1,-1.0,20210603T000000_-1
AV.PN7A..BH,2021-06-03T02:54:41.140000,S,0.463,1.5241319033520997e-06,-1,-1.0,20210603T000000_-1
AV.PN7A..BH,2021-06-03T05:10:30.620000,S,0.545,1.974816086658393e-06,-1,-1.0,20210603T000000_-1
AV.PN7A..BH,2021-06-03T05:17:08.400000,S,0.346,6.519861472042976e-06,5,0.0144900149868273,20210603T000000_5
AV.PN7A..BH,2021-06-03T06:33:36.640000,S,0.302,1.108323886001017e-06,6,0.0028757621926215,20210603T000000_6
AV.PN7A..BH,2021-06-03T06:49:23.180000,S,0.715,1.3502124147635186e-06,-1,-1.0,20210603T000000_-1
AV.PN7A..BH,2021-06-03T07:29:49.820000,S,0.738,2.088975861624931e-06,-1,-1.0,20210603T000000_-1
AV.PS1A..BH,2021-06-03T00:00:00.020000,P,0.318,1.6576921098021558e-06,1,0.0018808776609883,20210603T000000_1
AV.PS1A..BH,2021-06-03T03:28:09.320000,P,0.438,1.962530177479493e-06,3,0.0111581604547153,20210603T000000_3
AV.PS1A..BH,2021-06-03T05:16:42.440000,P,0.951,4.557975898933364e-06,4,0.0011820482517533,20210603T000000_4
AV.PS1A..BH,2021-06-03T05:33:36.080000,P,0.341,2.1218181700533023e-06,-1,-1.0,20210603T000000_-1
AV.PS1A..BH,2021-06-03T06:11:34.120000,P,0.541,1.3162238019504002e-06,-1,-1.0,20210603T000000_-1
AV.PS1A..BH,2021-06-03T05:17:04.960000,S,0.894,1.309974686591886e-05,5,0.0011820482517533,20210603T000000_5
AV.PS1A..BH,2021-06-03T06:33:36.520000,S,0.4,1.9585766040108865e-06,6,0.0110579031792736,20210603T000000_6
AV.PS4A..BH,2021-06-03T05:16:42.360000,P,0.96,8.137554686982185e-06,4,0.0246305956869119,20210603T000000_4
AV.PS4A..BH,2021-06-03T05:17:04.300000,S,0.714,1.8712316887103952e-05,5,0.0246305956869119,20210603T000000_5
AV.PV6A..SH,2021-06-03T00:36:18.040000,P,0.482,5.256842996459454e-07,-1,-1.0,20210603T000000_-1
AV.PV6A..SH,2021-06-03T05:16:45.180000,P,0.923,3.455167188803898e-06,4,0.012369891224709,20210603T000000_4
AV.PV6A..SH,2021-06-03T05:18:26.720000,P,0.37,2.8028017595715937e-07,-1,-1.0,20210603T000000_-1
AV.PV6A..SH,2021-06-03T06:33:32.940000,P,0.53,3.020741701220686e-07,6,0.0074311628541649,20210603T000000_6
AV.PV6A..SH,2021-06-03T00:36:21.400000,S,0.68,5.256842996459454e-07,-1,-1.0,20210603T000000_-1
AV.PV6A..SH,2021-06-03T05:17:09.300000,S,0.823,6.476480848505162e-06,5,0.012369891224709,20210603T000000_5
AV.PV6A..SH,2021-06-03T06:33:36.920000,S,0.429,3.020741701220686e-07,6,0.0018808776609883,20210603T000000_6
AV.PVV..SH,2021-06-03T02:43:12.760000,P,0.764,2.6048488166452444e-07,-1,-1.0,20210603T000000_-1
AV.PVV..SH,2021-06-03T05:16:42.140000,P,0.979,2.750545945673366e-06,4,0.0061373400270401,20210603T000000_4
AV.PVV..SH,2021-06-03T06:11:34.220000,P,0.435,2.828992080594617e-07,-1,-1.0,20210603T000000_-1
AV.PVV..SH,2021-06-03T05:17:04.440000,S,0.377,4.011025339423213e-06,5,0.0061373400270401,20210603T000000_5
AV.PVV..SH,2021-06-03T06:11:37.980000,S,0.493,2.828992080594617e-07,-1,-1.0,20210603T000000_-1
AV.S12K..BH,2021-06-03T05:16:47.400000,P,0.891,4.0122213249560446e-06,4,0.0156445130747422,20210603T000000_4
AV.S12K..BH,2021-06-03T06:33:35.180000,P,0.716,1.6535316262888955e-06,6,0.0111581604547153,20210603T000000_6
AV.S12K..BH,2021-06-03T05:16:53.740000,S,0.456,4.082276518602157e-06,-1,-1.0,20210603T000000_-1
AV.S12K..BH,2021-06-03T05:17:12.580000,S,0.888,9.95940627035452e-06,-1,-1.0,20210603T000000_-1
AV.S12K..BH,2021-06-03T06:33:39.820000,S,0.858,1.6535316262888955e-06,6,0.0144900149868273,20210603T000000_6
AV.DEER..BH,2021-06-03T10:22:00.400000,P,0.417,6.150925855763489e-06,2,0.0078066191186099,20210603T080000_2
AV.DEER..BH,2021-06-03T11:48:26.280000,P,0.557,5.859439511368691e-07,-1,-1.0,20210603T080000_-1
AV.DEER..BH,2021-06-03T12:15:57.100000,P,0.477,4.925173016090412e-07,-1,-1.0,20210603T080000_-1
AV.DEER..BH,2021-06-03T15:23:31.000000,P,0.585,4.043479577831022e-07,-1,-1.0,20210603T080000_-1
AV.DEER..BH,2021-06-03T15:40:16.780000,P,0.955,5.189167495700531e-07,7,0.0078066191186099,20210603T080000_7
AV.DEER..BH,2021-06-03T11:48:52.320000,S,0.639,9.044862281371024e-07,4,0.0078066191186099,20210603T080000_4
AV.DEER..BH,2021-06-03T12:16:06.600000,S,0.32,4.925173016090412e-07,-1,-1.0,20210603T080000_-1
AV.DEER..BH,2021-06-03T15:40:41.340000,S,0.394,7.313418564081076e-07,8,0.0078066191186099,20210603T080000_8
AV.DOL..BH,2021-06-03T10:22:01.640000,P,0.492,8.923328778109862e-07,-1,-1.0,20210603T080000_-1
AV.DOL..BH,2021-06-03T10:22:02.320000,P,0.374,6.874647169752279e-06,2,0.001120590404363,20210603T080000_2
AV.DOL..BH,2021-06-03T10:41:51.320000,P,0.587,9.325252108283166e-07,3,0.0078066191186099,20210603T080000_3
AV.DOL..BH,2021-06-03T13:13:09.420000,P,0.764,5.975928161205957e-07,-1,-1.0,20210603T080000_-1
AV.DOL..BH,2021-06-03T14:20:11.640000,P,0.333,5.955932920187479e-07,-1,-1.0,20210603T080000_-1
AV.DOL..BH,2021-06-03T14:31:43.720000,P,0.318,5.205591264711984e-07,5,0.0078066191186099,20210603T080000_5
AV.DOL..BH,2021-06-03T15:40:18.600000,P,0.463,4.718016839433403e-07,7,0.001120590404363,20210603T080000_7
AV.DOL..BH,2021-06-03T11:48:59.000000,S,0.394,1.3268384009279544e-06,4,0.001120590404363,20210603T080000_4
AV.DOL..BH,2021-06-03T13:13:18.280000,S,0.552,6.345895258164092e-07,-1,-1.0,20210603T080000_-1
AV.DOL..BH,2021-06-03T14:32:01.880000,S,0.355,7.891756013123086e-07,-1,-1.0,20210603T080000_-1
AV.DOL..BH,2021-06-03T14:32:06.780000,S,0.511,9.41725090797263e-07,6,0.0078066191186099,20210603T080000_6
AV.DOL..BH,2021-06-03T15:40:45.340000,S,0.886,8.294895792460011e-07,8,0.001120590404363,20210603T080000_8
AV.DT1..BH,2021-06-03T08:22:17.320000,P,0.335,4.978744527761592e-07,-1,-1.0,20210603T080000_-1
AV.DT1..BH,2021-06-03T10:22:00.680000,P,0.477,3.516526476232684e-06,2,0.0001904074557319,20210603T080000_2
AV.DT1..BH,2021-06-03T14:31:46.540000,P,0.477,4.495426821904403e-07,5,0.001120590404363,20210603T080000_5
AV.DT1..BH,2021-06-03T15:40:18.540000,P,0.656,4.332906939907845e-07,7,0.0001904074557319,20210603T080000_7
AV.DT1..BH,2021-06-03T11:48:56.080000,S,0.615,7.860411415094859e-07,4,0.0001904074557319,20210603T080000_4
AV.DT1..BH,2021-06-03T14:32:06.700000,S,0.712,5.636080686599598e-07,6,0.001120590404363,20210603T080000_6
AV.DT1..BH,2021-06-03T15:40:44.640000,S,0.517,6.445811777666677e-07,8,0.0001904074557319,20210603T080000_8
AV.DTN..BH,2021-06-03T09:34:06.060000,P,0.381,9.682428299129242e-07,-1,-1.0,20210603T080000_-1
AV.DTN..BH,2021-06-03T10:22:01.240000,P,0.438,1.3176645552448464e-05,2,1.679141199042366e-05,20210603T080000_2
AV.DTN..BH,2021-06-03T11:36:27.980000,P,0.528,9.552770734444491e-07,-1,-1.0,20210603T080000_-1
AV.DTN..BH,2021-06-03T11:48:28.200000,P,0.494,7.823022087904974e-07,-1,-1.0,20210603T080000_-1
AV.DTN..BH,2021-06-03T13:49:25.480000,P,0.464,6.056695838196902e-07,-1,-1.0,20210603T080000_-1
AV.DTN..BH,2021-06-03T14:31:46.960000,P,0.354,7.65521178891504e-07,5,0.0001904074557319,20210603T080000_5
AV.DTN..BH,2021-06-03T15:40:19.280000,P,0.895,6.008957029735029e-07,7,1.679141199042366e-05,20210603T080000_7
AV.DTN..BH,2021-06-03T10:41:59.080000,S,0.574,1.0535733281358262e-06,3,0.001120590404363,20210603T080000_3
AV.DTN..BH,2021-06-03T11:48:58.560000,S,0.475,9.624877748137806e-07,4,1.679141199042366e-05,20210603T080000_4
AV.HAG..SH,2021-06-03T08:00:00.020000,P,0.564,1.5083433879681254e-07,-1,-1.0,20210603T080000_-1
AV.HAG..SH,2021-06-03T10:22:02.000000,P,0.717,6.707475222356152e-06,2,0.0003714718286071,20210603T080000_2
AV.HAG..SH,2021-06-03T10:41:35.120000,P,0.48,2.7700798455043696e-07,-1,-1.0,20210603T080000_-1
AV.HAG..SH,2021-06-03T11:48:33.400000,P,0.344,3.0412778073696245e-07,-1,-1.0,20210603T080000_-1
AV.HAG..SH,2021-06-03T14:31:45.920000,P,0.749,3.854261194646824e-07,5,1.679141199042366e-05,20210603T080000_5
AV.HAG..SH,2021-06-03T10:35:33.680000,S,0.475,4.00513755494103e-07,-1,-1.0,20210603T080000_-1
AV.HAG..SH,2021-06-03T11:49:04.600000,S,0.334,6.254213644751871e-07,4,0.0003714718286071,20210603T080000_4
AV.HAG..SH,2021-06-03T13:49:46.120000,S,0.346,2.160671357387401e-07,-1,-1.0,20210603T080000_-1
AV.HAG..SH,2021-06-03T14:32:06.420000,S,0.758,4.65958294171287e-07,6,0.0001904074557319,20210603T080000_6
AV.HAG..SH,2021-06-03T15:40:52.280000,S,0.328,3.058180197967886e-07,8,1.679141199042366e-05,20210603T080000_8
AV.PN7A..BH,2021-06-03T10:22:01.920000,P,0.455,1.3371468412515242e-06,2,0.0020241027896109,20210603T080000_2
AV.PN7A..BH,2021-06-03T10:22:02.960000,P,0.322,7.392776296910597e-06,-1,-1.0,20210603T080000_-1
AV.PN7A..BH,2021-06-03T11:55:27.080000,P,0.529,1.188056671708182e-06,-1,-1.0,20210603T080000_-1
AV.PN7A..BH,2021-06-03T12:54:40.960000,P,0.639,1.821287128223048e-06,-1,-1.0,20210603T080000_-1
AV.PN7A..BH,2021-06-03T14:31:48.080000,P,0.366,1.0223736808256945e-06,5,0.0003714718286071,20210603T080000_5
AV.PN7A..BH,2021-06-03T11:55:29.000000,S,0.41,1.1425507864259998e-06,-1,-1.0,20210603T080000_-1
AV.PN7A..BH,2021-06-03T12:54:43.020000,S,0.493,1.821287128223048e-06,-1,-1.0,20210603T080000_-1
AV.PS1A..BH,2021-06-03T08:04:49.640000,P,0.473,1.2592149687407073e-06,-1,-1.0,20210603T080000_-1
AV.PS1A..BH,2021-06-03T09:54:55.420000,P,0.88,1.591307977832912e-06,1,0.0078066191186099,20210603T080000_1
AV.PS1A..BH,2021-06-03T10:22:02.920000,P,0.492,1.3368674444791395e-05,2,0.0001248745329498,20210603T080000_2
AV.PS1A..BH,2021-06-03T10:41:32.600000,P,0.395,1.3882674920751017e-06,-1,-1.0,20210603T080000_-1
AV.PS1A..BH,2021-06-03T13:49:24.520000,P,0.596,9.642297982281889e-07,-1,-1.0,20210603T080000_-1
AV.PS1A..BH,2021-06-03T14:31:45.360000,P,0.84,9.999122312365216e-07,5,0.0020241027896109,20210603T080000_5
AV.PS1A..BH,2021-06-03T09:54:59.100000,S,0.775,1.591307977832912e-06,1,0.001120590404363,20210603T080000_1
AV.PS1A..BH,2021-06-03T10:41:52.000000,S,0.614,1.504154056419793e-06,3,0.0001904074557319,20210603T080000_3
AV.PS1A..BH,2021-06-03T14:32:05.580000,S,0.398,1.7306341533185332e-06,-1,-1.0,20210603T080000_-1
AV.PS4A..BH,2021-06-03T10:22:02.400000,P,0.608,2.3688702640356496e-05,2,4.2785832067302176e-05,20210603T080000_2
AV.PV6A..SH,2021-06-03T08:00:00.840000,P,0.402,1.2292521489598585e-07,-1,-1.0,20210603T080000_-1
AV.PV6A..SH,2021-06-03T08:04:49.560000,P,0.613,1.973775312080761e-07,-1,-1.0,20210603T080000_-1
AV.PV6A..SH,2021-06-03T09:30:41.200000,P,0.553,2.1640767045028042e-07,-1,-1.0,20210603T080000_-1
AV.PV6A..SH,2021-06-03T09:32:05.840000,P,0.433,1.79819721779495e-07,-1,-1.0,20210603T080000_-1
AV.PV6A..SH,2021-06-03T09:54:55.400000,P,0.601,4.447715014066489e-07,1,0.0001904074557319,20210603T080000_1
AV.PV6A..SH,2021-06-03T10:22:03.160000,P,0.418,1.7951051631825976e-06,2,0.0072502422123865,20210603T080000_2
AV.PV6A..SH,2021-06-03T12:20:34.120000,P,0.734,2.0602860217877605e-07,-1,-1.0,20210603T080000_-1
AV.PV6A..SH,2021-06-03T13:49:27.200000,P,0.364,1.1108878084087337e-07,-1,-1.0,20210603T080000_-1
AV.PV6A..SH,2021-06-03T14:31:48.200000,P,0.936,1.978533958890694e-07,5,0.0001248745329498,20210603T080000_5
AV.PV6A..SH,2021-06-03T08:06:38.960000,S,0.657,2.1792450866087165e-07,-1,-1.0,20210603T080000_-1
AV.PV6A..SH,2021-06-03T09:48:39.240000,S,0.373,1.2573035235163848e-07,-1,-1.0,20210603T080000_-1
AV.PV6A..SH,2021-06-03T09:54:58.880000,S,0.612,4.447715014066489e-07,1,1.679141199042366e-05,20210603T080000_1
AV.PV6A..SH,2021-06-03T10:41:56.320000,S,0.513,2.653204660418851e-07,3,1.679141199042366e-05,20210603T080000_3
AV.PV6A..SH,2021-06-03T12:20:35.400000,S,0.552,1.508906848357583e-07,-1,-1.0,20210603T080000_-1
AV.PV6A..SH,2021-06-03T13:49:49.180000,S,0.431,1.550928203641888e-07,-1,-1.0,20210603T080000_-1
AV.PV6A..SH,2021-06-03T14:32:09.840000,S,0.474,2.3769516133143045e-07,6,1.679141199042366e-05,20210603T080000_6
AV.PVV..SH,2021-06-03T09:54:55.760000,P,0.587,2.613831782127818e-07,1,0.0003714718286071,20210603T080000_1
AV.PVV..SH,2021-06-03T10:22:02.240000,P,0.797,4.485023509914754e-06,2,0.0123798157499892,20210603T080000_2
AV.PVV..SH,2021-06-03T11:46:20.840000,P,0.424,9.254687824977736e-07,-1,-1.0,20210603T080000_-1
AV.PVV..SH,2021-06-03T14:31:45.020000,P,0.913,2.738287605552614e-07,5,4.2785832067302176e-05,20210603T080000_5
AV.PVV..SH,2021-06-03T09:54:59.880000,S,0.375,2.613831782127818e-07,1,0.0020241027896109,20210603T080000_1
AV.PVV..SH,2021-06-03T10:34:02.440000,S,0.415,1.876269095646421e-07,-1,-1.0,20210603T080000_-1
AV.PVV..SH,2021-06-03T10:35:34.200000,S,0.325,3.337897567234905e-07,-1,-1.0,20210603T080000_-1
AV.PVV..SH,2021-06-03T11:28:30.500000,S,0.393,2.1980203257498945e-07,-1,-1.0,20210603T080000_-1
AV.PVV..SH,2021-06-03T11:46:21.160000,S,0.361,9.254687824977736e-07,-1,-1.0,20210603T080000_-1
AV.PVV..SH,2021-06-03T11:49:07.360000,S,0.504,2.924819284544356e-07,4,0.0020241027896109,20210603T080000_4
AV.S12K..BH,2021-06-03T09:54:57.180000,P,0.864,1.3263025948617724e-06,1,0.0001248745329498,20210603T080000_1
AV.S12K..BH,2021-06-03T10:22:03.200000,P,0.699,3.1559709441353334e-06,2,0.0024824371134559,20210603T080000_2
AV.S12K..BH,2021-06-03T09:55:01.940000,S,0.924,1.3263025948617724e-06,1,4.2785832067302176e-05,20210603T080000_1
AV.S12K..BH,2021-06-03T10:41:59.520000,S,0.615,1.02367823728855e-06,-1,-1.0,20210603T080000_-1
AV.DEER..BH,2021-06-03T16:23:04.360000,P,0.407,3.8800544643891044e-07,-1,-1.0,20210603T160000_-1
AV.DEER..BH,2021-06-03T16:33:08.920000,P,0.87,6.34884827377391e-07,1,0.0001031693129438,20210603T160000_1
AV.DEER..BH,2021-06-03T18:13:41.520000,P,0.304,3.867348254971148e-07,-1,-1.0,20210603T160000_-1
AV.DEER..BH,2021-06-03T18:13:42.160000,P,0.389,6.0212732932996e-07,6,0.0001031693129438,20210603T160000_6
AV.DEER..BH,2021-06-03T19:02:10.920000,P,0.529,5.452519076243334e-07,-1,-1.0,20210603T160000_-1
AV.DEER..BH,2021-06-03T20:35:01.100000,P,0.847,1.2939304951942177e-06,8,0.0001031693129438,20210603T160000_8
AV.DEER..BH,2021-06-03T20:36:30.840000,P,0.955,6.391120450643939e-07,9,0.0001031693129438,20210603T160000_9
AV.DEER..BH,2021-06-03T21:50:55.320000,P,0.826,5.444997555059672e-07,-1,-1.0,20210603T160000_-1
AV.DEER..BH,2021-06-03T23:05:12.120000,P,0.341,5.853318043591571e-07,-1,-1.0,20210603T160000_-1
AV.DEER..BH,2021-06-03T23:26:19.240000,P,0.444,7.205811130006623e-07,12,0.0001031693129438,20210603T160000_12
AV.DEER..BH,2021-06-03T23:36:40.620000,P,0.441,4.071192165611137e-07,-1,-1.0,20210603T160000_-1
AV.DEER..BH,2021-06-03T16:33:28.560000,S,0.733,1.0474686860106883e-06,2,0.0001031693129438,20210603T160000_2
AV.DEER..BH,2021-06-03T18:09:01.120000,S,0.369,5.659334760821366e-07,5,0.0001031693129438,20210603T160000_5
AV.DEER..BH,2021-06-03T19:02:32.660000,S,0.487,5.49574792785279e-07,-1,-1.0,20210603T160000_-1
AV.DEER..BH,2021-06-03T19:07:19.400000,S,0.335,5.470196811074857e-07,-1,-1.0,20210603T160000_-1
AV.DEER..BH,2021-06-03T19:37:45.000000,S,0.352,5.41994836567028e-07,-1,-1.0,20210603T160000_-1
AV.DEER..BH,2021-06-03T20:35:05.420000,S,0.808,1.2939304951942177e-06,8,0.0188350687290189,20210603T160000_8
AV.DEER..BH,2021-06-03T20:36:40.700000,S,0.804,6.705727173539344e-07,9,0.0188350687290189,20210603T160000_9
AV.DEER..BH,2021-06-03T21:51:09.220000,S,0.616,5.807849561278999e-07,-1,-1.0,20210603T160000_-1
AV.DEER..BH,2021-06-03T23:26:30.940000,S,0.588,7.929363050607208e-07,13,0.0001031693129438,20210603T160000_13
AV.DEER..BH,2021-06-03T23:36:51.400000,S,0.479,5.149130402060109e-07,-1,-1.0,20210603T160000_-1
AV.DOL..BH,2021-06-03T16:33:06.320000,P,0.953,1.1306904070806922e-06,1,0.0188350687290189,20210603T160000_1
AV.DOL..BH,2021-06-03T17:29:57.200000,P,0.436,5.966464868834009e-07,-1,-1.0,20210603T160000_-1
AV.DOL..BH,2021-06-03T18:08:52.520000,P,0.593,6.934216116860625e-07,5,0.0188350687290189,20210603T160000_5
AV.DOL..BH,2021-06-03T18:12:52.940000,P,0.464,5.45190800949058e-07,-1,-1.0,20210603T160000_-1
AV.DOL..BH,2021-06-03T18:13:38.700000,P,0.351,5.932729436608497e-07,6,0.0188350687290189,20210603T160000_6
AV.DOL..BH,2021-06-03T18:44:02.600000,P,0.449,4.612674615600554e-07,-1,-1.0,20210603T160000_-1
AV.DOL..BH,2021-06-03T19:02:12.120000,P,0.305,5.113211614116153e-07,-1,-1.0,20210603T160000_-1
AV.DOL..BH,2021-06-03T19:18:49.640000,P,0.47,5.67514177873818e-07,-1,-1.0,20210603T160000_-1
AV.DOL..BH,2021-06-03T19:37:39.420000,P,0.71,4.485344220483968e-07,-1,-1.0,20210603T160000_-1
AV.DOL..BH,2021-06-03T20:35:05.740000,P,0.933,7.393894065899076e-07,8,0.0016347726655722,20210603T160000_8
AV.DOL..BH,2021-06-03T20:36:31.880000,P,0.88,7.02392753737513e-07,-1,-1.0,20210603T160000_-1
AV.DOL..BH,2021-06-03T21:00:44.500000,P,0.933,7.702356015215628e-07,10,0.0001031693129438,20210603T160000_10
AV.DOL..BH,2021-06-03T21:50:56.940000,P,0.895,6.406284569493437e-07,-1,-1.0,20210603T160000_-1
AV.DOL..BH,2021-06-03T21:55:32.920000,P,0.335,5.22360267041222e-07,-1,-1.0,20210603T160000_-1
AV.DOL..BH,2021-06-03T22:19:01.880000,P,0.769,4.614561248672544e-07,-1,-1.0,20210603T160000_-1
AV.DOL..BH,2021-06-03T23:26:23.160000,P,0.405,8.376579785362992e-07,12,0.0188350687290189,20210603T160000_12
AV.DOL..BH,2021-06-03T16:33:24.460000,S,0.669,3.500089405861217e-06,2,0.0188350687290189,20210603T160000_2
AV.DOL..BH,2021-06-03T16:43:39.840000,S,0.698,1.1843619631690672e-06,4,0.0001031693129438,20210603T160000_4
AV.DOL..BH,2021-06-03T17:45:54.400000,S,0.325,5.248222123555024e-07,-1,-1.0,20210603T160000_-1
AV.DOL..BH,2021-06-03T18:08:59.180000,S,0.65,6.934216116860625e-07,5,0.0016347726655722,20210603T160000_5
AV.DOL..BH,2021-06-03T19:02:34.820000,S,0.611,7.683017884119181e-07,-1,-1.0,20210603T160000_-1
AV.DOL..BH,2021-06-03T20:35:13.940000,S,0.772,7.393894065899076e-07,8,0.0019536024358136,20210603T160000_8
AV.DOL..BH,2021-06-03T20:36:42.480000,S,0.659,7.02392753737513e-07,9,0.0016347726655722,20210603T160000_9
AV.DOL..BH,2021-06-03T21:01:03.100000,S,0.698,8.4780020870312e-07,-1,-1.0,20210603T160000_-1
AV.DOL..BH,2021-06-03T21:51:13.280000,S,0.602,5.935773970122682e-07,-1,-1.0,20210603T160000_-1
AV.DOL..BH,2021-06-03T22:19:13.120000,S,0.479,5.728599035137449e-07,-1,-1.0,20210603T160000_-1
AV.DOL..BH,2021-06-03T23:26:38.700000,S,0.729,9.498241979599698e-07,13,0.0188350687290189,20210603T160000_13
AV.DT1..BH,2021-06-03T16:33:09.320000,P,0.97,1.85989165402134e-06,1,0.0016347726655722,20210603T160000_1
AV.DT1..BH,2021-06-03T16:43:24.420000,P,0.96,5.03491378367471e-07,3,0.0001031693129438,20210603T160000_3
AV.DT1..BH,2021-06-03T18:08:52.860000,P,0.721,6.276866884036281e-07,5,0.0019536024358136,20210603T160000_5
AV.DT1..BH,2021-06-03T20:35:03.420000,P,0.979,1.7457471130910562e-06,8,0.0003422156933072,20210603T160000_8
AV.DT1..BH,2021-06-03T20:36:32.100000,P,0.865,5.614072620119259e-07,9,0.0019536024358136,20210603T160000_9
AV.DT1..BH,2021-06-03T21:00:47.400000,P,0.87,7.751518182885775e-07,10,0.0188350687290189,20210603T160000_10
AV.DT1..BH,2021-06-03T23:26:22.240000,P,0.4,5.156539373274427e-07,12,0.0016347726655722,20210603T160000_12
AV.DT1..BH,2021-06-03T16:33:29.380000,S,0.852,1.7205665017172578e-06,2,0.0016347726655722,20210603T160000_2
AV.DT1..BH,2021-06-03T16:43:44.620000,S,0.787,5.593147989202407e-07,4,0.0188350687290189,20210603T160000_4
AV.DT1..BH,2021-06-03T18:08:57.900000,S,0.386,6.276866884036281e-07,5,0.0003422156933072,20210603T160000_5
AV.DT1..BH,2021-06-03T19:02:35.560000,S,0.38,4.534300899194932e-07,-1,-1.0,20210603T160000_-1
AV.DT1..BH,2021-06-03T20:35:09.380000,S,0.938,1.7457471130910562e-06,8,0.002512078626914,20210603T160000_8
AV.DT1..BH,2021-06-03T20:36:43.180000,S,0.842,5.614072620119259e-07,-1,-1.0,20210603T160000_-1
AV.DT1..BH,2021-06-03T21:01:07.540000,S,0.871,7.581382988064433e-07,-1,-1.0,20210603T160000_-1
AV.DT1..BH,2021-06-03T23:26:35.360000,S,0.417,6.486416737061518e-07,13,0.0016347726655722,20210603T160000_13
AV.DTN..BH,2021-06-03T16:00:00.020000,P,0.412,5.18020385698037e-07,-1,-1.0,20210603T160000_-1
AV.DTN..BH,2021-06-03T16:11:27.680000,P,0.404,9.046697186931852e-07,-1,-1.0,20210603T160000_-1
AV.DTN..BH,2021-06-03T16:33:09.620000,P,0.929,1.0057499366666889e-06,1,0.0019536024358136,20210603T160000_1
AV.DTN..BH,2021-06-03T16:43:24.840000,P,0.773,7.866769919928629e-07,3,0.0188350687290189,20210603T160000_3
AV.DTN..BH,2021-06-03T16:44:06.720000,P,0.629,7.760978064652591e-07,-1,-1.0,20210603T160000_-1
AV.DTN..BH,2021-06-03T17:45:39.100000,P,0.738,7.060490361254779e-07,-1,-1.0,20210603T160000_-1
AV.DTN..BH,2021-06-03T20:35:04.300000,P,0.959,8.605161951891205e-07,8,0.0011562444085166,20210603T160000_8
AV.DTN..BH,2021-06-03T20:36:32.860000,P,0.778,8.083171110229159e-07,9,0.0003422156933072,20210603T160000_9
AV.DTN..BH,2021-06-03T21:53:30.360000,P,0.334,5.500108954947791e-07,-1,-1.0,20210603T160000_-1
AV.DTN..BH,2021-06-03T23:26:22.120000,P,0.847,7.7204055060065e-07,12,0.0019536024358136,20210603T160000_12
AV.DTN..BH,2021-06-03T16:33:30.260000,S,0.6,2.3035379399516387e-06,2,0.0019536024358136,20210603T160000_2
AV.DTN..BH,2021-06-03T16:43:46.300000,S,0.418,9.14557460873766e-07,4,0.0016347726655722,20210603T160000_4
AV.DTN..BH,2021-06-03T20:06:21.960000,S,0.485,7.152245302677329e-07,-1,-1.0,20210603T160000_-1
AV.DTN..BH,2021-06-03T20:35:11.060000,S,0.795,8.605161951891205e-07,8,0.0002708706453519,20210603T160000_8
AV.DTN..BH,2021-06-03T20:36:43.780000,S,0.632,6.989751000219258e-07,-1,-1.0,20210603T160000_-1
AV.DTN..BH,2021-06-03T23:26:37.120000,S,0.547,8.321617315232288e-07,13,0.0019536024358136,20210603T160000_13
AV.HAG..SH,2021-06-03T16:00:00.020000,P,0.446,1.4889261024109146e-07,-1,-1.0,20210603T160000_-1
AV.HAG..SH,2021-06-03T16:33:08.460000,P,0.983,2.115822098858189e-06,1,0.0003422156933072,20210603T160000_1
AV.HAG..SH,2021-06-03T16:43:23.900000,P,0.603,3.9175156985038484e-07,3,0.0016347726655722,20210603T160000_3
AV.HAG..SH,2021-06-03T20:35:18.840000,P,0.897,6.91589434609341e-07,-1,-1.0,20210603T160000_-1
AV.HAG..SH,2021-06-03T21:00:46.700000,P,0.864,7.578094596283336e-07,10,0.0016347726655722,20210603T160000_10
AV.HAG..SH,2021-06-03T23:26:26.040000,P,0.889,5.144158876646543e-07,12,0.0003422156933072,20210603T160000_12
AV.HAG..SH,2021-06-03T16:33:29.260000,S,0.827,1.972781547010527e-06,2,0.0003422156933072,20210603T160000_2
AV.HAG..SH,2021-06-03T16:43:44.160000,S,0.671,4.387357250834613e-07,4,0.0019536024358136,20210603T160000_4
AV.HAG..SH,2021-06-03T20:35:19.760000,S,0.596,5.653367338709359e-07,-1,-1.0,20210603T160000_-1
AV.HAG..SH,2021-06-03T21:01:07.520000,S,0.679,5.545724661715212e-07,11,0.0001031693129438,20210603T160000_11
AV.HAG..SH,2021-06-03T23:26:44.840000,S,0.459,5.032750891587057e-07,13,0.0003422156933072,20210603T160000_13
AV.PN7A..BH,2021-06-03T16:11:26.380000,P,0.321,1.1652617786239716e-06,-1,-1.0,20210603T160000_-1
AV.PN7A..BH,2021-06-03T16:33:10.500000,P,0.86,1.4301906503533246e-06,1,0.002512078626914,20210603T160000_1
AV.PN7A..BH,2021-06-03T18:13:39.240000,P,0.717,1.401368535880465e-06,6,0.0016347726655722,20210603T160000_6
AV.PN7A..BH,2021-06-03T18:46:12.980000,P,0.952,5.922599029872799e-06,7,0.0001031693129438,20210603T160000_7
AV.PN7A..BH,2021-06-03T19:50:18.600000,P,0.358,1.619646354811266e-06,-1,-1.0,20210603T160000_-1
AV.PN7A..BH,2021-06-03T21:00:49.180000,P,0.58,1.1544857443368528e-06,10,0.0019536024358136,20210603T160000_10
AV.PN7A..BH,2021-06-03T22:06:33.560000,P,0.607,1.3438875612337142e-06,-1,-1.0,20210603T160000_-1
AV.PN7A..BH,2021-06-03T23:05:44.300000,P,0.753,1.2998037846045918e-06,-1,-1.0,20210603T160000_-1
AV.PN7A..BH,2021-06-03T18:13:41.740000,S,0.457,1.373087684441998e-06,6,0.0019536024358136,20210603T160000_6
AV.PN7A..BH,2021-06-03T18:46:17.720000,S,0.775,5.922599029872799e-06,7,0.0188350687290189,20210603T160000_7
AV.PN7A..BH,2021-06-03T23:05:46.240000,S,0.433,1.2998037846045918e-06,-1,-1.0,20210603T160000_-1
AV.PS1A..BH,2021-06-03T16:33:08.040000,P,0.953,1.3862895684724208e-06,1,0.0011562444085166,20210603T160000_1
AV.PS1A..BH,2021-06-03T16:43:23.260000,P,0.913,1.108736796595622e-06,3,0.0019536024358136,20210603T160000_3
AV.PS1A..BH,2021-06-03T17:45:37.740000,P,0.62,9.22108426948398e-07,-1,-1.0,20210603T160000_-1
AV.PS1A..BH,2021-06-03T21:00:46.500000,P,0.966,1.0343445637772677e-06,10,0.0003422156933072,20210603T160000_10
AV.PS1A..BH,2021-06-03T21:36:06.540000,P,0.51,9.51204469856748e-07,-1,-1.0,20210603T160000_-1
AV.PS1A..BH,2021-06-03T16:33:27.580000,S,0.596,2.153461764464737e-06,2,0.002512078626914,20210603T160000_2
AV.PS1A..BH,2021-06-03T21:01:05.740000,S,0.575,1.8586421219879408e-06,11,0.0188350687290189,20210603T160000_11
AV.PS4A..BH,2021-06-03T16:33:08.080000,P,0.93,2.289103576913476e-06,1,0.0002708706453519,20210603T160000_1
AV.PS4A..BH,2021-06-03T21:00:46.480000,P,0.309,1.1322077853037626e-06,10,0.002512078626914,20210603T160000_10
AV.PS4A..BH,2021-06-03T16:33:27.760000,S,0.332,3.3771154903661227e-06,2,0.0011562444085166,20210603T160000_2
AV.PS4A..BH,2021-06-03T22:06:33.680000,S,0.63,1.2451853308448335e-06,-1,-1.0,20210603T160000_-1
AV.PV6A..SH,2021-06-03T16:33:10.920000,P,0.921,8.966719065028883e-07,1,9.33040053294452e-06,20210603T160000_1
AV.PV6A..SH,2021-06-03T16:43:26.040000,P,0.876,1.9928060623897181e-07,3,0.0003422156933072,20210603T160000_3
AV.PV6A..SH,2021-06-03T17:29:57.760000,P,0.391,1.286348521034597e-07,-1,-1.0,20210603T160000_-1
AV.PV6A..SH,2021-06-03T18:05:47.200000,P,0.373,9.60707353669932e-08,-1,-1.0,20210603T160000_-1
AV.PV6A..SH,2021-06-03T18:13:40.560000,P,0.373,1.0320474075342645e-07,6,0.0003422156933072,20210603T160000_6
AV.PV6A..SH,2021-06-03T18:44:08.540000,P,0.422,1.0160798780134429e-07,-1,-1.0,20210603T160000_-1
AV.PV6A..SH,2021-06-03T18:46:16.280000,P,0.855,2.583420268820192e-07,7,0.0016347726655722,20210603T160000_7
AV.PV6A..SH,2021-06-03T19:32:53.440000,P,0.483,2.0759777896728338e-07,-1,-1.0,20210603T160000_-1
AV.PV6A..SH,2021-06-03T19:43:32.660000,P,0.35,1.1189963089464075e-07,-1,-1.0,20210603T160000_-1
AV.PV6A..SH,2021-06-03T20:17:23.320000,P,0.37,1.1398402222084769e-07,-1,-1.0,20210603T160000_-1
AV.PV6A..SH,2021-06-03T20:30:44.920000,P,0.423,1.4680101401154388e-07,-1,-1.0,20210603T160000_-1
AV.PV6A..SH,2021-06-03T20:52:32.680000,P,0.435,1.1259257348683605e-07,-1,-1.0,20210603T160000_-1
AV.PV6A..SH,2021-06-03T21:00:49.240000,P,0.971,4.168431928519567e-07,10,0.0011562444085166,20210603T160000_10
AV.PV6A..SH,2021-06-03T21:50:57.420000,P,0.431,1.0879508494099357e-07,-1,-1.0,20210603T160000_-1
AV.PV6A..SH,2021-06-03T16:33:32.280000,S,0.595,1.1264688737355757e-06,2,0.0002708706453519,20210603T160000_2
AV.PV6A..SH,2021-06-03T16:43:47.660000,S,0.761,1.896418666547106e-07,4,0.0003422156933072,20210603T160000_4
AV.PV6A..SH,2021-06-03T17:47:08.800000,S,0.616,1.1387089671188733e-07,-1,-1.0,20210603T160000_-1
AV.PV6A..SH,2021-06-03T18:09:05.040000,S,0.327,2.611336924474017e-07,-1,-1.0,20210603T160000_-1
AV.PV6A..SH,2021-06-03T18:30:45.280000,S,0.311,9.06601087535819e-08,-1,-1.0,20210603T160000_-1
AV.PV6A..SH,2021-06-03T18:46:21.760000,S,0.736,2.583420268820192e-07,7,0.0019536024358136,20210603T160000_7
AV.PV6A..SH,2021-06-03T19:32:54.980000,S,0.708,2.0759777896728338e-07,-1,-1.0,20210603T160000_-1
AV.PV6A..SH,2021-06-03T20:29:31.340000,S,0.314,1.2378741587326658e-07,-1,-1.0,20210603T160000_-1
AV.PV6A..SH,2021-06-03T20:30:47.960000,S,0.371,1.4680101401154388e-07,-1,-1.0,20210603T160000_-1
AV.PV6A..SH,2021-06-03T21:01:10.340000,S,0.876,3.819882010702713e-07,11,0.0016347726655722,20210603T160000_11
AV.PV6A..SH,2021-06-03T22:21:12.820000,S,0.449,1.2823967665553937e-07,-1,-1.0,20210603T160000_-1
AV.PVV..SH,2021-06-03T16:33:07.820000,P,0.987,1.486230189584603e-06,1,0.0001535098643258,20210603T160000_1
AV.PVV..SH,2021-06-03T16:43:22.900000,P,0.772,2.612364937704115e-07,3,0.002512078626914,20210603T160000_3
AV.PVV..SH,2021-06-03T20:35:21.040000,P,0.323,1.8664559320313859e-07,-1,-1.0,20210603T160000_-1
AV.PVV..SH,2021-06-03T21:00:46.100000,P,0.942,4.579083281441854e-07,10,0.0002708706453519,20210603T160000_10
AV.PVV..SH,2021-06-03T21:01:05.240000,P,0.568,2.504407632386574e-07,11,0.0019536024358136,20210603T160000_11
AV.PVV..SH,2021-06-03T22:04:04.720000,P,0.327,1.6675993208536968e-07,-1,-1.0,20210603T160000_-1
AV.PVV..SH,2021-06-03T22:06:33.600000,P,0.563,2.715871403324855e-07,-1,-1.0,20210603T160000_-1
AV.PVV..SH,2021-06-03T22:14:36.880000,P,0.342,1.741761650464469e-07,-1,-1.0,20210603T160000_-1
AV.PVV..SH,2021-06-03T23:18:57.840000,P,0.523,1.895422911957212e-07,-1,-1.0,20210603T160000_-1
AV.PVV..SH,2021-06-03T23:30:07.840000,P,0.376,1.6657158141697437e-07,-1,-1.0,20210603T160000_-1
AV.PVV..SH,2021-06-03T16:33:27.140000,S,0.756,6.971741868255776e-07,2,9.33040053294452e-06,20210603T160000_2
AV.PVV..SH,2021-06-03T23:30:17.320000,S,0.482,1.318874751632393e-07,-1,-1.0,20210603T160000_-1
AV.S12K..BH,2021-06-03T16:33:12.300000,P,0.444,6.312220079962572e-07,-1,-1.0,20210603T160000_-1
AV.S12K..BH,2021-06-03T16:33:13.500000,P,0.301,1.0152091363124782e-06,1,1.2134845077299064e-06,20210603T160000_1
AV.S12K..BH,2021-06-03T21:00:51.720000,P,0.858,5.261665023681417e-07,10,9.33040053294452e-06,20210603T160000_10
AV.S12K..BH,2021-06-03T16:33:37.100000,S,0.589,1.7897596080729272e-06,2,0.0001535098643258,20210603T160000_2
AV.S12K..BH,2021-06-03T18:09:00.860000,S,0.719,6.402085546142189e-07,5,0.002512078626914,20210603T160000_5
AV.DEER..BH,2021-06-04T06:39:15.240000,P,0.504,1.1026221500287647e-06,4,0.0024026750589351,20210604T000000_4
AV.DEER..BH,2021-06-04T06:39:23.220000,S,0.936,1.1026221500287647e-06,4,0.0040571441274571,20210604T000000_4
AV.DOL..BH,2021-06-04T06:39:16.440000,P,0.779,9.246010677088634e-07,4,0.0033252791029197,20210604T000000_4
AV.DOL..BH,2021-06-04T03:40:40.800000,S,0.415,6.414820745703764e-07,2,0.0024026750589351,20210604T000000_2
AV.DOL..BH,2021-06-04T06:39:25.420000,S,0.842,9.246010677088634e-07,4,0.006005063918471,20210604T000000_4
AV.DTN..BH,2021-06-04T00:00:00.020000,P,0.313,5.417762167780893e-07,-1,-1.0,20210604T000000_-1
AV.DTN..BH,2021-06-04T06:56:47.080000,P,0.425,1.4806454373683664e-06,-1,-1.0,20210604T000000_-1
AV.HAG..SH,2021-06-04T00:00:00.020000,P,0.347,1.586931119845758e-07,-1,-1.0,20210604T000000_-1
AV.HAG..SH,2021-06-04T03:54:43.640000,P,0.551,6.457642598434177e-07,3,0.0024026750589351,20210604T000000_3
AV.HAG..SH,2021-06-04T03:26:30.480000,S,0.32,3.48387345638912e-07,1,0.0024026750589351,20210604T000000_1
AV.HAG..SH,2021-06-04T03:40:36.800000,S,0.387,9.043715749612602e-07,2,0.0040571441274571,20210604T000000_2
AV.HAG..SH,2021-06-04T03:54:52.320000,S,0.597,6.457642598434177e-07,-1,-1.0,20210604T000000_-1
AV.PN7A..BH,2021-06-04T00:42:04.600000,P,0.922,1.9345261534908782e-06,-1,-1.0,20210604T000000_-1
AV.PN7A..BH,2021-06-04T03:39:57.340000,P,0.835,1.8593602817418289e-06,-1,-1.0,20210604T000000_-1
AV.PN7A..BH,2021-06-04T03:54:42.440000,P,0.675,1.9936851458624005e-06,3,0.0040571441274571,20210604T000000_3
AV.PN7A..BH,2021-06-04T05:00:50.860000,P,0.444,2.387088898103684e-06,-1,-1.0,20210604T000000_-1
AV.PN7A..BH,2021-06-04T05:44:32.680000,P,0.502,1.7431918877264252e-06,-1,-1.0,20210604T000000_-1
AV.PN7A..BH,2021-06-04T07:09:12.200000,P,0.908,2.188069629482925e-06,-1,-1.0,20210604T000000_-1
AV.PN7A..BH,2021-06-04T00:42:06.960000,S,0.694,1.9283470464870334e-06,-1,-1.0,20210604T000000_-1
AV.PN7A..BH,2021-06-04T03:39:58.900000,S,0.738,1.820546344788454e-06,-1,-1.0,20210604T000000_-1
AV.PN7A..BH,2021-06-04T03:40:30.880000,S,0.376,3.979621396865696e-06,-1,-1.0,20210604T000000_-1
AV.PN7A..BH,2021-06-04T03:54:48.640000,S,0.718,1.9936851458624005e-06,3,0.0033252791029197,20210604T000000_3
AV.PN7A..BH,2021-06-04T05:00:52.760000,S,0.57,2.0549489363475004e-06,-1,-1.0,20210604T000000_-1
AV.PN7A..BH,2021-06-04T06:09:39.840000,S,0.559,1.807679041121446e-06,-1,-1.0,20210604T000000_-1
AV.PN7A..BH,2021-06-04T07:09:14.300000,S,0.682,2.172590257032425e-06,-1,-1.0,20210604T000000_-1
AV.PS1A..BH,2021-06-04T03:40:31.020000,P,0.759,2.610363708299701e-06,2,0.0033252791029197,20210604T000000_2
AV.PS1A..BH,2021-06-04T03:54:53.200000,S,0.744,2.48558080784278e-06,-1,-1.0,20210604T000000_-1
AV.PS4A..BH,2021-06-04T03:40:31.160000,P,0.319,5.391202648752369e-06,2,0.006005063918471,20210604T000000_2
AV.PS4A..BH,2021-06-04T07:58:19.160000,P,0.353,1.8156428041038453e-06,-1,-1.0,20210604T000000_-1
AV.PS4A..BH,2021-06-04T03:54:49.720000,S,0.344,4.322050244809361e-06,3,0.006005063918471,20210604T000000_3
AV.PV6A..SH,2021-06-04T00:00:00.020000,P,0.609,8.11743703366119e-08,-1,-1.0,20210604T000000_-1
AV.PV6A..SH,2021-06-04T01:40:25.680000,P,0.338,1.4164534434257805e-07,-1,-1.0,20210604T000000_-1
AV.PV6A..SH,2021-06-04T02:36:31.360000,P,0.563,3.6164703942631604e-07,-1,-1.0,20210604T000000_-1
AV.PV6A..SH,2021-06-04T03:26:31.360000,P,0.659,1.665897428893004e-07,1,0.0040571441274571,20210604T000000_1
AV.PV6A..SH,2021-06-04T03:40:31.160000,P,0.371,9.895776997836948e-08,-1,-1.0,20210604T000000_-1
AV.PV6A..SH,2021-06-04T03:40:31.840000,P,0.536,1.3300217460709971e-06,2,0.0039750917054397,20210604T000000_2
AV.PV6A..SH,2021-06-04T03:54:43.760000,P,0.467,5.317100431057042e-07,-1,-1.0,20210604T000000_-1
AV.PV6A..SH,2021-06-04T04:04:44.000000,P,0.439,1.913161895572557e-07,-1,-1.0,20210604T000000_-1
AV.PV6A..SH,2021-06-04T05:00:54.400000,P,0.374,1.5591255930758052e-07,-1,-1.0,20210604T000000_-1
AV.PV6A..SH,2021-06-04T06:13:30.760000,P,0.895,2.1269343619678693e-07,-1,-1.0,20210604T000000_-1
AV.PV6A..SH,2021-06-04T07:03:52.460000,P,0.498,1.359469621320386e-07,-1,-1.0,20210604T000000_-1
AV.PV6A..SH,2021-06-04T07:07:40.640000,P,0.401,5.071547093393747e-07,5,0.0024026750589351,20210604T000000_5
AV.PV6A..SH,2021-06-04T07:27:03.040000,P,0.309,1.341754227723868e-07,-1,-1.0,20210604T000000_-1
AV.PV6A..SH,2021-06-04T02:04:08.000000,S,0.328,1.3170405566143017e-07,-1,-1.0,20210604T000000_-1
AV.PV6A..SH,2021-06-04T03:40:38.040000,S,0.465,1.3300217460709971e-06,2,0.0031531927934934,20210604T000000_2
AV.PV6A..SH,2021-06-04T04:04:47.900000,S,0.743,1.913161895572557e-07,-1,-1.0,20210604T000000_-1
AV.PV6A..SH,2021-06-04T06:13:31.540000,S,0.828,2.1269343619678693e-07,-1,-1.0,20210604T000000_-1
AV.PV6A..SH,2021-06-04T07:07:46.020000,S,0.622,5.071547093393747e-07,5,0.0040571441274571,20210604T000000_5
AV.PVV..SH,2021-06-04T02:36:32.560000,P,0.332,2.998173442847474e-07,-1,-1.0,20210604T000000_-1
AV.PVV..SH,2021-06-04T02:36:56.320000,P,0.444,1.8357317799200248e-07,-1,-1.0,20210604T000000_-1
AV.PVV..SH,2021-06-04T03:26:28.460000,P,0.856,2.530782978737989e-07,1,0.0033252791029197,20210604T000000_1
AV.PVV..SH,2021-06-04T03:40:30.560000,P,0.706,1.130044893216109e-06,2,8.504537058761983e-05,20210604T000000_2
AV.PVV..SH,2021-06-04T03:54:42.200000,P,0.969,7.556890864179877e-07,3,0.0039750917054397,20210604T000000_3
AV.PVV..SH,2021-06-04T04:42:27.640000,P,0.44,1.7793540507682337e-07,-1,-1.0,20210604T000000_-1
AV.PVV..SH,2021-06-04T05:50:31.360000,P,0.473,2.822456508511096e-07,-1,-1.0,20210604T000000_-1
AV.PVV..SH,2021-06-04T07:07:37.820000,P,0.387,2.369252314338155e-07,5,0.0033252791029197,20210604T000000_5
AV.PVV..SH,2021-06-04T02:36:35.640000,S,0.436,2.998173442847474e-07,-1,-1.0,20210604T000000_-1
AV.PVV..SH,2021-06-04T02:36:58.520000,S,0.35,1.8357317799200248e-07,-1,-1.0,20210604T000000_-1
AV.PVV..SH,2021-06-04T03:26:31.040000,S,0.632,2.530782978737989e-07,1,0.006005063918471,20210604T000000_1
AV.PVV..SH,2021-06-04T05:50:34.540000,S,0.574,2.822456508511096e-07,-1,-1.0,20210604T000000_-1
AV.PVV..SH,2021-06-04T07:07:44.400000,S,0.4,2.041892344095686e-07,5,0.006005063918471,20210604T000000_5
AV.DEER..BH,2021-06-04T09:42:05.340000,P,0.847,1.335334559371404e-06,-1,-1.0,20210604T080000_-1
AV.DEER..BH,2021-06-04T10:10:38.760000,P,0.942,2.050841658274294e-06,4,0.0018140154321501,20210604T080000_4
AV.DEER..BH,2021-06-04T11:45:51.260000,P,0.957,9.963129059542553e-07,7,0.0018140154321501,20210604T080000_7
AV.DEER..BH,2021-06-04T13:04:21.420000,P,0.748,6.151329330350563e-07,10,0.0018140154321501,20210604T080000_10
AV.DEER..BH,2021-06-04T13:57:18.040000,P,0.545,2.406532985332888e-06,12,0.0018140154321501,20210604T080000_12
AV.DEER..BH,2021-06-04T14:45:11.420000,P,0.974,1.1486893072287785e-06,13,0.0018140154321501,20210604T080000_13
AV.DEER..BH,2021-06-04T15:38:36.380000,P,0.741,7.246705990837654e-07,17,0.0018140154321501,20210604T080000_17
AV.DEER..BH,2021-06-04T15:40:37.500000,P,0.324,6.614490075662616e-07,18,0.0018140154321501,20210604T080000_18
AV.DEER..BH,2021-06-04T09:42:12.680000,S,0.36,1.05132323824364e-06,-1,-1.0,20210604T080000_-1
AV.DEER..BH,2021-06-04T10:10:57.880000,S,0.683,7.630894288013224e-06,5,0.0018140154321501,20210604T080000_5
AV.DEER..BH,2021-06-04T11:46:01.680000,S,0.694,1.0754890809039352e-06,-1,-1.0,20210604T080000_-1
AV.DEER..BH,2021-06-04T11:46:49.440000,S,0.589,1.2707180303550558e-06,8,0.0018140154321501,20210604T080000_8
AV.DEER..BH,2021-06-04T13:04:34.400000,S,0.691,7.981204817042453e-07,11,0.0018140154321501,20210604T080000_11
AV.DEER..BH,2021-06-04T14:45:23.620000,S,0.923,3.183678927598521e-06,14,0.0018140154321501,20210604T080000_14
AV.DEER..BH,2021-06-04T15:38:47.740000,S,0.747,7.316254482248041e-07,17,0.0140760255068605,20210604T080000_17
AV.DOL..BH,2021-06-04T08:22:37.760000,P,0.388,2.09429754249868e-06,2,0.0018140154321501,20210604T080000_2
AV.DOL..BH,2021-06-04T10:10:36.380000,P,0.931,4.649483344110195e-06,4,0.0140760255068605,20210604T080000_4
AV.DOL..BH,2021-06-04T11:45:55.620000,P,0.964,1.6953465546976076e-06,7,0.0140760255068605,20210604T080000_7
AV.DOL..BH,2021-06-04T12:18:54.040000,P,0.563,7.455231525455019e-07,-1,-1.0,20210604T080000_-1
AV.DOL..BH,2021-06-04T12:20:40.300000,P,0.856,6.150781359792745e-07,9,0.0018140154321501,20210604T080000_9
AV.DOL..BH,2021-06-04T13:04:25.260000,P,0.943,8.782753297964518e-07,10,0.0140760255068605,20210604T080000_10
AV.DOL..BH,2021-06-04T13:38:20.780000,P,0.333,6.434063948290714e-07,-1,-1.0,20210604T080000_-1
AV.DOL..BH,2021-06-04T13:57:19.680000,P,0.602,3.769916247620131e-06,12,0.0140760255068605,20210604T080000_12
AV.DOL..BH,2021-06-04T14:24:12.520000,P,0.561,8.129864568218181e-07,-1,-1.0,20210604T080000_-1
AV.DOL..BH,2021-06-04T14:45:11.660000,P,0.925,1.104188982026244e-06,14,0.0140760255068605,20210604T080000_14
AV.DOL..BH,2021-06-04T14:59:45.960000,P,0.617,7.394275485239632e-07,-1,-1.0,20210604T080000_-1
AV.DOL..BH,2021-06-04T15:32:26.860000,P,0.756,9.898002417685348e-07,-1,-1.0,20210604T080000_-1
AV.DOL..BH,2021-06-04T15:38:35.340000,P,0.86,1.0308486935173278e-06,17,0.0034319564275376,20210604T080000_17
AV.DOL..BH,2021-06-04T15:40:34.280000,P,0.778,8.839360248202865e-07,18,0.0140760255068605,20210604T080000_18
AV.DOL..BH,2021-06-04T15:52:46.760000,P,0.836,8.56952453887061e-07,-1,-1.0,20210604T080000_-1
AV.DOL..BH,2021-06-04T09:42:14.440000,S,0.466,8.383562430935854e-07,-1,-1.0,20210604T080000_-1
AV.DOL..BH,2021-06-04T10:10:53.920000,S,0.819,2.6758849344332702e-05,5,0.0140760255068605,20210604T080000_5
AV.DOL..BH,2021-06-04T11:46:57.440000,S,0.737,4.416715910338098e-06,8,0.0140760255068605,20210604T080000_8
AV.DOL..BH,2021-06-04T12:20:50.140000,S,0.789,7.68566849274066e-07,9,0.0140760255068605,20210604T080000_9
AV.DOL..BH,2021-06-04T13:04:41.380000,S,0.854,1.9986882762168534e-06,11,0.0140760255068605,20210604T080000_11
AV.DOL..BH,2021-06-04T13:38:32.820000,S,0.441,1.2128333537475555e-06,-1,-1.0,20210604T080000_-1
AV.DOL..BH,2021-06-04T14:24:29.920000,S,0.506,9.55559357862512e-07,-1,-1.0,20210604T080000_-1
AV.DOL..BH,2021-06-04T14:45:24.260000,S,0.924,3.113636694251909e-06,13,0.0140760255068605,20210604T080000_13
AV.DOL..BH,2021-06-04T15:32:41.320000,S,0.706,1.1570856486287084e-06,-1,-1.0,20210604T080000_-1
AV.DOL..BH,2021-06-04T15:38:45.200000,S,0.866,1.0308486935173278e-06,17,0.0012061448837784,20210604T080000_17
AV.DOL..BH,2021-06-04T15:40:49.680000,S,0.639,2.112046558977454e-06,-1,-1.0,20210604T080000_-1
AV.DOL..BH,2021-06-04T15:53:02.140000,S,0.744,9.944214980350807e-07,-1,-1.0,20210604T080000_-1
AV.DT1..BH,2021-06-04T10:10:39.240000,P,0.968,3.92178890251671e-06,4,0.0034319564275376,20210604T080000_4
AV.DT1..BH,2021-06-04T11:45:52.440000,P,0.962,1.5252287539624376e-06,7,0.0034319564275376,20210604T080000_7
AV.DT1..BH,2021-06-04T12:20:36.840000,P,0.462,8.343786248588003e-07,9,0.0034319564275376,20210604T080000_9
AV.DT1..BH,2021-06-04T13:04:22.440000,P,0.885,1.1143910114697064e-06,10,0.0034319564275376,20210604T080000_10
AV.DT1..BH,2021-06-04T13:57:18.080000,P,0.601,1.881409048110072e-06,12,0.0034319564275376,20210604T080000_12
AV.DT1..BH,2021-06-04T14:45:12.820000,P,0.973,1.1353735089869588e-06,13,0.0034319564275376,20210604T080000_13
AV.DT1..BH,2021-06-04T15:40:37.560000,P,0.42,6.553381695084681e-07,18,0.0034319564275376,20210604T080000_18
AV.DT1..BH,2021-06-04T10:10:58.740000,S,0.726,1.0377986654930282e-05,5,0.0034319564275376,20210604T080000_5
AV.DT1..BH,2021-06-04T11:46:51.200000,S,0.577,1.407239437867247e-06,8,0.0034319564275376,20210604T080000_8
AV.DT1..BH,2021-06-04T13:04:36.180000,S,0.889,2.155918991775252e-06,11,0.0034319564275376,20210604T080000_11
AV.DT1..BH,2021-06-04T14:45:25.780000,S,0.857,1.6864011058714825e-06,-1,-1.0,20210604T080000_-1
AV.DT1..BH,2021-06-04T15:40:55.720000,S,0.607,1.0295784704794642e-06,19,0.0018140154321501,20210604T080000_19
AV.DTN..BH,2021-06-04T08:00:00.960000,P,0.455,1.4164810409056372e-06,-1,-1.0,20210604T080000_-1
AV.DTN..BH,2021-06-04T10:10:39.500000,P,0.941,4.0613508645037655e-06,4,0.0012061448837784,20210604T080000_4
AV.DTN..BH,2021-06-04T11:45:53.060000,P,0.981,1.471504333494522e-06,7,0.0012061448837784,20210604T080000_7
AV.DTN..BH,2021-06-04T11:46:52.140000,P,0.57,2.4318439955095528e-06,8,0.0012061448837784,20210604T080000_8
AV.DTN..BH,2021-06-04T12:20:37.740000,P,0.7,1.2415919172781289e-06,9,0.0012061448837784,20210604T080000_9
AV.DTN..BH,2021-06-04T12:30:56.380000,P,0.381,1.1862316569022369e-06,-1,-1.0,20210604T080000_-1
AV.DTN..BH,2021-06-04T13:04:22.840000,P,0.82,1.3351547067941285e-06,10,0.0012061448837784,20210604T080000_10
AV.DTN..BH,2021-06-04T13:28:17.720000,P,0.415,8.113836997836188e-07,-1,-1.0,20210604T080000_-1
AV.DTN..BH,2021-06-04T13:57:19.320000,P,0.333,3.731978949872428e-06,12,0.0012061448837784,20210604T080000_12
AV.DTN..BH,2021-06-04T14:45:13.240000,P,0.857,1.1108461421827087e-06,13,0.0012061448837784,20210604T080000_13
AV.DTN..BH,2021-06-04T15:32:29.420000,P,0.725,7.698309900661116e-07,-1,-1.0,20210604T080000_-1
AV.DTN..BH,2021-06-04T15:38:36.200000,P,0.615,9.112848147196928e-07,17,0.0022155471954257,20210604T080000_17
AV.DTN..BH,2021-06-04T15:40:37.740000,P,0.747,8.487871809848002e-07,18,0.0012061448837784,20210604T080000_18
AV.DTN..BH,2021-06-04T10:10:59.700000,S,0.818,1.4205729712557512e-05,5,0.0012061448837784,20210604T080000_5
AV.DTN..BH,2021-06-04T11:46:06.080000,S,0.644,8.303883873850282e-07,-1,-1.0,20210604T080000_-1
AV.DTN..BH,2021-06-04T13:04:37.440000,S,0.367,1.4143045063974569e-06,11,0.0012061448837784,20210604T080000_11
AV.DTN..BH,2021-06-04T14:45:27.080000,S,0.331,1.5475492318728357e-06,-1,-1.0,20210604T080000_-1
AV.DTN..BH,2021-06-04T15:38:46.220000,S,0.502,1.1982099294982618e-06,17,0.0012905380890222,20210604T080000_17
AV.DTN..BH,2021-06-04T15:40:55.660000,S,0.836,1.516343445473467e-06,19,0.0140760255068605,20210604T080000_19
AV.HAG..SH,2021-06-04T08:22:39.500000,P,0.494,2.46499837430747e-07,2,0.0140760255068605,20210604T080000_2
AV.HAG..SH,2021-06-04T10:10:38.420000,P,0.926,5.5389209592249244e-06,4,0.0022155471954257,20210604T080000_4
AV.HAG..SH,2021-06-04T10:13:52.620000,P,0.427,2.628261484005634e-07,6,0.0018140154321501,20210604T080000_6
AV.HAG..SH,2021-06-04T12:30:54.780000,P,0.572,2.692621023925313e-07,-1,-1.0,20210604T080000_-1
AV.HAG..SH,2021-06-04T13:57:20.500000,P,0.754,8.049420330280554e-07,12,0.0022155471954257,20210604T080000_12
AV.HAG..SH,2021-06-04T14:45:14.720000,P,0.952,4.329849900841509e-07,14,0.0034319564275376,20210604T080000_14
AV.HAG..SH,2021-06-04T15:36:50.460000,P,0.346,6.358275186357787e-07,16,0.0018140154321501,20210604T080000_16
AV.HAG..SH,2021-06-04T15:40:36.160000,P,0.623,4.716201260634989e-07,18,0.0022155471954257,20210604T080000_18
AV.HAG..SH,2021-06-04T15:41:44.080000,P,0.437,2.14121413932844e-07,-1,-1.0,20210604T080000_-1
AV.HAG..SH,2021-06-04T10:10:59.360000,S,0.682,9.654337191022933e-06,-1,-1.0,20210604T080000_-1
AV.HAG..SH,2021-06-04T10:13:54.460000,S,0.33,2.628261484005634e-07,6,0.0140760255068605,20210604T080000_6
AV.HAG..SH,2021-06-04T11:45:57.120000,S,0.315,3.4854423347496777e-07,-1,-1.0,20210604T080000_-1
AV.HAG..SH,2021-06-04T11:45:57.760000,S,0.658,1.0297677590642706e-06,-1,-1.0,20210604T080000_-1
AV.HAG..SH,2021-06-04T11:47:03.520000,S,0.54,7.751486919005401e-07,-1,-1.0,20210604T080000_-1
AV.HAG..SH,2021-06-04T14:45:30.600000,S,0.716,9.014899546855304e-07,15,0.0018140154321501,20210604T080000_15
AV.HAG..SH,2021-06-04T15:36:50.320000,S,0.455,6.358275186357787e-07,16,0.0140760255068605,20210604T080000_16
AV.HAG..SH,2021-06-04T15:40:52.760000,S,0.355,9.052894824890244e-07,19,0.0034319564275376,20210604T080000_19
AV.HAG..SH,2021-06-04T15:40:53.440000,S,0.401,1.1038695220122463e-06,-1,-1.0,20210604T080000_-1
AV.PN7A..BH,2021-06-04T08:27:34.120000,P,0.333,4.757125680043828e-06,-1,-1.0,20210604T080000_-1
AV.PN7A..BH,2021-06-04T10:10:40.400000,P,0.894,4.700524641521042e-06,4,0.0012905380890222,20210604T080000_4
AV.PN7A..BH,2021-06-04T10:31:05.720000,P,0.769,2.1294858925102744e-06,-1,-1.0,20210604T080000_-1
AV.PN7A..BH,2021-06-04T12:57:22.940000,P,0.915,1.8589873889141011e-06,-1,-1.0,20210604T080000_-1
AV.PN7A..BH,2021-06-04T12:59:24.520000,P,0.308,2.013674929912668e-06,-1,-1.0,20210604T080000_-1
AV.PN7A..BH,2021-06-04T13:57:20.060000,P,0.412,3.425793238420738e-06,12,0.0012905380890222,20210604T080000_12
AV.PN7A..BH,2021-06-04T10:11:00.280000,S,0.534,8.799826900940388e-06,5,0.0022155471954257,20210604T080000_5
AV.PN7A..BH,2021-06-04T10:31:07.700000,S,0.637,2.1294858925102744e-06,-1,-1.0,20210604T080000_-1
AV.PN7A..BH,2021-06-04T12:57:24.940000,S,0.708,1.8589873889141011e-06,-1,-1.0,20210604T080000_-1
AV.PS1A..BH,2021-06-04T08:03:55.800000,P,0.768,2.475324208717211e-06,1,0.0018140154321501,20210604T080000_1
AV.PS1A..BH,2021-06-04T08:22:39.000000,P,0.455,4.282811460143421e-06,2,0.0034319564275376,20210604T080000_2
AV.PS1A..BH,2021-06-04T09:09:46.040000,P,0.407,2.567187266322435e-06,3,0.0018140154321501,20210604T080000_3
AV.PS1A..BH,2021-06-04T10:10:38.040000,P,0.935,4.555309715215117e-06,4,0.0006491532032007,20210604T080000_4
AV.PS1A..BH,2021-06-04T10:13:10.960000,P,0.544,1.5095608887349954e-06,-1,-1.0,20210604T080000_-1
AV.PS1A..BH,2021-06-04T11:45:58.840000,P,0.654,1.7623362964513944e-06,7,0.0022155471954257,20210604T080000_7
AV.PS1A..BH,2021-06-04T13:57:20.800000,P,0.55,3.868245585181285e-06,12,0.0006491532032007,20210604T080000_12
AV.PS1A..BH,2021-06-04T14:45:15.880000,P,0.705,1.4148001810099231e-06,14,0.0012061448837784,20210604T080000_14
AV.PS1A..BH,2021-06-04T15:40:35.520000,P,0.732,1.849686896093772e-06,18,0.0012905380890222,20210604T080000_18
AV.PS1A..BH,2021-06-04T15:52:45.160000,P,0.679,1.138452603299811e-06,-1,-1.0,20210604T080000_-1
AV.PS1A..BH,2021-06-04T08:03:59.680000,S,0.567,2.475324208717211e-06,1,0.0140760255068605,20210604T080000_1
AV.PS1A..BH,2021-06-04T10:10:57.760000,S,0.813,1.114610677177552e-05,5,0.0012905380890222,20210604T080000_5
AV.PS1A..BH,2021-06-04T13:54:00.040000,S,0.533,1.902713734125428e-06,-1,-1.0,20210604T080000_-1
AV.PS1A..BH,2021-06-04T14:45:31.860000,S,0.564,2.0891238818876445e-06,15,0.0140760255068605,20210604T080000_15
AV.PS1A..BH,2021-06-04T15:40:51.120000,S,0.667,2.5044469111890062e-06,19,0.0012061448837784,20210604T080000_19
AV.PS4A..BH,2021-06-04T10:10:38.180000,P,0.866,7.905760867288336e-06,4,0.0006386557866482,20210604T080000_4
AV.PS4A..BH,2021-06-04T13:57:20.160000,P,0.76,5.079091351944953e-06,12,0.0006386557866482,20210604T080000_12
AV.PS4A..BH,2021-06-04T15:36:50.240000,P,0.423,1.849266595854715e-06,16,0.0034319564275376,20210604T080000_16
AV.PS4A..BH,2021-06-04T10:10:57.760000,S,0.632,2.287389179400634e-05,5,0.0006491532032007,20210604T080000_5
AV.PS4A..BH,2021-06-04T14:45:29.960000,S,0.337,2.1865325834369287e-06,15,0.0034319564275376,20210604T080000_15
AV.PS4A..BH,2021-06-04T15:40:51.680000,S,0.658,2.721032615227159e-06,19,0.0022155471954257,20210604T080000_19
AV.PV6A..SH,2021-06-04T08:03:55.760000,P,0.715,5.02652994782693e-07,1,0.0034319564275376,20210604T080000_1
AV.PV6A..SH,2021-06-04T08:22:39.560000,P,0.386,2.0303362191498309e-07,2,0.0012061448837784,20210604T080000_2
AV.PV6A..SH,2021-06-04T09:09:48.100000,P,0.694,6.038321203050145e-07,3,0.0140760255068605,20210604T080000_3
AV.PV6A..SH,2021-06-04T09:59:15.820000,P,0.473,1.4995060837463825e-07,-1,-1.0,20210604T080000_-1
AV.PV6A..SH,2021-06-04T10:10:40.840000,P,0.936,3.905253834091127e-06,4,0.0007742934107169,20210604T080000_4
AV.PV6A..SH,2021-06-04T10:13:13.660000,P,0.754,1.34186890932142e-07,-1,-1.0,20210604T080000_-1
AV.PV6A..SH,2021-06-04T10:13:54.360000,P,0.552,1.6830028926051457e-07,6,0.0034319564275376,20210604T080000_6
AV.PV6A..SH,2021-06-04T10:38:08.480000,P,0.449,1.303877752434346e-07,-1,-1.0,20210604T080000_-1
AV.PV6A..SH,2021-06-04T11:45:57.560000,P,0.597,2.879691578527855e-07,7,0.0012905380890222,20210604T080000_7
AV.PV6A..SH,2021-06-04T12:05:09.320000,P,0.345,1.3318980052190454e-07,-1,-1.0,20210604T080000_-1
AV.PV6A..SH,2021-06-04T12:32:29.720000,P,0.432,1.9244488669301066e-07,-1,-1.0,20210604T080000_-1
AV.PV6A..SH,2021-06-04T12:58:04.960000,P,0.336,1.2046565700529754e-07,-1,-1.0,20210604T080000_-1
AV.PV6A..SH,2021-06-04T13:29:12.000000,P,0.321,1.533935289899091e-07,-1,-1.0,20210604T080000_-1
AV.PV6A..SH,2021-06-04T13:54:00.460000,P,0.412,1.6540127489861336e-07,-1,-1.0,20210604T080000_-1
AV.PV6A..SH,2021-06-04T13:57:20.640000,P,0.46,3.568948159227148e-07,12,0.0007742934107169,20210604T080000_12
AV.PV6A..SH,2021-06-04T14:45:18.240000,P,0.353,1.1896987928139427e-07,14,0.0022155471954257,20210604T080000_14
AV.PV6A..SH,2021-06-04T15:03:26.240000,P,0.404,1.249811703019077e-07,-1,-1.0,20210604T080000_-1
AV.PV6A..SH,2021-06-04T15:36:51.500000,P,0.563,1.688215860440323e-07,16,0.0012061448837784,20210604T080000_16
AV.PV6A..SH,2021-06-04T15:40:37.840000,P,0.792,1.812874330653358e-07,18,0.0006491532032007,20210604T080000_18
AV.PV6A..SH,2021-06-04T15:52:02.700000,P,0.46,6.139668471405457e-07,-1,-1.0,20210604T080000_-1
AV.PV6A..SH,2021-06-04T08:03:59.600000,S,0.896,5.02652994782693e-07,1,0.0012061448837784,20210604T080000_1
AV.PV6A..SH,2021-06-04T08:46:59.320000,S,0.31,1.131423772449125e-07,-1,-1.0,20210604T080000_-1
AV.PV6A..SH,2021-06-04T09:09:54.800000,S,0.48,6.038321203050145e-07,3,0.0034319564275376,20210604T080000_3
AV.PV6A..SH,2021-06-04T10:11:01.560000,S,0.582,6.761494660167955e-06,5,0.0006386557866482,20210604T080000_5
AV.PV6A..SH,2021-06-04T10:13:34.340000,S,0.656,1.863260337131578e-07,-1,-1.0,20210604T080000_-1
AV.PV6A..SH,2021-06-04T10:32:42.880000,S,0.416,1.2494005829921664e-07,-1,-1.0,20210604T080000_-1
AV.PV6A..SH,2021-06-04T12:32:33.300000,S,0.814,1.9244488669301066e-07,-1,-1.0,20210604T080000_-1
AV.PV6A..SH,2021-06-04T13:18:57.800000,S,0.354,1.395622888367143e-07,-1,-1.0,20210604T080000_-1
AV.PV6A..SH,2021-06-04T14:45:35.620000,S,0.614,1.85387492024347e-07,15,0.0012061448837784,20210604T080000_15
AV.PV6A..SH,2021-06-04T15:40:55.820000,S,0.707,7.161643225117587e-07,-1,-1.0,20210604T080000_-1
AV.PV6A..SH,2021-06-04T15:52:04.740000,S,0.795,6.139668471405457e-07,-1,-1.0,20210604T080000_-1
AV.PVV..SH,2021-06-04T08:22:38.600000,P,0.479,1.9376716409169608e-07,2,0.0022155471954257,20210604T080000_2
AV.PVV..SH,2021-06-04T09:09:45.760000,P,0.842,4.3284882167426986e-07,3,0.0012061448837784,20210604T080000_3
AV.PVV..SH,2021-06-04T09:22:00.780000,P,0.542,1.0133358046005014e-06,-1,-1.0,20210604T080000_-1
AV.PVV..SH,2021-06-04T10:10:37.760000,P,0.968,3.292448809588677e-06,4,0.0063257409229382,20210604T080000_4
AV.PVV..SH,2021-06-04T10:13:52.160000,P,0.386,2.2781132713589614e-07,6,0.0012061448837784,20210604T080000_6
AV.PVV..SH,2021-06-04T11:12:22.240000,P,0.321,1.4792290414789022e-07,-1,-1.0,20210604T080000_-1
AV.PVV..SH,2021-06-04T11:38:59.040000,P,0.307,3.303657933884097e-07,-1,-1.0,20210604T080000_-1
AV.PVV..SH,2021-06-04T11:45:58.200000,P,0.839,3.378197277470463e-07,7,0.0006491532032007,20210604T080000_7
AV.PVV..SH,2021-06-04T11:47:05.280000,P,0.407,3.1589965487910376e-07,-1,-1.0,20210604T080000_-1
AV.PVV..SH,2021-06-04T13:57:20.360000,P,0.338,5.860037504135107e-07,12,0.0063257409229382,20210604T080000_12
AV.PVV..SH,2021-06-04T14:45:15.020000,P,0.887,3.009012345955853e-07,14,0.0012905380890222,20210604T080000_14
AV.PVV..SH,2021-06-04T14:45:29.160000,P,0.395,3.981275540354545e-07,15,0.0022155471954257,20210604T080000_15
AV.PVV..SH,2021-06-04T15:40:34.940000,P,0.882,3.564470603123482e-07,18,0.0006386557866482,20210604T080000_18
AV.PVV..SH,2021-06-04T15:40:51.060000,P,0.809,5.399211886469857e-07,-1,-1.0,20210604T080000_-1
AV.PVV..SH,2021-06-04T09:09:51.780000,S,0.563,4.3284882167426986e-07,3,0.0022155471954257,20210604T080000_3
AV.PVV..SH,2021-06-04T09:22:01.140000,S,0.35,1.0133358046005014e-06,-1,-1.0,20210604T080000_-1
AV.PVV..SH,2021-06-04T10:10:57.040000,S,0.624,4.347691628936445e-06,5,0.0007742934107169,20210604T080000_5
AV.PVV..SH,2021-06-04T11:39:02.160000,S,0.665,3.303657933884097e-07,-1,-1.0,20210604T080000_-1
AV.PVV..SH,2021-06-04T14:45:17.520000,S,0.518,2.820527811309148e-07,14,0.0006491532032007,20210604T080000_14
AV.PVV..SH,2021-06-04T14:45:30.920000,S,0.454,3.981275540354545e-07,15,0.0012905380890222,20210604T080000_15
AV.PVV..SH,2021-06-04T15:36:50.560000,S,0.434,3.379968234185071e-07,16,0.0022155471954257,20210604T080000_16
AV.S12K..BH,2021-06-04T10:10:43.260000,P,0.925,3.053007276321296e-06,4,0.0018030541499008,20210604T080000_4
AV.S12K..BH,2021-06-04T13:04:41.660000,P,0.565,7.007968747529958e-07,11,0.0022155471954257,20210604T080000_11
AV.S12K..BH,2021-06-04T15:40:41.260000,P,0.46,1.4809731965215178e-06,18,0.0007742934107169,20210604T080000_18
AV.S12K..BH,2021-06-04T10:11:06.600000,S,0.705,8.885052920959424e-06,5,0.0063257409229382,20210604T080000_5
AV.S12K..BH,2021-06-04T13:04:46.700000,S,0.658,9.78619937086478e-07,-1,-1.0,20210604T080000_-1
AV.S12K..BH,2021-06-04T15:40:59.480000,S,0.772,2.1146040580788394e-06,-1,-1.0,20210604T080000_-1
AV.DEER..BH,2021-06-04T16:35:16.140000,P,0.924,1.092308366423822e-06,2,0.014827903172864,20210604T160000_2
AV.DEER..BH,2021-06-04T17:48:57.360000,P,0.979,2.56856219493784e-05,8,0.014827903172864,20210604T160000_8
AV.DEER..BH,2021-06-04T18:25:38.840000,P,0.95,1.1741771004381008e-06,9,0.014827903172864,20210604T160000_9
AV.DEER..BH,2021-06-04T19:08:03.020000,P,0.707,7.519611813222582e-07,10,0.014827903172864,20210604T160000_10
AV.DEER..BH,2021-06-04T20:24:27.040000,P,0.602,1.013493488244421e-06,-1,-1.0,20210604T160000_-1
AV.DEER..BH,2021-06-04T22:43:18.980000,P,0.923,7.787785420987348e-07,14,0.014827903172864,20210604T160000_14
AV.DEER..BH,2021-06-04T23:05:16.020000,P,0.913,2.0379900433908915e-06,15,0.014827903172864,20210604T160000_15
AV.DEER..BH,2021-06-04T16:35:38.660000,S,0.717,4.395840733195655e-06,3,0.014827903172864,20210604T160000_3
AV.DEER..BH,2021-06-04T17:49:08.500000,S,0.914,2.56856219493784e-05,7,0.014827903172864,20210604T160000_7
AV.DEER..BH,2021-06-04T18:25:49.300000,S,0.907,1.1741771004381008e-06,9,0.0053775681729952,20210604T160000_9
AV.DEER..BH,2021-06-04T19:08:07.520000,S,0.574,7.519611813222582e-07,10,0.0053775681729952,20210604T160000_10
AV.DEER..BH,2021-06-04T20:24:52.320000,S,0.315,1.040325059875613e-06,11,0.014827903172864,20210604T160000_11
AV.DEER..BH,2021-06-04T22:32:37.480000,S,0.322,6.398553864528367e-07,-1,-1.0,20210604T160000_-1
AV.DEER..BH,2021-06-04T22:43:27.260000,S,0.849,7.787785420987348e-07,14,0.0053775681729952,20210604T160000_14
AV.DOL..BH,2021-06-04T16:02:49.320000,P,0.354,1.1147234317832044e-06,-1,-1.0,20210604T160000_-1
AV.DOL..BH,2021-06-04T16:28:42.940000,P,0.964,1.3118931292410707e-06,1,0.014827903172864,20210604T160000_1
AV.DOL..BH,2021-06-04T16:35:12.680000,P,0.933,4.098749286640668e-06,2,0.0053775681729952,20210604T160000_2
AV.DOL..BH,2021-06-04T16:57:50.840000,P,0.504,1.2933583093399648e-06,4,0.014827903172864,20210604T160000_4
AV.DOL..BH,2021-06-04T17:11:21.560000,P,0.567,7.299182698261575e-07,5,0.014827903172864,20210604T160000_5
AV.DOL..BH,2021-06-04T17:49:00.340000,P,0.982,4.443257239472587e-06,8,0.0053775681729952,20210604T160000_8
AV.DOL..BH,2021-06-04T18:25:42.200000,P,0.713,6.566221486536961e-07,-1,-1.0,20210604T160000_-1
AV.DOL..BH,2021-06-04T18:25:45.320000,P,0.319,8.892461096365878e-07,9,0.0018710263485307,20210604T160000_9
AV.DOL..BH,2021-06-04T19:08:08.540000,P,0.915,6.624911748076556e-07,10,0.0018710263485307,20210604T160000_10
AV.DOL..BH,2021-06-04T19:42:12.380000,P,0.833,8.042955528253515e-07,-1,-1.0,20210604T160000_-1
AV.DOL..BH,2021-06-04T20:01:10.120000,P,0.398,7.257018523887382e-07,-1,-1.0,20210604T160000_-1
AV.DOL..BH,2021-06-04T20:24:27.500000,P,0.799,6.822079399171344e-07,-1,-1.0,20210604T160000_-1
AV.DOL..BH,2021-06-04T21:44:18.600000,P,0.714,8.754248028708389e-07,-1,-1.0,20210604T160000_-1
AV.DOL..BH,2021-06-04T22:11:36.120000,P,0.699,7.149699285946554e-07,12,0.014827903172864,20210604T160000_12
AV.DOL..BH,2021-06-04T22:43:21.260000,P,0.888,1.217704379996576e-06,14,0.0018710263485307,20210604T160000_14
AV.DOL..BH,2021-06-04T23:05:20.360000,P,0.939,3.830061814369401e-06,15,0.0053775681729952,20210604T160000_15
AV.DOL..BH,2021-06-04T16:03:06.500000,S,0.785,8.801349622444832e-07,-1,-1.0,20210604T160000_-1
AV.DOL..BH,2021-06-04T16:29:02.740000,S,0.691,1.547831288917223e-06,-1,-1.0,20210604T160000_-1
AV.DOL..BH,2021-06-04T16:35:31.560000,S,0.557,2.086102904286236e-05,3,0.0053775681729952,20210604T160000_3
AV.DOL..BH,2021-06-04T17:11:40.960000,S,0.666,1.314908104177448e-06,-1,-1.0,20210604T160000_-1
AV.DOL..BH,2021-06-04T17:49:13.820000,S,0.953,1.772745599737391e-05,7,0.0053775681729952,20210604T160000_7
AV.DOL..BH,2021-06-04T18:25:55.300000,S,0.773,8.012972330107004e-07,9,0.0018402263721028,20210604T160000_9
AV.DOL..BH,2021-06-04T18:47:21.000000,S,0.335,7.963275834299566e-07,-1,-1.0,20210604T160000_-1
AV.DOL..BH,2021-06-04T19:08:16.700000,S,0.876,8.060205232141016e-07,10,0.0018402263721028,20210604T160000_10
AV.DOL..BH,2021-06-04T19:42:30.820000,S,0.836,1.047145474331046e-06,-1,-1.0,20210604T160000_-1
AV.DOL..BH,2021-06-04T20:24:53.460000,S,0.48,1.4344283272293978e-06,11,0.0053775681729952,20210604T160000_11
AV.DOL..BH,2021-06-04T21:44:37.740000,S,0.694,7.22962113286485e-07,-1,-1.0,20210604T160000_-1
AV.DOL..BH,2021-06-04T22:11:54.560000,S,0.419,8.341416446455696e-07,13,0.014827903172864,20210604T160000_13
AV.DOL..BH,2021-06-04T22:43:30.820000,S,0.839,1.217704379996576e-06,14,0.0018402263721028,20210604T160000_14
AV.DOL..BH,2021-06-04T23:05:25.600000,S,0.38,4.568967597151641e-06,-1,-1.0,20210604T160000_-1
AV.DT1..BH,2021-06-04T16:02:46.540000,P,0.82,7.978583766998781e-07,-1,-1.0,20210604T160000_-1
AV.DT1..BH,2021-06-04T16:35:16.060000,P,0.937,2.1758012280770345e-06,2,0.0018710263485307,20210604T160000_2
AV.DT1..BH,2021-06-04T17:48:58.300000,P,0.971,5.579968728852691e-06,8,0.0018710263485307,20210604T160000_8
AV.DT1..BH,2021-06-04T18:25:40.140000,P,0.943,1.8705325146584075e-06,9,0.0004087577838798,20210604T160000_9
AV.DT1..BH,2021-06-04T19:08:05.260000,P,0.907,7.90453270838043e-07,10,0.0004087577838798,20210604T160000_10
AV.DT1..BH,2021-06-04T20:24:28.520000,P,0.543,6.702793484691938e-07,-1,-1.0,20210604T160000_-1
AV.DT1..BH,2021-06-04T22:43:19.940000,P,0.93,2.4794728687993484e-06,14,0.0004087577838798,20210604T160000_14
AV.DT1..BH,2021-06-04T23:05:17.420000,P,0.781,2.4587616280769e-06,15,0.0018710263485307,20210604T160000_15
AV.DT1..BH,2021-06-04T16:35:37.500000,S,0.782,6.659626251348527e-06,3,0.0018710263485307,20210604T160000_3
AV.DT1..BH,2021-06-04T17:49:10.260000,S,0.939,1.319259808951756e-05,7,0.0018710263485307,20210604T160000_7
AV.DT1..BH,2021-06-04T18:25:51.680000,S,0.889,1.8705325146584075e-06,9,0.0010626841089282,20210604T160000_9
AV.DT1..BH,2021-06-04T19:08:10.940000,S,0.722,7.90453270838043e-07,10,0.0010626841089282,20210604T160000_10
AV.DT1..BH,2021-06-04T20:24:54.760000,S,0.368,8.244124387601914e-07,11,0.0018710263485307,20210604T160000_11
AV.DT1..BH,2021-06-04T22:11:59.260000,S,0.608,8.30501164728048e-07,13,0.0053775681729952,20210604T160000_13
AV.DT1..BH,2021-06-04T22:43:28.780000,S,0.942,2.4794728687993484e-06,14,0.0010626841089282,20210604T160000_14
AV.DT1..BH,2021-06-04T23:05:25.180000,S,0.658,2.2718916170560988e-06,15,0.0018402263721028,20210604T160000_15
AV.DTN..BH,2021-06-04T16:00:00.020000,P,0.35,8.909429425330018e-07,-1,-1.0,20210604T160000_-1
AV.DTN..BH,2021-06-04T16:02:47.320000,P,0.352,8.752529652156227e-07,-1,-1.0,20210604T160000_-1
AV.DTN..BH,2021-06-04T16:28:45.880000,P,0.741,9.592959031579085e-07,1,0.0053775681729952,20210604T160000_1
AV.DTN..BH,2021-06-04T16:35:16.220000,P,0.933,2.2380500013241544e-06,2,0.0018402263721028,20210604T160000_2
AV.DTN..BH,2021-06-04T17:48:58.840000,P,0.985,2.826604486472206e-06,8,0.0018402263721028,20210604T160000_8
AV.DTN..BH,2021-06-04T18:25:40.720000,P,0.775,8.366099564227625e-07,9,0.0010145176090587,20210604T160000_9
AV.DTN..BH,2021-06-04T19:08:06.060000,P,0.749,1.0124341542905313e-06,10,0.0010145176090587,20210604T160000_10
AV.DTN..BH,2021-06-04T19:23:08.460000,P,0.497,7.289698942258838e-07,-1,-1.0,20210604T160000_-1
AV.DTN..BH,2021-06-04T19:42:15.400000,P,0.9,8.210506052819255e-07,-1,-1.0,20210604T160000_-1
AV.DTN..BH,2021-06-04T22:11:39.420000,P,0.303,1.061627926901565e-06,12,0.0053775681729952,20210604T160000_12
AV.DTN..BH,2021-06-04T22:43:20.420000,P,0.955,9.823407935982686e-07,14,0.0010145176090587,20210604T160000_14
AV.DTN..BH,2021-06-04T23:05:18.080000,P,0.9,4.156401246291352e-06,15,0.0004087577838798,20210604T160000_15
AV.DTN..BH,2021-06-04T16:35:37.820000,S,0.869,1.9385603081900623e-05,3,0.0018402263721028,20210604T160000_3
AV.DTN..BH,2021-06-04T17:11:47.680000,S,0.487,1.0100548024638556e-06,-1,-1.0,20210604T160000_-1
AV.DTN..BH,2021-06-04T17:49:11.180000,S,0.936,5.185052032175008e-06,7,0.0018402263721028,20210604T160000_7
AV.DTN..BH,2021-06-04T18:25:53.020000,S,0.669,9.106687457460794e-07,-1,-1.0,20210604T160000_-1
AV.DTN..BH,2021-06-04T22:43:29.700000,S,0.898,9.633620265958598e-07,14,0.0104080233455919,20210604T160000_14
AV.HAG..SH,2021-06-04T16:28:45.280000,P,0.887,3.582224508136278e-07,1,0.0018710263485307,20210604T160000_1
AV.HAG..SH,2021-06-04T16:35:14.120000,P,0.96,5.381735718401615e-06,2,0.0004087577838798,20210604T160000_2
AV.HAG..SH,2021-06-04T17:11:23.180000,P,0.823,5.13802206114633e-07,5,0.0053775681729952,20210604T160000_5
AV.HAG..SH,2021-06-04T17:49:01.900000,P,0.971,2.276035502291052e-06,8,0.0004087577838798,20210604T160000_8
AV.HAG..SH,2021-06-04T19:42:14.440000,P,0.318,1.929526405319848e-07,-1,-1.0,20210604T160000_-1
AV.HAG..SH,2021-06-04T22:11:38.820000,P,0.884,3.280730425103684e-07,12,0.0018710263485307,20210604T160000_12
AV.HAG..SH,2021-06-04T23:05:22.440000,P,0.945,3.4942597721965285e-06,15,0.0010626841089282,20210604T160000_15
AV.HAG..SH,2021-06-04T16:29:06.940000,S,0.681,3.435166036069859e-07,-1,-1.0,20210604T160000_-1
AV.HAG..SH,2021-06-04T16:57:51.240000,S,0.33,3.801914090217906e-07,4,0.0053775681729952,20210604T160000_4
AV.HAG..SH,2021-06-04T17:11:45.560000,S,0.379,6.241777441573504e-07,6,0.014827903172864,20210604T160000_6
AV.HAG..SH,2021-06-04T17:49:17.460000,S,0.715,2.933473069788306e-06,7,0.0004087577838798,20210604T160000_7
AV.HAG..SH,2021-06-04T22:11:58.760000,S,0.363,2.1784074988318025e-07,13,0.0018710263485307,20210604T160000_13
AV.PN7A..BH,2021-06-04T16:35:15.740000,P,0.944,6.470193966379156e-06,2,0.0010626841089282,20210604T160000_2
AV.PN7A..BH,2021-06-04T17:11:24.780000,P,0.322,1.2642404954021913e-06,5,0.0018710263485307,20210604T160000_5
AV.PN7A..BH,2021-06-04T17:42:38.940000,P,0.396,2.5275605821661884e-06,-1,-1.0,20210604T160000_-1
AV.PN7A..BH,2021-06-04T17:49:02.840000,P,0.909,1.864671958173858e-06,8,0.0010626841089282,20210604T160000_8
AV.PN7A..BH,2021-06-04T22:05:31.880000,P,0.412,1.855593609434436e-06,-1,-1.0,20210604T160000_-1
AV.PN7A..BH,2021-06-04T23:05:23.040000,P,0.655,2.4549535737605765e-06,15,0.0010145176090587,20210604T160000_15
AV.PN7A..BH,2021-06-04T23:25:13.260000,P,0.594,1.565481966281368e-06,-1,-1.0,20210604T160000_-1
AV.PN7A..BH,2021-06-04T16:35:36.260000,S,0.462,1.0560561349848284e-05,3,0.0004087577838798,20210604T160000_3
AV.PN7A..BH,2021-06-04T17:42:41.000000,S,0.411,2.5275605821661884e-06,-1,-1.0,20210604T160000_-1
AV.PN7A..BH,2021-06-04T17:49:18.540000,S,0.671,1.4417380498343846e-06,7,0.0010626841089282,20210604T160000_7
AV.PN7A..BH,2021-06-04T22:05:33.960000,S,0.331,1.855593609434436e-06,-1,-1.0,20210604T160000_-1
AV.PS1A..BH,2021-06-04T16:28:45.340000,P,0.74,1.4581453342543682e-06,1,0.0018402263721028,20210604T160000_1
AV.PS1A..BH,2021-06-04T16:35:13.060000,P,0.958,4.016821549157612e-06,2,0.0010145176090587,20210604T160000_2
AV.PS1A..BH,2021-06-04T17:11:21.960000,P,0.484,1.1568631634872872e-06,5,0.0018402263721028,20210604T160000_5
AV.PS1A..BH,2021-06-04T17:49:03.460000,P,0.971,1.7736871313900338e-06,8,0.0010145176090587,20210604T160000_8
AV.PS1A..BH,2021-06-04T20:23:27.440000,P,0.801,2.127912921423558e-06,-1,-1.0,20210604T160000_-1
AV.PS1A..BH,2021-06-04T23:05:24.360000,P,0.956,3.2693603770894697e-06,15,0.0104080233455919,20210604T160000_15
AV.PS1A..BH,2021-06-04T16:35:32.220000,S,0.498,1.131903991336003e-05,3,0.0010626841089282,20210604T160000_3
AV.PS1A..BH,2021-06-04T17:11:41.280000,S,0.445,2.160005806217669e-06,6,0.0053775681729952,20210604T160000_6
AV.PS1A..BH,2021-06-04T17:49:20.560000,S,0.627,2.430555014143465e-06,7,0.0010145176090587,20210604T160000_7
AV.PS4A..BH,2021-06-04T16:35:13.820000,P,0.95,8.469776730635203e-06,2,0.0104080233455919,20210604T160000_2
AV.PS4A..BH,2021-06-04T17:11:22.620000,P,0.816,1.3139122074790066e-06,5,0.0004087577838798,20210604T160000_5
AV.PS4A..BH,2021-06-04T17:49:02.200000,P,0.965,2.998901891260175e-06,8,0.0104080233455919,20210604T160000_8
AV.PS4A..BH,2021-06-04T23:05:24.160000,P,0.584,2.9301752419996774e-06,15,0.0058191383589251,20210604T160000_15
AV.PS4A..BH,2021-06-04T16:35:33.060000,S,0.833,2.3683751351200044e-05,3,0.0010145176090587,20210604T160000_3
AV.PS4A..BH,2021-06-04T17:11:43.160000,S,0.349,1.793084720702609e-06,6,0.0018710263485307,20210604T160000_6
AV.PS4A..BH,2021-06-04T17:49:17.700000,S,0.579,3.2181756068894174e-06,7,0.0104080233455919,20210604T160000_7
AV.PS4A..BH,2021-06-04T23:06:13.820000,S,0.315,7.033472684270237e-06,-1,-1.0,20210604T160000_-1
AV.PV6A..SH,2021-06-04T16:00:00.020000,P,0.342,1.164375476037094e-07,-1,-1.0,20210604T160000_-1
AV.PV6A..SH,2021-06-04T16:09:55.760000,P,0.487,1.4355516952946348e-07,-1,-1.0,20210604T160000_-1
AV.PV6A..SH,2021-06-04T16:28:48.200000,P,0.889,2.0010479317988938e-07,1,0.0004087577838798,20210604T160000_1
AV.PV6A..SH,2021-06-04T16:35:15.880000,P,0.943,2.638651039887918e-06,2,0.0058191383589251,20210604T160000_2
AV.PV6A..SH,2021-06-04T16:57:51.360000,P,0.68,1.749598652622808e-07,4,0.0018710263485307,20210604T160000_4
AV.PV6A..SH,2021-06-04T17:11:24.760000,P,0.942,2.728122296957736e-07,5,0.0010626841089282,20210604T160000_5
AV.PV6A..SH,2021-06-04T17:49:03.540000,P,0.974,5.48794787391671e-07,8,0.0058191383589251,20210604T160000_8
AV.PV6A..SH,2021-06-04T20:23:28.960000,P,0.34,4.339567851729953e-07,-1,-1.0,20210604T160000_-1
AV.PV6A..SH,2021-06-04T20:57:03.220000,P,0.386,1.1413949607685937e-07,-1,-1.0,20210604T160000_-1
AV.PV6A..SH,2021-06-04T22:11:40.940000,P,0.883,2.006468093895819e-07,12,0.0018402263721028,20210604T160000_12
AV.PV6A..SH,2021-06-04T23:05:23.540000,P,0.956,1.0467707625139155e-06,15,0.0035627515396976,20210604T160000_15
AV.PV6A..SH,2021-06-04T16:29:11.980000,S,0.846,2.1067913280603534e-07,-1,-1.0,20210604T160000_-1
AV.PV6A..SH,2021-06-04T16:35:18.140000,S,0.506,2.638651039887918e-06,-1,-1.0,20210604T160000_-1
AV.PV6A..SH,2021-06-04T16:35:37.040000,S,0.785,4.923906544718193e-06,3,0.0104080233455919,20210604T160000_3
AV.PV6A..SH,2021-06-04T17:11:45.660000,S,0.563,3.393433871679008e-07,6,0.0018402263721028,20210604T160000_6
AV.PV6A..SH,2021-06-04T17:49:21.000000,S,0.339,3.957713090585458e-07,7,0.0058191383589251,20210604T160000_7
AV.PV6A..SH,2021-06-04T19:42:40.000000,S,0.538,1.7895627024699936e-07,-1,-1.0,20210604T160000_-1
AV.PV6A..SH,2021-06-04T20:23:36.700000,S,0.322,4.339567851729953e-07,-1,-1.0,20210604T160000_-1
AV.PV6A..SH,2021-06-04T21:44:42.720000,S,0.315,1.6771713262642154e-07,-1,-1.0,20210604T160000_-1
AV.PV6A..SH,2021-06-04T22:12:01.920000,S,0.432,1.680056982422684e-07,13,0.0018402263721028,20210604T160000_13
AV.PVV..SH,2021-06-04T16:28:45.280000,P,0.358,2.474350822012639e-07,1,0.0010626841089282,20210604T160000_1
AV.PVV..SH,2021-06-04T16:35:13.140000,P,0.957,2.77186768471438e-06,2,0.0035627515396976,20210604T160000_2
AV.PVV..SH,2021-06-04T16:57:51.520000,P,0.496,2.4041003143793205e-07,4,0.0018402263721028,20210604T160000_4
AV.PVV..SH,2021-06-04T17:11:21.900000,P,0.872,3.448024017416174e-07,5,0.0010145176090587,20210604T160000_5
AV.PVV..SH,2021-06-04T17:49:02.680000,P,0.911,1.0255475899612063e-06,8,0.0035627515396976,20210604T160000_8
AV.PVV..SH,2021-06-04T17:49:18.980000,P,0.719,1.0967708021780709e-06,-1,-1.0,20210604T160000_-1
AV.PVV..SH,2021-06-04T22:11:37.800000,P,0.782,1.6489389054186177e-07,12,0.0004087577838798,20210604T160000_12
AV.PVV..SH,2021-06-04T23:05:23.340000,P,0.968,1.0812691471073776e-06,15,0.0020343153127806,20210604T160000_15
AV.PVV..SH,2021-06-04T16:35:32.920000,S,0.538,5.577430783887394e-06,3,0.0058191383589251,20210604T160000_3
AV.PVV..SH,2021-06-04T17:11:42.620000,S,0.493,3.374646269094228e-07,6,0.0004087577838798,20210604T160000_6
AV.PVV..SH,2021-06-04T17:49:21.080000,S,0.493,9.561437082084012e-07,7,0.0035627515396976,20210604T160000_7
AV.PVV..SH,2021-06-04T23:06:19.480000,S,0.355,1.0339496157030226e-06,-1,-1.0,20210604T160000_-1
AV.S12K..BH,2021-06-04T16:35:17.800000,P,0.774,3.764909934034222e-06,2,0.0020343153127806,20210604T160000_2
AV.S12K..BH,2021-06-04T17:11:26.720000,P,0.378,8.413935006501561e-07,5,0.0104080233455919,20210604T160000_5
AV.S12K..BH,2021-06-04T17:49:04.600000,P,0.974,2.0948386918462347e-06,8,0.0020343153127806,20210604T160000_8
AV.S12K..BH,2021-06-04T23:05:25.380000,P,0.715,1.7112762407123228e-06,15,0.0002619604978644,20210604T160000_15
AV.S12K..BH,2021-06-04T16:35:39.700000,S,0.933,1.670927849772852e-05,3,0.0035627515396976,20210604T160000_3
AV.S12K..BH,2021-06-04T17:11:48.660000,S,0.794,1.4358606676978525e-06,6,0.0010626841089282,20210604T160000_6
AV.S12K..BH,2021-06-04T17:49:21.540000,S,0.866,5.554679773922544e-06,-1,-1.0,20210604T160000_-1
AV.S12K..BH,2021-06-04T20:25:09.280000,S,0.375,7.342326853176928e-07,11,0.0018402263721028,20210604T160000_11
AV.S12K..BH,2021-06-04T21:44:45.400000,S,0.616,7.149045018195466e-07,-1,-1.0,20210604T160000_-1
AV.DEER..BH,2021-06-05T03:37:40.460000,P,0.532,5.487540306603478e-07,2,0.0041273985843583,20210605T000000_2
AV.DEER..BH,2021-06-05T06:23:48.920000,P,0.715,6.478516070274054e-07,3,0.0041273985843583,20210605T000000_3
AV.DEER..BH,2021-06-05T03:37:48.360000,S,0.616,6.333988267215318e-07,2,0.0013506065935275,20210605T000000_2
AV.DEER..BH,2021-06-05T06:23:59.120000,S,0.743,6.89592013713991e-07,3,0.0013506065935275,20210605T000000_3
AV.DOL..BH,2021-06-05T00:00:00.020000,P,0.301,6.574020972038852e-07,-1,-1.0,20210605T000000_-1
AV.DOL..BH,2021-06-05T00:46:01.520000,P,0.414,8.406428264606802e-07,-1,-1.0,20210605T000000_-1
AV.DOL..BH,2021-06-05T03:37:41.480000,P,0.583,8.532763331459137e-07,2,0.004641175134223,20210605T000000_2
AV.DOL..BH,2021-06-05T04:21:44.960000,P,0.523,1.0623973594192648e-06,-1,-1.0,20210605T000000_-1
AV.DOL..BH,2021-06-05T06:23:52.940000,P,0.903,5.968289542579441e-07,3,0.004641175134223,20210605T000000_3
AV.DOL..BH,2021-06-05T00:46:19.780000,S,0.806,6.941399419702066e-07,-1,-1.0,20210605T000000_-1
AV.DOL..BH,2021-06-05T00:51:46.740000,S,0.432,1.3735905213252408e-06,-1,-1.0,20210605T000000_-1
AV.DOL..BH,2021-06-05T02:02:15.740000,S,0.457,1.188120791084657e-06,-1,-1.0,20210605T000000_-1
AV.DOL..BH,2021-06-05T03:37:50.440000,S,0.63,8.596282441430958e-07,2,0.0021692390454181,20210605T000000_2
AV.DOL..BH,2021-06-05T04:22:03.100000,S,0.624,7.334045903917286e-07,-1,-1.0,20210605T000000_-1
AV.DOL..BH,2021-06-05T06:00:44.000000,S,0.672,6.94275740897865e-07,-1,-1.0,20210605T000000_-1
AV.DOL..BH,2021-06-05T06:24:06.900000,S,0.763,8.360892707059975e-07,-1,-1.0,20210605T000000_-1
AV.DT1..BH,2021-06-05T06:23:50.620000,P,0.82,4.283805026261689e-07,3,0.0021692390454181,20210605T000000_3
AV.DT1..BH,2021-06-05T00:51:42.300000,S,0.667,7.365028409367369e-07,-1,-1.0,20210605T000000_-1
AV.DT1..BH,2021-06-05T06:24:02.600000,S,0.846,7.380133411061252e-07,-1,-1.0,20210605T000000_-1
AV.DTN..BH,2021-06-05T00:00:00.020000,P,0.337,8.439528755843639e-07,-1,-1.0,20210605T000000_-1
AV.DTN..BH,2021-06-05T03:01:55.560000,P,0.591,1.3522954986910918e-06,-1,-1.0,20210605T000000_-1
AV.HAG..SH,2021-06-05T00:00:00.020000,P,0.614,1.457210458966074e-07,-1,-1.0,20210605T000000_-1
AV.HAG..SH,2021-06-05T02:02:00.540000,P,0.472,2.99679896897942e-07,-1,-1.0,20210605T000000_-1
AV.PN7A..BH,2021-06-05T00:58:04.840000,P,0.506,1.550920273984957e-06,-1,-1.0,20210605T000000_-1
AV.PS1A..BH,2021-06-05T02:13:27.640000,P,0.928,1.8425150756229407e-06,1,0.0041273985843583,20210605T000000_1
AV.PS1A..BH,2021-06-05T06:00:31.720000,P,0.448,1.5385155620606383e-06,-1,-1.0,20210605T000000_-1
AV.PS1A..BH,2021-06-05T06:00:48.680000,S,0.307,1.0206797469436424e-06,-1,-1.0,20210605T000000_-1
AV.PV6A..SH,2021-06-05T00:46:07.240000,P,0.402,1.4729998554230408e-07,-1,-1.0,20210605T000000_-1
AV.PV6A..SH,2021-06-05T01:22:39.540000,P,0.451,1.422992141897339e-07,-1,-1.0,20210605T000000_-1
AV.PV6A..SH,2021-06-05T02:02:01.880000,P,0.389,1.5442412859556498e-07,-1,-1.0,20210605T000000_-1
AV.PV6A..SH,2021-06-05T02:13:29.840000,P,0.304,5.238358085080108e-07,1,0.0013506065935275,20210605T000000_1
AV.PV6A..SH,2021-06-05T05:03:03.040000,P,0.336,1.047266735554331e-07,-1,-1.0,20210605T000000_-1
AV.PV6A..SH,2021-06-05T05:04:34.720000,P,0.479,9.71021663076499e-08,-1,-1.0,20210605T000000_-1
AV.PV6A..SH,2021-06-05T06:45:35.160000,P,0.364,9.343666107497485e-08,-1,-1.0,20210605T000000_-1
AV.PV6A..SH,2021-06-05T06:59:00.860000,P,0.313,1.191061329564036e-07,-1,-1.0,20210605T000000_-1
AV.PV6A..SH,2021-06-05T01:02:26.720000,S,0.344,1.157084170699818e-07,-1,-1.0,20210605T000000_-1
AV.PV6A..SH,2021-06-05T01:14:00.560000,S,0.317,1.732875887228147e-07,-1,-1.0,20210605T000000_-1
AV.PV6A..SH,2021-06-05T02:13:34.360000,S,0.359,5.238358085080108e-07,1,0.004641175134223,20210605T000000_1
AV.PV6A..SH,2021-06-05T06:00:52.160000,S,0.304,1.518813945722286e-07,-1,-1.0,20210605T000000_-1
AV.PV6A..SH,2021-06-05T07:57:58.880000,S,0.305,1.4539111248268457e-07,-1,-1.0,20210605T000000_-1
AV.PVV..SH,2021-06-05T02:02:17.520000,P,0.375,2.348539851482201e-07,-1,-1.0,20210605T000000_-1
AV.PVV..SH,2021-06-05T02:13:27.120000,P,0.747,6.046910812074202e-07,1,0.0021692390454181,20210605T000000_1
AV.PVV..SH,2021-06-05T02:02:03.360000,S,0.549,2.091643125368137e-07,-1,-1.0,20210605T000000_-1
AV.PVV..SH,2021-06-05T02:13:33.280000,S,0.692,6.046910812074202e-07,1,0.0028161834462018,20210605T000000_1
AV.DEER..BH,2021-06-05T11:16:09.400000,P,0.877,7.55048233713751e-07,1,0.0100387888187341,20210605T080000_1
AV.DEER..BH,2021-06-05T13:58:23.980000,P,0.76,8.192633913495229e-07,6,0.0100387888187341,20210605T080000_6
AV.DEER..BH,2021-06-05T14:50:12.620000,P,0.888,1.8810795836543548e-06,7,0.0100387888187341,20210605T080000_7
AV.DEER..BH,2021-06-05T15:12:34.960000,P,0.97,1.3528872386814328e-06,9,0.0100387888187341,20210605T080000_9
AV.DEER..BH,2021-06-05T11:16:28.540000,S,0.909,1.4851044625174836e-06,2,0.0100387888187341,20210605T080000_2
AV.DEER..BH,2021-06-05T13:58:40.860000,S,0.842,1.3611590929940576e-06,5,0.0100387888187341,20210605T080000_5
AV.DEER..BH,2021-06-05T14:50:22.780000,S,0.872,1.8810795836543548e-06,7,0.0075265949058291,20210605T080000_7
AV.DEER..BH,2021-06-05T15:12:43.060000,S,0.928,1.3528872386814328e-06,9,0.0075265949058291,20210605T080000_9
AV.DOL..BH,2021-06-05T11:16:07.360000,P,0.686,9.84145231086586e-07,1,0.0075265949058291,20210605T080000_1
AV.DOL..BH,2021-06-05T12:43:44.700000,P,0.708,3.821326117758872e-06,3,0.0100387888187341,20210605T080000_3
AV.DOL..BH,2021-06-05T13:58:20.000000,P,0.971,1.3897576991439564e-06,6,0.0075265949058291,20210605T080000_6
AV.DOL..BH,2021-06-05T14:09:29.960000,P,0.495,7.984324383869534e-07,-1,-1.0,20210605T080000_-1
AV.DOL..BH,2021-06-05T14:50:16.760000,P,0.902,1.1365518730599431e-06,7,0.0011412296468984,20210605T080000_7
AV.DOL..BH,2021-06-05T11:16:25.120000,S,0.76,3.3073363283619983e-06,2,0.0075265949058291,20210605T080000_2
AV.DOL..BH,2021-06-05T11:36:27.320000,S,0.374,1.1362214991095243e-06,-1,-1.0,20210605T080000_-1
AV.DOL..BH,2021-06-05T12:44:13.720000,S,0.446,1.8762992112897336e-05,4,0.0100387888187341,20210605T080000_4
AV.DOL..BH,2021-06-05T13:58:33.780000,S,0.7,3.279230440966785e-06,5,0.0075265949058291,20210605T080000_5
AV.DOL..BH,2021-06-05T14:50:30.620000,S,0.829,2.1274133814586094e-06,7,0.0002553724186296,20210605T080000_7
AV.DOL..BH,2021-06-05T15:12:45.100000,S,0.819,1.5315644077418256e-06,-1,-1.0,20210605T080000_-1
AV.DT1..BH,2021-06-05T10:00:30.120000,P,0.508,6.077399916648574e-07,-1,-1.0,20210605T080000_-1
AV.DT1..BH,2021-06-05T11:16:10.080000,P,0.907,1.0333059208278428e-06,1,0.0011412296468984,20210605T080000_1
AV.DT1..BH,2021-06-05T13:09:11.480000,P,0.4,5.14580165145162e-07,-1,-1.0,20210605T080000_-1
AV.DT1..BH,2021-06-05T13:58:23.140000,P,0.932,1.7534711105327003e-06,6,0.0011412296468984,20210605T080000_6
AV.DT1..BH,2021-06-05T14:30:25.720000,P,0.378,6.637760634475853e-07,-1,-1.0,20210605T080000_-1
AV.DT1..BH,2021-06-05T14:50:14.380000,P,0.985,1.6721741076253238e-06,7,0.0085380372169647,20210605T080000_7
AV.DT1..BH,2021-06-05T15:12:36.380000,P,0.87,8.266059126071923e-07,-1,-1.0,20210605T080000_-1
AV.DT1..BH,2021-06-05T11:16:29.840000,S,0.738,2.969397883134661e-06,2,0.0011412296468984,20210605T080000_2
AV.DT1..BH,2021-06-05T11:36:20.840000,S,0.674,9.128751230491616e-07,-1,-1.0,20210605T080000_-1
AV.DT1..BH,2021-06-05T12:44:20.680000,S,0.453,5.2539662647177465e-06,4,0.0075265949058291,20210605T080000_4
AV.DT1..BH,2021-06-05T13:50:17.960000,S,0.381,4.486112743506965e-07,-1,-1.0,20210605T080000_-1
AV.DT1..BH,2021-06-05T13:58:39.120000,S,0.79,1.7909324014908634e-06,5,0.0011412296468984,20210605T080000_5
AV.DT1..BH,2021-06-05T14:50:26.380000,S,0.933,2.37811195802351e-06,-1,-1.0,20210605T080000_-1
AV.DT1..BH,2021-06-05T15:12:45.780000,S,0.765,8.057292006924399e-07,-1,-1.0,20210605T080000_-1
AV.DTN..BH,2021-06-05T08:00:00.020000,P,0.336,7.008679858699907e-07,-1,-1.0,20210605T080000_-1
AV.DTN..BH,2021-06-05T10:57:43.400000,P,0.439,9.46396085055312e-07,-1,-1.0,20210605T080000_-1
AV.DTN..BH,2021-06-05T12:16:27.240000,P,0.332,1.3455450016408577e-06,-1,-1.0,20210605T080000_-1
AV.DTN..BH,2021-06-05T12:43:47.720000,P,0.355,2.5503554752503987e-06,3,0.0075265949058291,20210605T080000_3
AV.DTN..BH,2021-06-05T13:58:23.000000,P,0.931,1.3214786349635688e-06,6,0.0002553724186296,20210605T080000_6
AV.DTN..BH,2021-06-05T14:50:15.120000,P,0.941,1.1168914397785557e-06,7,0.0059005475780146,20210605T080000_7
AV.DTN..BH,2021-06-05T11:16:30.300000,S,0.623,2.268662001370103e-06,2,0.0002553724186296,20210605T080000_2
AV.DTN..BH,2021-06-05T12:28:04.440000,S,0.364,1.8666684127310875e-06,-1,-1.0,20210605T080000_-1
AV.DTN..BH,2021-06-05T12:44:20.540000,S,0.537,1.965841875062324e-05,4,0.0011412296468984,20210605T080000_4
AV.DTN..BH,2021-06-05T13:58:39.080000,S,0.824,2.976853920699796e-06,5,0.0002553724186296,20210605T080000_5
AV.DTN..BH,2021-06-05T14:50:27.940000,S,0.73,2.356711320317117e-06,-1,-1.0,20210605T080000_-1
AV.HAG..SH,2021-06-05T11:16:09.580000,P,0.478,5.667193931913062e-07,1,0.0002553724186296,20210605T080000_1
AV.HAG..SH,2021-06-05T11:39:50.200000,P,0.461,2.9994305350555805e-07,-1,-1.0,20210605T080000_-1
AV.HAG..SH,2021-06-05T12:43:46.460000,P,0.653,3.3865851492009824e-06,3,0.0011412296468984,20210605T080000_3
AV.HAG..SH,2021-06-05T13:58:20.180000,P,0.928,2.020446117967367e-06,5,0.0085380372169647,20210605T080000_5
AV.HAG..SH,2021-06-05T14:09:15.980000,P,0.434,5.50997981463297e-07,-1,-1.0,20210605T080000_-1
AV.HAG..SH,2021-06-05T14:56:26.280000,P,0.542,3.856448245187494e-07,-1,-1.0,20210605T080000_-1
AV.HAG..SH,2021-06-05T14:56:41.560000,P,0.66,5.085190082354529e-07,-1,-1.0,20210605T080000_-1
AV.HAG..SH,2021-06-05T14:57:07.000000,P,0.854,4.719198045677331e-07,-1,-1.0,20210605T080000_-1
AV.HAG..SH,2021-06-05T15:04:59.100000,P,0.868,7.611122327944031e-07,-1,-1.0,20210605T080000_-1
AV.HAG..SH,2021-06-05T15:08:44.780000,P,0.409,3.444828280407819e-07,-1,-1.0,20210605T080000_-1
AV.HAG..SH,2021-06-05T15:09:18.840000,P,0.696,4.490126741529821e-07,-1,-1.0,20210605T080000_-1
AV.HAG..SH,2021-06-05T15:12:50.360000,P,0.395,5.846778776685824e-07,-1,-1.0,20210605T080000_-1
AV.HAG..SH,2021-06-05T15:22:27.240000,P,0.767,4.6165311573531653e-07,-1,-1.0,20210605T080000_-1
AV.HAG..SH,2021-06-05T15:45:12.760000,P,0.753,5.030839247410768e-07,-1,-1.0,20210605T080000_-1
AV.HAG..SH,2021-06-05T11:16:29.600000,S,0.574,1.7703541743685491e-06,2,0.0085380372169647,20210605T080000_2
AV.HAG..SH,2021-06-05T12:44:16.040000,S,0.465,6.705493433400989e-06,4,0.0002553724186296,20210605T080000_4
AV.HAG..SH,2021-06-05T13:42:27.080000,S,0.342,3.0746258516956004e-07,-1,-1.0,20210605T080000_-1
AV.HAG..SH,2021-06-05T13:58:34.160000,S,0.539,2.073841642413754e-06,6,0.0085380372169647,20210605T080000_6
AV.HAG..SH,2021-06-05T14:04:49.480000,S,0.306,7.916248137007642e-07,-1,-1.0,20210605T080000_-1
AV.HAG..SH,2021-06-05T14:56:46.140000,S,0.48,4.393546930714365e-07,-1,-1.0,20210605T080000_-1
AV.HAG..SH,2021-06-05T14:57:23.400000,S,0.359,5.102944555801514e-07,-1,-1.0,20210605T080000_-1
AV.HAG..SH,2021-06-05T15:08:49.000000,S,0.358,3.444828280407819e-07,-1,-1.0,20210605T080000_-1
AV.HAG..SH,2021-06-05T15:09:40.000000,S,0.537,5.044364570494508e-07,8,0.0100387888187341,20210605T080000_8
AV.HAG..SH,2021-06-05T15:58:11.000000,S,0.305,4.469930843242764e-07,-1,-1.0,20210605T080000_-1
AV.PN7A..BH,2021-06-05T09:41:52.540000,P,0.309,9.279031019104876e-07,-1,-1.0,20210605T080000_-1
AV.PN7A..BH,2021-06-05T11:11:57.800000,P,0.456,1.284755285269057e-06,-1,-1.0,20210605T080000_-1
AV.PN7A..BH,2021-06-05T12:43:48.320000,P,0.456,4.402813374326797e-06,3,0.0002553724186296,20210605T080000_3
AV.PN7A..BH,2021-06-05T13:58:21.180000,P,0.956,1.500503117313201e-06,5,0.0059005475780146,20210605T080000_5
AV.PN7A..BH,2021-06-05T14:34:47.340000,P,0.747,1.224078346240276e-06,-1,-1.0,20210605T080000_-1
AV.PN7A..BH,2021-06-05T14:40:55.100000,P,0.815,1.2485172646847786e-06,-1,-1.0,20210605T080000_-1
AV.PN7A..BH,2021-06-05T15:12:24.840000,P,0.39,1.3277063999339589e-06,9,0.0011412296468984,20210605T080000_9
AV.PN7A..BH,2021-06-05T10:17:34.400000,S,0.311,1.2893615348730236e-06,-1,-1.0,20210605T080000_-1
AV.PN7A..BH,2021-06-05T11:11:59.960000,S,0.629,1.284755285269057e-06,-1,-1.0,20210605T080000_-1
AV.PN7A..BH,2021-06-05T11:23:43.600000,S,0.377,1.10843700440455e-06,-1,-1.0,20210605T080000_-1
AV.PN7A..BH,2021-06-05T12:44:18.120000,S,0.31,1.0874187864828856e-05,4,0.0085380372169647,20210605T080000_4
AV.PN7A..BH,2021-06-05T13:58:34.960000,S,0.353,1.4758015822735615e-06,-1,-1.0,20210605T080000_-1
AV.PN7A..BH,2021-06-05T13:58:35.600000,S,0.505,2.2903068384039216e-06,6,0.0059005475780146,20210605T080000_6
AV.PN7A..BH,2021-06-05T14:34:49.160000,S,0.335,1.224078346240276e-06,-1,-1.0,20210605T080000_-1
AV.PN7A..BH,2021-06-05T14:40:57.160000,S,0.69,1.2485172646847786e-06,-1,-1.0,20210605T080000_-1
AV.PS1A..BH,2021-06-05T08:00:00.020000,P,0.409,4.1454561028331227e-07,-1,-1.0,20210605T080000_-1
AV.PS1A..BH,2021-06-05T08:00:00.640000,P,0.492,1.0625809636621852e-06,-1,-1.0,20210605T080000_-1
AV.PS1A..BH,2021-06-05T10:23:40.140000,P,0.563,1.2329657010923256e-06,-1,-1.0,20210605T080000_-1
AV.PS1A..BH,2021-06-05T11:16:09.000000,P,0.798,1.240199594576552e-06,1,0.0085380372169647,20210605T080000_1
AV.PS1A..BH,2021-06-05T12:43:44.480000,P,0.518,5.215377314016223e-06,3,0.0085380372169647,20210605T080000_3
AV.PS1A..BH,2021-06-05T13:58:18.880000,P,0.963,1.4646141153207282e-06,5,0.0021319954720285,20210605T080000_5
AV.PS1A..BH,2021-06-05T14:50:21.100000,P,0.421,1.6590084896961343e-06,7,0.0021319954720285,20210605T080000_7
AV.PS1A..BH,2021-06-05T15:09:18.960000,P,0.684,1.2178740007584563e-06,-1,-1.0,20210605T080000_-1
AV.PS1A..BH,2021-06-05T15:12:24.940000,P,0.509,2.070287337119225e-06,9,0.0002553724186296,20210605T080000_9
AV.PS1A..BH,2021-06-05T11:16:28.500000,S,0.654,2.425356797175482e-06,2,0.0059005475780146,20210605T080000_2
AV.PS1A..BH,2021-06-05T12:44:12.960000,S,0.718,1.5906540284049697e-05,4,0.0059005475780146,20210605T080000_4
AV.PS1A..BH,2021-06-05T13:58:32.600000,S,0.493,2.479169324942632e-06,6,0.0021319954720285,20210605T080000_6
AV.PS4A..BH,2021-06-05T13:58:19.720000,P,0.98,7.20299203749164e-06,5,0.0003093756205081,20210605T080000_5
AV.PS4A..BH,2021-06-05T11:16:28.460000,S,0.774,3.346481207699981e-06,2,0.0021319954720285,20210605T080000_2
AV.PS4A..BH,2021-06-05T12:44:14.040000,S,0.745,2.3846214389777742e-05,4,0.0021319954720285,20210605T080000_4
AV.PS4A..BH,2021-06-05T13:58:33.200000,S,0.872,6.893943009345094e-06,6,0.0003093756205081,20210605T080000_6
AV.PV6A..SH,2021-06-05T08:00:00.020000,P,0.789,1.2117384073917492e-07,-1,-1.0,20210605T080000_-1
AV.PV6A..SH,2021-06-05T09:28:57.920000,P,0.414,1.993623470752937e-07,-1,-1.0,20210605T080000_-1
AV.PV6A..SH,2021-06-05T09:41:51.520000,P,0.631,6.297889854067762e-07,-1,-1.0,20210605T080000_-1
AV.PV6A..SH,2021-06-05T11:16:11.160000,P,0.865,2.457255163790251e-07,1,0.0059005475780146,20210605T080000_1
AV.PV6A..SH,2021-06-05T12:43:47.320000,P,0.576,1.4228436384655652e-06,3,0.0059005475780146,20210605T080000_3
AV.PV6A..SH,2021-06-05T13:58:20.720000,P,0.979,5.338261530596355e-07,5,0.0094705817980352,20210605T080000_5
AV.PV6A..SH,2021-06-05T14:37:10.680000,P,0.305,1.9335361400862894e-07,-1,-1.0,20210605T080000_-1
AV.PV6A..SH,2021-06-05T15:09:22.380000,P,0.316,1.888832059648849e-07,-1,-1.0,20210605T080000_-1
AV.PV6A..SH,2021-06-05T10:19:09.640000,S,0.323,2.2726101178705e-07,-1,-1.0,20210605T080000_-1
AV.PV6A..SH,2021-06-05T11:16:32.380000,S,0.581,7.996263775567058e-07,2,0.0003093756205081,20210605T080000_2
AV.PV6A..SH,2021-06-05T12:44:22.400000,S,0.419,5.262720605969662e-06,-1,-1.0,20210605T080000_-1
AV.PV6A..SH,2021-06-05T13:58:34.860000,S,0.89,1.0312660378986038e-06,6,0.0094705817980352,20210605T080000_6
AV.PV6A..SH,2021-06-05T15:09:42.660000,S,0.663,2.149696172182303e-07,8,0.0075265949058291,20210605T080000_8
AV.PVV..SH,2021-06-05T11:16:08.560000,P,0.63,3.225007958462811e-07,1,0.0021319954720285,20210605T080000_1
AV.PVV..SH,2021-06-05T12:08:46.880000,P,0.489,1.2842923524658545e-06,-1,-1.0,20210605T080000_-1
AV.PVV..SH,2021-06-05T12:43:43.800000,P,0.548,2.6213837145405705e-07,-1,-1.0,20210605T080000_-1
AV.PVV..SH,2021-06-05T12:43:44.720000,P,0.417,1.5810819604666904e-06,3,0.0021319954720285,20210605T080000_3
AV.PVV..SH,2021-06-05T12:56:42.360000,P,0.348,7.512084607697034e-07,-1,-1.0,20210605T080000_-1
AV.PVV..SH,2021-06-05T13:58:19.160000,P,0.984,2.473917447787244e-06,5,0.0062683600150341,20210605T080000_5
AV.PVV..SH,2021-06-05T15:09:37.300000,P,0.513,2.525286504351243e-07,8,0.0011412296468984,20210605T080000_8
AV.PVV..SH,2021-06-05T15:12:24.800000,P,0.568,3.2283270456900937e-07,9,0.0085380372169647,20210605T080000_9
AV.PVV..SH,2021-06-05T11:16:27.980000,S,0.825,6.064815920581168e-07,2,0.0094705817980352,20210605T080000_2
AV.PVV..SH,2021-06-05T12:08:47.000000,S,0.317,1.2842923524658545e-06,-1,-1.0,20210605T080000_-1
AV.PVV..SH,2021-06-05T12:44:13.960000,S,0.451,2.910417833845713e-06,4,0.0003093756205081,20210605T080000_4
AV.PVV..SH,2021-06-05T13:58:32.020000,S,0.872,1.8924334881376128e-06,6,0.0062683600150341,20210605T080000_6
AV.PVV..SH,2021-06-05T15:09:43.400000,S,0.382,2.091354645017418e-07,8,0.0002553724186296,20210605T080000_8
AV.S12K..BH,2021-06-05T12:43:46.620000,P,0.721,5.224562755756779e-06,-1,-1.0,20210605T080000_-1
AV.S12K..BH,2021-06-05T13:58:21.700000,P,0.848,1.774419388311799e-06,5,0.0117389370850414,20210605T080000_5
AV.S12K..BH,2021-06-05T11:16:35.940000,S,0.87,1.9036692719964776e-06,2,0.0062683600150341,20210605T080000_2
AV.S12K..BH,2021-06-05T11:36:38.860000,S,0.398,9.39819983614143e-07,-1,-1.0,20210605T080000_-1
AV.S12K..BH,2021-06-05T12:44:14.600000,S,0.346,9.23753668757854e-06,-1,-1.0,20210605T080000_-1
AV.S12K..BH,2021-06-05T13:58:36.320000,S,0.704,8.718890057934914e-06,-1,-1.0,20210605T080000_-1
AV.DEER..BH,2021-06-05T16:00:00.020000,P,0.517,6.594781893909385e-07,-1,-1.0,20210605T160000_-1
AV.DEER..BH,2021-06-05T22:11:39.660000,P,0.851,2.3484737994294846e-06,8,0.0030311953392778,20210605T160000_8
AV.DEER..BH,2021-06-05T22:12:19.000000,P,0.522,4.180587893642951e-06,9,0.0030311953392778,20210605T160000_9
AV.DEER..BH,2021-06-05T23:48:57.960000,P,0.337,9.979213473343409e-07,-1,-1.0,20210605T160000_-1
AV.DEER..BH,2021-06-05T16:05:58.720000,S,0.389,9.286237627748052e-07,2,0.0030311953392778,20210605T160000_2
AV.DOL..BH,2021-06-05T16:05:36.480000,P,0.67,1.2710655710179708e-06,1,0.0030311953392778,20210605T160000_1
AV.DOL..BH,2021-06-05T17:38:29.060000,P,0.829,2.1212570118223084e-06,-1,-1.0,20210605T160000_-1
AV.DOL..BH,2021-06-05T21:51:29.300000,P,0.371,2.238160050183069e-06,7,0.0030311953392778,20210605T160000_7
AV.DOL..BH,2021-06-05T22:11:35.320000,P,0.606,2.908484702857095e-06,8,0.0095592807855958,20210605T160000_8
AV.DOL..BH,2021-06-05T22:12:11.240000,P,0.418,6.904283509356901e-06,-1,-1.0,20210605T160000_-1
AV.DOL..BH,2021-06-05T16:05:54.240000,S,0.558,1.6027750007197028e-06,2,0.0095592807855958,20210605T160000_2
AV.DOL..BH,2021-06-05T17:38:33.080000,S,0.493,1.800348627511994e-06,4,0.0030311953392778,20210605T160000_4
AV.DOL..BH,2021-06-05T21:17:42.760000,S,0.387,1.1663979648801617e-06,-1,-1.0,20210605T160000_-1
AV.DOL..BH,2021-06-05T21:51:32.620000,S,0.35,2.238160050183069e-06,7,0.0095592807855958,20210605T160000_7
AV.DT1..BH,2021-06-05T16:05:38.780000,P,0.337,8.979081371762732e-07,1,0.0095592807855958,20210605T160000_1
AV.DT1..BH,2021-06-05T21:42:41.720000,P,0.367,6.441507025556348e-07,5,0.0030311953392778,20210605T160000_5
AV.DT1..BH,2021-06-05T22:11:38.620000,P,0.802,3.7111526580702048e-06,8,0.0003935504273663,20210605T160000_8
AV.DT1..BH,2021-06-05T22:12:17.400000,P,0.447,4.0041791180556174e-06,9,0.0095592807855958,20210605T160000_9
AV.DT1..BH,2021-06-05T16:05:59.120000,S,0.725,1.2860037941209157e-06,2,0.0003935504273663,20210605T160000_2
AV.DT1..BH,2021-06-05T17:38:33.800000,S,0.341,9.159414275927702e-07,4,0.0095592807855958,20210605T160000_4
AV.DT1..BH,2021-06-05T21:43:02.140000,S,0.796,1.1496795195853338e-06,-1,-1.0,20210605T160000_-1
AV.DT1..BH,2021-06-05T21:51:34.140000,S,0.591,9.332197805633768e-07,-1,-1.0,20210605T160000_-1
AV.DTN..BH,2021-06-05T21:51:34.700000,P,0.398,2.179402144975029e-06,7,0.0003935504273663,20210605T160000_7
AV.DTN..BH,2021-06-05T22:11:38.500000,P,0.93,2.9208788419055054e-06,8,1.5802853147017772e-06,20210605T160000_8
AV.DTN..BH,2021-06-05T22:12:17.200000,P,0.47,1.0825766366906464e-05,9,0.0003935504273663,20210605T160000_9
AV.DTN..BH,2021-06-05T22:12:17.320000,S,0.303,1.0825766366906464e-05,-1,-1.0,20210605T160000_-1
AV.HAG..SH,2021-06-05T16:01:18.620000,P,0.729,1.3349708751775324e-06,-1,-1.0,20210605T160000_-1
AV.HAG..SH,2021-06-05T16:01:32.920000,P,0.468,4.692989250543178e-07,-1,-1.0,20210605T160000_-1
AV.HAG..SH,2021-06-05T16:05:38.260000,P,0.952,8.958712669482338e-07,1,0.0003935504273663,20210605T160000_1
AV.HAG..SH,2021-06-05T16:14:17.340000,P,0.599,5.49510673408804e-07,-1,-1.0,20210605T160000_-1
AV.HAG..SH,2021-06-05T16:31:38.680000,P,0.833,6.945803079361212e-07,-1,-1.0,20210605T160000_-1
AV.HAG..SH,2021-06-05T16:49:33.100000,P,0.317,5.960926046100212e-07,-1,-1.0,20210605T160000_-1
AV.HAG..SH,2021-06-05T16:54:01.340000,P,0.688,4.184878434898565e-07,-1,-1.0,20210605T160000_-1
AV.HAG..SH,2021-06-05T17:05:06.940000,P,0.357,6.898704896229901e-07,-1,-1.0,20210605T160000_-1
AV.HAG..SH,2021-06-05T17:15:57.900000,P,0.782,6.931035727575363e-07,-1,-1.0,20210605T160000_-1
AV.HAG..SH,2021-06-05T17:16:12.460000,P,0.682,5.504733735506306e-07,-1,-1.0,20210605T160000_-1
AV.HAG..SH,2021-06-05T17:28:26.160000,P,0.343,5.597748327090812e-07,-1,-1.0,20210605T160000_-1
AV.HAG..SH,2021-06-05T18:14:47.920000,P,0.692,7.019276608843938e-07,-1,-1.0,20210605T160000_-1
AV.HAG..SH,2021-06-05T18:48:33.400000,P,0.733,7.98825908532308e-07,-1,-1.0,20210605T160000_-1
AV.HAG..SH,2021-06-05T18:54:40.620000,P,0.358,5.760767862739158e-07,-1,-1.0,20210605T160000_-1
AV.HAG..SH,2021-06-05T18:58:49.160000,P,0.446,1.1124470802315043e-06,-1,-1.0,20210605T160000_-1
AV.HAG..SH,2021-06-05T19:15:46.940000,P,0.545,6.170073447719915e-07,-1,-1.0,20210605T160000_-1
AV.HAG..SH,2021-06-05T19:36:29.420000,P,0.643,4.750244784190727e-07,-1,-1.0,20210605T160000_-1
AV.HAG..SH,2021-06-05T19:50:23.080000,P,0.653,6.992949010964367e-07,-1,-1.0,20210605T160000_-1
AV.HAG..SH,2021-06-05T20:15:19.480000,P,0.646,5.477174909174209e-07,-1,-1.0,20210605T160000_-1
AV.HAG..SH,2021-06-05T20:32:24.620000,P,0.797,4.67788851210571e-07,-1,-1.0,20210605T160000_-1
AV.HAG..SH,2021-06-05T21:42:41.840000,P,0.396,6.480900083261076e-07,5,0.0095592807855958,20210605T160000_5
AV.HAG..SH,2021-06-05T21:51:12.220000,P,0.525,7.175261771408259e-07,6,0.0030311953392778,20210605T160000_6
AV.HAG..SH,2021-06-05T22:11:35.240000,P,0.957,3.653387921076501e-06,8,0.0052003759889996,20210605T160000_8
AV.HAG..SH,2021-06-05T16:01:20.600000,S,0.842,1.3349708751775324e-06,-1,-1.0,20210605T160000_-1
AV.HAG..SH,2021-06-05T16:02:02.760000,S,0.387,4.684570455992798e-07,-1,-1.0,20210605T160000_-1
AV.HAG..SH,2021-06-05T16:05:58.720000,S,0.735,6.796313414270116e-07,2,1.5802853147017772e-06,20210605T160000_2
AV.HAG..SH,2021-06-05T16:14:24.160000,S,0.37,5.49510673408804e-07,-1,-1.0,20210605T160000_-1
AV.HAG..SH,2021-06-05T16:31:43.820000,S,0.445,5.399713813858398e-07,-1,-1.0,20210605T160000_-1
AV.HAG..SH,2021-06-05T17:10:18.680000,S,0.494,9.728777285999968e-07,-1,-1.0,20210605T160000_-1
AV.HAG..SH,2021-06-05T17:16:04.640000,S,0.594,6.931035727575363e-07,-1,-1.0,20210605T160000_-1
AV.HAG..SH,2021-06-05T17:45:39.960000,S,0.372,5.298832661537745e-07,-1,-1.0,20210605T160000_-1
AV.HAG..SH,2021-06-05T18:03:00.480000,S,0.366,5.194236791794538e-07,-1,-1.0,20210605T160000_-1
AV.HAG..SH,2021-06-05T18:46:07.280000,S,0.463,9.494983714830596e-07,-1,-1.0,20210605T160000_-1
AV.HAG..SH,2021-06-05T18:48:41.060000,S,0.36,3.567689077499381e-07,-1,-1.0,20210605T160000_-1
AV.HAG..SH,2021-06-05T18:54:47.480000,S,0.463,5.161213607607351e-07,-1,-1.0,20210605T160000_-1
AV.HAG..SH,2021-06-05T18:58:49.140000,S,0.308,1.1124470802315043e-06,-1,-1.0,20210605T160000_-1
AV.HAG..SH,2021-06-05T19:15:50.960000,S,0.412,4.914233500130649e-07,-1,-1.0,20210605T160000_-1
AV.HAG..SH,2021-06-05T19:23:53.320000,S,0.518,6.568507160409354e-07,-1,-1.0,20210605T160000_-1
AV.HAG..SH,2021-06-05T20:32:28.280000,S,0.48,4.67788851210571e-07,-1,-1.0,20210605T160000_-1
AV.HAG..SH,2021-06-05T21:24:39.400000,S,0.368,1.1612471553235082e-06,-1,-1.0,20210605T160000_-1
AV.HAG..SH,2021-06-05T21:35:02.040000,S,0.411,6.338414095807821e-07,-1,-1.0,20210605T160000_-1
AV.HAG..SH,2021-06-05T22:08:23.120000,S,0.56,9.09121581571526e-07,-1,-1.0,20210605T160000_-1
AV.HAG..SH,2021-06-05T23:09:44.640000,S,0.403,5.847095394528878e-07,-1,-1.0,20210605T160000_-1
AV.HAG..SH,2021-06-05T23:58:51.400000,S,0.375,5.770370989921503e-07,-1,-1.0,20210605T160000_-1
AV.PN7A..BH,2021-06-05T16:05:40.700000,P,0.752,1.093462515200372e-06,1,1.5802853147017772e-06,20210605T160000_1
AV.PN7A..BH,2021-06-05T17:38:16.680000,P,0.302,1.2097930266463663e-06,3,0.0030311953392778,20210605T160000_3
AV.PN7A..BH,2021-06-05T18:11:30.540000,P,0.578,1.2955192687513772e-06,-1,-1.0,20210605T160000_-1
AV.PN7A..BH,2021-06-05T22:11:35.840000,P,0.956,1.0993240721290933e-05,8,0.0159793150666924,20210605T160000_8
AV.PN7A..BH,2021-06-05T18:11:32.160000,S,0.422,1.2955192687513772e-06,-1,-1.0,20210605T160000_-1
AV.PN7A..BH,2021-06-05T19:23:38.080000,S,0.512,3.076751227126806e-06,-1,-1.0,20210605T160000_-1
AV.PN7A..BH,2021-06-05T22:12:12.320000,S,0.501,5.537671313504688e-06,9,1.5802853147017772e-06,20210605T160000_9
AV.PS1A..BH,2021-06-05T16:00:00.020000,P,0.519,1.642211145735928e-06,-1,-1.0,20210605T160000_-1
AV.PS1A..BH,2021-06-05T16:05:38.000000,P,0.688,2.108149146806681e-06,1,0.0052003759889996,20210605T160000_1
AV.PS1A..BH,2021-06-05T16:37:27.420000,P,0.837,1.8554284224592264e-06,-1,-1.0,20210605T160000_-1
AV.PS1A..BH,2021-06-05T17:38:13.800000,P,0.32,2.7736882657336537e-06,3,0.0095592807855958,20210605T160000_3
AV.PS1A..BH,2021-06-05T21:42:41.000000,P,0.696,2.5574408937245607e-06,5,0.0003935504273663,20210605T160000_5
AV.PS1A..BH,2021-06-05T21:51:12.440000,P,0.316,2.6801310468727024e-06,6,0.0095592807855958,20210605T160000_6
AV.PS1A..BH,2021-06-05T22:11:33.880000,P,0.783,4.9475274863652885e-06,8,0.0005351871388192,20210605T160000_8
AV.PS4A..BH,2021-06-05T22:11:34.680000,P,0.971,5.571120254899142e-06,8,0.0006069608838794,20210605T160000_8
AV.PS4A..BH,2021-06-05T22:12:10.240000,P,0.539,1.0720666978158988e-05,9,0.0052003759889996,20210605T160000_9
AV.PS4A..BH,2021-06-05T23:09:44.360000,P,0.317,1.8148302842746489e-06,-1,-1.0,20210605T160000_-1
AV.PV6A..SH,2021-06-05T16:00:00.020000,P,0.491,1.432981378002296e-07,-1,-1.0,20210605T160000_-1
AV.PV6A..SH,2021-06-05T16:05:40.760000,P,0.917,5.496416406458593e-07,1,0.0159793150666924,20210605T160000_1
AV.PV6A..SH,2021-06-05T17:38:16.620000,P,0.844,3.163227972891036e-07,3,0.0003935504273663,20210605T160000_3
AV.PV6A..SH,2021-06-05T21:42:43.760000,P,0.585,3.222135092073586e-07,5,1.5802853147017772e-06,20210605T160000_5
AV.PV6A..SH,2021-06-05T21:51:15.340000,P,0.714,3.0665623285131005e-07,6,0.0003935504273663,20210605T160000_6
AV.PV6A..SH,2021-06-05T22:11:35.060000,P,0.936,2.0964205305062933e-06,8,0.0079275572654418,20210605T160000_8
AV.PV6A..SH,2021-06-05T23:03:30.560000,P,0.676,3.628142621892039e-07,-1,-1.0,20210605T160000_-1
AV.PV6A..SH,2021-06-05T23:17:30.940000,P,0.482,6.748185796823236e-07,-1,-1.0,20210605T160000_-1
AV.PV6A..SH,2021-06-05T16:06:01.940000,S,0.79,3.952018516883982e-07,2,0.0052003759889996,20210605T160000_2
AV.PV6A..SH,2021-06-05T17:38:38.900000,S,0.371,4.188628111023718e-07,4,0.0003935504273663,20210605T160000_4
AV.PV6A..SH,2021-06-05T21:43:05.440000,S,0.663,3.3553598655089445e-07,-1,-1.0,20210605T160000_-1
AV.PV6A..SH,2021-06-05T21:51:37.640000,S,0.694,4.583985742101504e-07,7,1.5802853147017772e-06,20210605T160000_7
AV.PVV..SH,2021-06-05T16:05:37.640000,P,0.967,6.670961738564074e-07,1,0.0005351871388192,20210605T160000_1
AV.PVV..SH,2021-06-05T17:38:13.660000,P,0.862,3.309280316443619e-07,3,1.5802853147017772e-06,20210605T160000_3
AV.PVV..SH,2021-06-05T17:38:34.220000,P,0.416,2.3663174886223723e-07,4,1.5802853147017772e-06,20210605T160000_4
AV.PVV..SH,2021-06-05T21:42:40.720000,P,0.71,2.878908844650141e-07,5,0.0052003759889996,20210605T160000_5
AV.PVV..SH,2021-06-05T21:51:12.240000,P,0.871,3.466714133537608e-07,6,1.5802853147017772e-06,20210605T160000_6
AV.PVV..SH,2021-06-05T22:11:34.040000,P,0.947,3.038058139281929e-06,8,3.1689032881344783e-05,20210605T160000_8
AV.PVV..SH,2021-06-05T16:05:56.720000,S,0.485,2.806629311180586e-07,2,0.0159793150666924,20210605T160000_2
AV.PVV..SH,2021-06-05T23:09:45.360000,S,0.43,4.518367120454059e-07,-1,-1.0,20210605T160000_-1
AV.S12K..BH,2021-06-05T22:11:34.440000,P,0.969,4.553102371573914e-06,-1,-1.0,20210605T160000_-1
AV.DEER..BH,2021-06-06T00:14:08.780000,P,0.829,8.445679782198567e-07,-1,-1.0,20210606T000000_-1
AV.DEER..BH,2021-06-06T00:41:25.100000,P,0.531,1.2003737310806173e-06,2,0.0015391744190856,20210606T000000_2
AV.DEER..BH,2021-06-06T01:28:28.140000,P,0.452,7.54072175368492e-07,-1,-1.0,20210606T000000_-1
AV.DEER..BH,2021-06-06T02:33:38.540000,P,0.933,2.8831916552007897e-06,7,0.0015391744190856,20210606T000000_7
AV.DEER..BH,2021-06-06T00:14:19.040000,S,0.632,8.236416988438577e-07,-1,-1.0,20210606T000000_-1
AV.DEER..BH,2021-06-06T02:33:44.540000,S,0.937,2.8831916552007897e-06,7,0.0051022436062917,20210606T000000_7
AV.DEER..BH,2021-06-06T02:37:14.480000,S,0.382,9.558283409205617e-07,-1,-1.0,20210606T000000_-1
AV.DEER..BH,2021-06-06T07:58:56.640000,S,0.469,1.2242375078130865e-06,-1,-1.0,20210606T000000_-1
AV.DOL..BH,2021-06-06T00:41:23.400000,P,0.965,1.3535161542677088e-06,2,0.0051022436062917,20210606T000000_2
AV.DOL..BH,2021-06-06T00:58:35.520000,P,0.747,1.674811301199952e-06,4,0.0015391744190856,20210606T000000_4
AV.DOL..BH,2021-06-06T02:33:47.420000,P,0.478,2.2832439299236285e-06,-1,-1.0,20210606T000000_-1
AV.DOL..BH,2021-06-06T04:48:08.720000,P,0.916,1.0768910669867182e-06,8,0.0015391744190856,20210606T000000_8
AV.DOL..BH,2021-06-06T06:20:18.820000,P,0.649,2.022482021857286e-06,11,0.0015391744190856,20210606T000000_11
AV.DOL..BH,2021-06-06T00:41:42.220000,S,0.792,2.1096163891343167e-06,3,0.0015391744190856,20210606T000000_3
AV.DOL..BH,2021-06-06T00:58:53.940000,S,0.618,2.6715204057836672e-06,5,0.0015391744190856,20210606T000000_5
AV.DOL..BH,2021-06-06T02:33:51.680000,S,0.577,2.2832439299236285e-06,-1,-1.0,20210606T000000_-1
AV.DOL..BH,2021-06-06T04:48:27.360000,S,0.557,2.6229183731629746e-06,9,0.0015391744190856,20210606T000000_9
AV.DT1..BH,2021-06-06T00:14:10.300000,P,0.383,9.003805985230429e-07,-1,-1.0,20210606T000000_-1
AV.DT1..BH,2021-06-06T00:41:25.940000,P,0.92,1.0171603435082943e-06,2,0.0005207128456968,20210606T000000_2
AV.DT1..BH,2021-06-06T00:58:38.440000,P,0.823,1.945427129612653e-06,4,0.0051022436062917,20210606T000000_4
AV.DT1..BH,2021-06-06T02:33:40.540000,P,0.932,9.422960829397198e-06,7,0.0005207128456968,20210606T000000_7
AV.DT1..BH,2021-06-06T04:48:11.240000,P,0.767,1.240024403159623e-06,8,0.0051022436062917,20210606T000000_8
AV.DT1..BH,2021-06-06T00:14:22.080000,S,0.375,1.4168698498906451e-06,-1,-1.0,20210606T000000_-1
AV.DT1..BH,2021-06-06T00:41:46.560000,S,0.607,1.1268449497947586e-06,3,0.0051022436062917,20210606T000000_3
AV.DT1..BH,2021-06-06T00:58:59.120000,S,0.709,1.653305957916018e-06,5,0.0051022436062917,20210606T000000_5
AV.DT1..BH,2021-06-06T01:29:08.440000,S,0.734,8.779268796388351e-07,-1,-1.0,20210606T000000_-1
AV.DT1..BH,2021-06-06T02:33:48.300000,S,0.949,9.422960829397198e-06,7,0.0040433448466864,20210606T000000_7
AV.DT1..BH,2021-06-06T04:48:32.020000,S,0.671,1.5236328181345016e-06,9,0.0051022436062917,20210606T000000_9
AV.DT1..BH,2021-06-06T06:20:23.520000,S,0.449,1.187546217806812e-06,11,0.0051022436062917,20210606T000000_11
AV.DT1..BH,2021-06-06T07:58:57.120000,S,0.461,1.4349786852108082e-06,-1,-1.0,20210606T000000_-1
AV.DTN..BH,2021-06-06T00:00:00.020000,P,0.412,2.3417283046001103e-06,1,0.0015391744190856,20210606T000000_1
AV.DTN..BH,2021-06-06T00:41:26.420000,P,0.964,1.7145255242212445e-06,2,0.0040433448466864,20210606T000000_2
AV.DTN..BH,2021-06-06T00:58:39.020000,P,0.651,1.917750978464028e-06,4,0.0005207128456968,20210606T000000_4
AV.DTN..BH,2021-06-06T02:33:41.380000,P,0.94,5.652309482684359e-06,7,0.0011261160588753,20210606T000000_7
AV.DTN..BH,2021-06-06T04:48:11.880000,P,0.759,1.735084765641659e-06,8,0.0005207128456968,20210606T000000_8
AV.DTN..BH,2021-06-06T05:24:19.240000,P,0.438,1.588340296621027e-06,-1,-1.0,20210606T000000_-1
AV.DTN..BH,2021-06-06T00:41:47.320000,S,0.404,2.689572966119158e-06,3,0.0005207128456968,20210606T000000_3
AV.DTN..BH,2021-06-06T02:33:49.860000,S,0.907,5.652309482684359e-06,7,0.0033805394054291,20210606T000000_7
AV.DTN..BH,2021-06-06T04:48:33.140000,S,0.518,2.0041422885697102e-06,9,0.0005207128456968,20210606T000000_9
AV.HAG..SH,2021-06-06T00:48:45.640000,P,0.334,8.519120910932543e-07,-1,-1.0,20210606T000000_-1
AV.HAG..SH,2021-06-06T00:58:37.600000,P,0.764,1.2213700983920717e-06,4,0.0040433448466864,20210606T000000_4
AV.HAG..SH,2021-06-06T01:09:09.240000,P,0.321,1.0140807944480912e-06,-1,-1.0,20210606T000000_-1
AV.HAG..SH,2021-06-06T01:14:12.240000,P,0.465,1.476072156947339e-06,-1,-1.0,20210606T000000_-1
AV.HAG..SH,2021-06-06T01:18:10.640000,P,0.325,9.529918543194072e-07,-1,-1.0,20210606T000000_-1
AV.HAG..SH,2021-06-06T01:20:56.720000,P,0.371,1.000242036752752e-06,-1,-1.0,20210606T000000_-1
AV.HAG..SH,2021-06-06T01:39:50.700000,P,0.34,9.150501796284516e-07,-1,-1.0,20210606T000000_-1
AV.HAG..SH,2021-06-06T02:13:53.020000,P,0.615,9.961831892724149e-07,-1,-1.0,20210606T000000_-1
AV.HAG..SH,2021-06-06T02:14:11.460000,P,0.42,1.6192452676477842e-06,-1,-1.0,20210606T000000_-1
AV.HAG..SH,2021-06-06T02:24:19.520000,P,0.676,1.6893433212317175e-06,-1,-1.0,20210606T000000_-1
AV.HAG..SH,2021-06-06T02:24:35.600000,P,0.622,8.334960739375674e-07,-1,-1.0,20210606T000000_-1
AV.HAG..SH,2021-06-06T02:27:10.880000,P,0.325,1.1697103445840185e-06,-1,-1.0,20210606T000000_-1
AV.HAG..SH,2021-06-06T02:33:45.520000,P,0.604,2.9439624995575286e-06,7,6.55922358429012e-05,20210606T000000_7
AV.HAG..SH,2021-06-06T03:26:17.760000,P,0.313,8.962463198258774e-07,-1,-1.0,20210606T000000_-1
AV.HAG..SH,2021-06-06T03:40:04.080000,P,0.358,6.55227154311433e-07,-1,-1.0,20210606T000000_-1
AV.HAG..SH,2021-06-06T04:55:49.200000,P,0.362,6.370204914674105e-07,-1,-1.0,20210606T000000_-1
AV.HAG..SH,2021-06-06T05:07:49.240000,P,0.642,1.079820890481642e-06,-1,-1.0,20210606T000000_-1
AV.HAG..SH,2021-06-06T05:08:04.600000,P,0.917,8.418767265538918e-07,-1,-1.0,20210606T000000_-1
AV.HAG..SH,2021-06-06T06:20:03.000000,P,0.905,5.456386134028435e-07,10,0.0015391744190856,20210606T000000_10
AV.HAG..SH,2021-06-06T06:39:20.760000,P,0.357,5.094334483146667e-07,-1,-1.0,20210606T000000_-1
AV.HAG..SH,2021-06-06T07:58:36.280000,P,0.89,8.194170391107036e-07,12,0.0015391744190856,20210606T000000_12
AV.HAG..SH,2021-06-06T00:41:47.360000,S,0.392,1.1562278814380988e-06,3,0.0040433448466864,20210606T000000_3
AV.HAG..SH,2021-06-06T00:58:58.400000,S,0.474,1.3305636912264165e-06,5,0.0005207128456968,20210606T000000_5
AV.HAG..SH,2021-06-06T01:02:19.320000,S,0.462,8.896399776858743e-07,-1,-1.0,20210606T000000_-1
AV.HAG..SH,2021-06-06T01:18:15.880000,S,0.353,1.1344047834427329e-06,-1,-1.0,20210606T000000_-1
AV.HAG..SH,2021-06-06T02:02:08.960000,S,0.433,9.794764537218723e-07,-1,-1.0,20210606T000000_-1
AV.HAG..SH,2021-06-06T02:24:02.440000,S,0.507,9.282357495976612e-07,-1,-1.0,20210606T000000_-1
AV.HAG..SH,2021-06-06T02:24:23.020000,S,0.642,1.6893433212317175e-06,-1,-1.0,20210606T000000_-1
AV.HAG..SH,2021-06-06T02:33:57.100000,S,0.566,3.467765054665506e-06,7,2.4170089628612387e-05,20210606T000000_7
AV.HAG..SH,2021-06-06T03:55:15.040000,S,0.323,3.912610111456161e-07,-1,-1.0,20210606T000000_-1
AV.HAG..SH,2021-06-06T04:22:21.820000,S,0.354,8.657082730678667e-07,-1,-1.0,20210606T000000_-1
AV.HAG..SH,2021-06-06T04:48:31.880000,S,0.341,1.4057832231628709e-06,9,0.0040433448466864,20210606T000000_9
AV.HAG..SH,2021-06-06T04:55:56.680000,S,0.324,6.216050110197102e-07,-1,-1.0,20210606T000000_-1
AV.HAG..SH,2021-06-06T05:07:57.040000,S,0.674,1.079820890481642e-06,-1,-1.0,20210606T000000_-1
AV.HAG..SH,2021-06-06T05:08:10.500000,S,0.596,5.044158797318232e-07,-1,-1.0,20210606T000000_-1
AV.HAG..SH,2021-06-06T06:20:23.100000,S,0.86,8.194631959668186e-07,11,0.0005207128456968,20210606T000000_11
AV.HAG..SH,2021-06-06T07:58:56.560000,S,0.692,1.0805332522068056e-06,13,0.0015391744190856,20210606T000000_13
AV.PN7A..BH,2021-06-06T00:00:00.020000,P,0.521,1.468568143536686e-06,1,0.0051022436062917,20210606T000000_1
AV.PN7A..BH,2021-06-06T00:58:39.600000,P,0.326,2.2718868422089145e-06,4,0.0011261160588753,20210606T000000_4
AV.PN7A..BH,2021-06-06T06:09:16.600000,P,0.348,1.8318584125154305e-06,-1,-1.0,20210606T000000_-1
AV.PN7A..BH,2021-06-06T07:58:38.360000,P,0.449,1.736626700221677e-06,12,0.0051022436062917,20210606T000000_12
AV.PN7A..BH,2021-06-06T01:48:54.720000,S,0.427,1.561498606861278e-06,-1,-1.0,20210606T000000_-1
AV.PN7A..BH,2021-06-06T07:58:57.620000,S,0.539,2.0845900507993065e-06,13,0.0051022436062917,20210606T000000_13
AV.PS1A..BH,2021-06-06T00:00:00.020000,P,0.566,2.085965888909413e-06,1,0.0005207128456968,20210606T000000_1
AV.PS1A..BH,2021-06-06T00:41:26.040000,P,0.602,3.4679551390581764e-06,2,0.0011261160588753,20210606T000000_2
AV.PS1A..BH,2021-06-06T00:58:37.080000,P,0.907,3.069908871111693e-06,4,0.0033805394054291,20210606T000000_4
AV.PS1A..BH,2021-06-06T01:28:24.920000,P,0.53,3.69812255485158e-06,-1,-1.0,20210606T000000_-1
AV.PS1A..BH,2021-06-06T02:31:18.560000,P,0.466,5.265502295515034e-06,6,0.0015391744190856,20210606T000000_6
AV.PS1A..BH,2021-06-06T06:20:01.900000,P,0.752,3.190499455740792e-06,10,0.0051022436062917,20210606T000000_10
AV.PS1A..BH,2021-06-06T07:58:35.920000,P,0.648,2.6473828711459646e-06,12,0.0005207128456968,20210606T000000_12
AV.PS1A..BH,2021-06-06T00:58:56.720000,S,0.66,3.293910594948102e-06,5,0.0040433448466864,20210606T000000_5
AV.PS1A..BH,2021-06-06T07:58:54.940000,S,0.542,2.595788600956439e-06,13,0.0005207128456968,20210606T000000_13
AV.PS4A..BH,2021-06-06T00:41:47.000000,P,0.668,3.207256440873607e-06,-1,-1.0,20210606T000000_-1
AV.PS4A..BH,2021-06-06T00:58:37.240000,P,0.974,2.507992121536517e-06,4,6.55922358429012e-05,20210606T000000_4
AV.PS4A..BH,2021-06-06T02:33:45.840000,P,0.875,1.9618837541202083e-06,7,0.0124512392509563,20210606T000000_7
AV.PS4A..BH,2021-06-06T07:58:36.060000,P,0.457,1.341192728432361e-06,12,0.0040433448466864,20210606T000000_12
AV.PS4A..BH,2021-06-06T00:41:56.280000,S,0.473,3.207256440873607e-06,-1,-1.0,20210606T000000_-1
AV.PS4A..BH,2021-06-06T00:58:57.040000,S,0.491,3.0955234251450747e-06,5,0.0011261160588753,20210606T000000_5
AV.PS4A..BH,2021-06-06T02:31:20.100000,S,0.427,4.094209089089418e-06,6,0.0051022436062917,20210606T000000_6
AV.PS4A..BH,2021-06-06T02:33:57.940000,S,0.891,3.4283609693375183e-06,7,0.0189258133155713,20210606T000000_7
AV.PS4A..BH,2021-06-06T04:48:32.520000,S,0.33,3.0455432806775207e-06,9,0.0011261160588753,20210606T000000_9
AV.PS4A..BH,2021-06-06T06:20:22.320000,S,0.439,2.198399215558311e-06,11,0.0040433448466864,20210606T000000_11
AV.PS4A..BH,2021-06-06T07:58:55.220000,S,0.632,2.652438524819445e-06,13,0.0040433448466864,20210606T000000_13
AV.PV6A..SH,2021-06-06T00:00:00.020000,P,0.471,3.454597958807426e-07,1,0.0040433448466864,20210606T000000_1
AV.PV6A..SH,2021-06-06T00:41:29.460000,P,0.626,5.482783649313205e-07,2,0.0033805394054291,20210606T000000_2
AV.PV6A..SH,2021-06-06T00:58:39.760000,P,0.911,4.818541015083611e-07,4,2.4170089628612387e-05,20210606T000000_4
AV.PV6A..SH,2021-06-06T02:31:20.280000,P,0.579,7.109214834599697e-07,6,0.0005207128456968,20210606T000000_6
AV.PV6A..SH,2021-06-06T04:48:13.660000,P,0.934,3.8324617435137043e-07,8,0.0040433448466864,20210606T000000_8
AV.PV6A..SH,2021-06-06T06:20:05.520000,P,0.725,3.445151435244043e-07,10,0.0005207128456968,20210606T000000_10
AV.PV6A..SH,2021-06-06T07:27:02.640000,P,0.465,3.060071662730479e-07,-1,-1.0,20210606T000000_-1
AV.PV6A..SH,2021-06-06T07:58:38.980000,P,0.765,3.844895104521129e-07,12,0.0011261160588753,20210606T000000_12
AV.PV6A..SH,2021-06-06T00:41:35.100000,S,0.406,5.482783649313205e-07,-1,-1.0,20210606T000000_-1
AV.PV6A..SH,2021-06-06T00:41:51.360000,S,0.768,8.600509318057448e-07,3,0.0011261160588753,20210606T000000_3
AV.PV6A..SH,2021-06-06T00:59:01.020000,S,0.662,9.430104341845436e-07,5,0.0033805394054291,20210606T000000_5
AV.PV6A..SH,2021-06-06T03:21:22.240000,S,0.449,2.88638460688162e-07,-1,-1.0,20210606T000000_-1
AV.PV6A..SH,2021-06-06T04:48:36.400000,S,0.676,8.021123676371644e-07,9,0.0033805394054291,20210606T000000_9
AV.PV6A..SH,2021-06-06T06:20:26.500000,S,0.764,5.815128929498314e-07,11,0.0011261160588753,20210606T000000_11
AV.PV6A..SH,2021-06-06T07:58:59.100000,S,0.737,5.781017193839944e-07,13,0.0011261160588753,20210606T000000_13
AV.PVV..SH,2021-06-06T00:41:25.440000,P,0.734,3.029259403319884e-07,2,6.55922358429012e-05,20210606T000000_2
AV.PVV..SH,2021-06-06T00:58:36.840000,P,0.971,1.4858705981168896e-06,4,0.0124512392509563,20210606T000000_4
AV.PVV..SH,2021-06-06T02:31:17.280000,P,0.502,5.149183834873838e-07,6,0.0040433448466864,20210606T000000_6
AV.PVV..SH,2021-06-06T02:33:46.540000,P,0.577,2.576031761236664e-07,7,0.0004824703951609,20210606T000000_7
AV.PVV..SH,2021-06-06T04:48:10.440000,P,0.895,3.998008253347507e-07,8,0.0011261160588753,20210606T000000_8
AV.PVV..SH,2021-06-06T06:20:01.500000,P,0.373,2.804795826705231e-07,10,0.0040433448466864,20210606T000000_10
AV.PVV..SH,2021-06-06T06:20:21.220000,P,0.582,4.605675201219128e-07,11,0.0033805394054291,20210606T000000_11
AV.PVV..SH,2021-06-06T07:44:04.240000,P,0.605,6.44476926936477e-07,-1,-1.0,20210606T000000_-1
AV.PVV..SH,2021-06-06T07:58:35.460000,P,0.977,3.406299811103964e-07,12,0.0033805394054291,20210606T000000_12
AV.PVV..SH,2021-06-06T07:58:54.340000,P,0.339,5.49318315279379e-07,13,0.0033805394054291,20210606T000000_13
AV.PVV..SH,2021-06-06T00:41:46.760000,S,0.359,4.670940256801259e-07,3,0.0033805394054291,20210606T000000_3
AV.PVV..SH,2021-06-06T00:58:56.380000,S,0.544,4.844746399612632e-07,5,6.55922358429012e-05,20210606T000000_5
AV.PVV..SH,2021-06-06T02:33:59.180000,S,0.725,5.461928367367364e-07,7,0.0034874478970981,20210606T000000_7
AV.PVV..SH,2021-06-06T04:48:31.040000,S,0.431,4.3933877691415546e-07,9,6.55922358429012e-05,20210606T000000_9
AV.PVV..SH,2021-06-06T07:44:05.500000,S,0.315,1.9460549083305525e-07,-1,-1.0,20210606T000000_-1
AV.PVV..SH,2021-06-06T07:58:54.500000,S,0.611,5.49318315279379e-07,13,6.55922358429012e-05,20210606T000000_13
AV.DEER..BH,2021-06-06T09:27:11.720000,P,0.98,1.870544906523719e-06,2,0.0105626762115534,20210606T080000_2
AV.DEER..BH,2021-06-06T10:34:45.580000,P,0.809,1.2037680789944716e-06,-1,-1.0,20210606T080000_-1
AV.DEER..BH,2021-06-06T12:18:26.260000,P,0.493,1.1271730500084232e-06,3,0.0105626762115534,20210606T080000_3
AV.DEER..BH,2021-06-06T13:20:16.380000,P,0.839,9.63402726483764e-07,-1,-1.0,20210606T080000_-1
AV.DEER..BH,2021-06-06T13:56:18.660000,P,0.92,3.2936062780208886e-05,-1,-1.0,20210606T080000_-1
AV.DEER..BH,2021-06-06T14:11:43.720000,P,0.974,6.035260412318166e-06,7,0.0105626762115534,20210606T080000_7
AV.DEER..BH,2021-06-06T14:12:15.080000,P,0.896,2.238828983536223e-06,-1,-1.0,20210606T080000_-1
AV.DEER..BH,2021-06-06T14:23:07.580000,P,0.901,1.1746652717192774e-06,-1,-1.0,20210606T080000_-1
AV.DEER..BH,2021-06-06T09:27:25.820000,S,0.798,2.152033630409278e-06,2,0.0001747342694048,20210606T080000_2
AV.DEER..BH,2021-06-06T13:20:26.780000,S,0.529,6.522625426441664e-07,-1,-1.0,20210606T080000_-1
AV.DEER..BH,2021-06-06T13:20:27.420000,S,0.368,9.63402726483764e-07,-1,-1.0,20210606T080000_-1
AV.DEER..BH,2021-06-06T13:56:28.380000,S,0.611,3.2936062780208886e-05,5,0.0105626762115534,20210606T080000_5
AV.DEER..BH,2021-06-06T14:11:54.800000,S,0.924,6.035260412318166e-06,7,0.0001747342694048,20210606T080000_7
AV.DEER..BH,2021-06-06T14:12:26.180000,S,0.811,2.238828983536223e-06,8,0.0105626762115534,20210606T080000_8
AV.DEER..BH,2021-06-06T14:23:18.640000,S,0.857,1.1746652717192774e-06,-1,-1.0,20210606T080000_-1
AV.DOL..BH,2021-06-06T09:27:20.900000,P,0.477,3.10947166326514e-06,-1,-1.0,20210606T080000_-1
AV.DOL..BH,2021-06-06T12:18:24.420000,P,0.899,2.463686996634351e-06,3,0.0001747342694048,20210606T080000_3
AV.DOL..BH,2021-06-06T13:56:24.020000,P,0.968,1.5588868336635642e-05,5,0.0001747342694048,20210606T080000_5
AV.DOL..BH,2021-06-06T14:11:56.440000,P,0.425,3.6674045986728734e-06,-1,-1.0,20210606T080000_-1
AV.DOL..BH,2021-06-06T14:12:22.960000,P,0.328,4.269797500455752e-06,8,0.0001747342694048,20210606T080000_8
AV.DOL..BH,2021-06-06T09:27:21.000000,S,0.375,3.10947166326514e-06,-1,-1.0,20210606T080000_-1
AV.DOL..BH,2021-06-06T12:18:42.180000,S,0.753,6.2917843024479225e-06,4,0.0105626762115534,20210606T080000_4
AV.DOL..BH,2021-06-06T13:56:37.880000,S,0.861,8.187716593965888e-05,6,0.0105626762115534,20210606T080000_6
AV.DOL..BH,2021-06-06T14:11:59.160000,S,0.404,3.6674045986728734e-06,7,0.0043563109872803,20210606T080000_7
AV.DOL..BH,2021-06-06T14:12:27.880000,S,0.307,4.269797500455752e-06,8,0.0043563109872803,20210606T080000_8
AV.DT1..BH,2021-06-06T09:27:11.020000,P,0.478,1.1162667306052754e-06,2,0.0043563109872803,20210606T080000_2
AV.DT1..BH,2021-06-06T12:18:26.980000,P,0.875,1.74018828147382e-06,3,0.0043563109872803,20210606T080000_3
AV.DT1..BH,2021-06-06T13:56:20.380000,P,0.958,4.481299765757285e-05,5,0.0043563109872803,20210606T080000_5
AV.DT1..BH,2021-06-06T14:11:45.000000,P,0.981,1.949804982359637e-06,7,0.0001158840742328,20210606T080000_7
AV.DT1..BH,2021-06-06T14:23:08.840000,P,0.851,8.325005751430581e-07,-1,-1.0,20210606T080000_-1
AV.DT1..BH,2021-06-06T15:48:17.960000,P,0.794,1.151683477473853e-06,-1,-1.0,20210606T080000_-1
AV.DT1..BH,2021-06-06T12:18:46.560000,S,0.763,2.622124384288327e-06,4,0.0001747342694048,20210606T080000_4
AV.DT1..BH,2021-06-06T13:56:31.480000,S,0.804,4.481299765757285e-05,5,0.0001158840742328,20210606T080000_5
AV.DT1..BH,2021-06-06T14:11:57.280000,S,0.85,3.412961177673424e-06,-1,-1.0,20210606T080000_-1
AV.DT1..BH,2021-06-06T14:12:28.540000,S,0.828,1.7561444565217244e-06,8,0.0001158840742328,20210606T080000_8
AV.DT1..BH,2021-06-06T14:23:21.280000,S,0.526,1.225159735440684e-06,-1,-1.0,20210606T080000_-1
AV.DTN..BH,2021-06-06T08:00:00.020000,P,0.604,1.2563804148157942e-06,-1,-1.0,20210606T080000_-1
AV.DTN..BH,2021-06-06T12:18:27.560000,P,0.912,2.063429064946831e-06,3,0.0001158840742328,20210606T080000_3
AV.DTN..BH,2021-06-06T13:56:21.240000,P,0.974,2.177969508920796e-05,5,0.0006469828502878,20210606T080000_5
AV.DTN..BH,2021-06-06T14:11:45.660000,P,0.624,1.5336921705966231e-06,7,0.0006469828502878,20210606T080000_7
AV.DTN..BH,2021-06-06T12:18:47.260000,S,0.409,4.230093509249855e-06,4,0.0043563109872803,20210606T080000_4
AV.DTN..BH,2021-06-06T13:56:33.020000,S,0.871,2.8110713174100965e-05,5,0.0026082939586778,20210606T080000_5
AV.DTN..BH,2021-06-06T13:57:28.320000,S,0.32,2.592353666841518e-06,-1,-1.0,20210606T080000_-1
AV.DTN..BH,2021-06-06T14:11:58.440000,S,0.325,2.720895054153516e-06,-1,-1.0,20210606T080000_-1
AV.HAG..SH,2021-06-06T08:04:29.200000,P,0.519,9.71248596215446e-07,1,0.0105626762115534,20210606T080000_1
AV.HAG..SH,2021-06-06T08:38:35.100000,P,0.306,5.814450219077116e-07,-1,-1.0,20210606T080000_-1
AV.HAG..SH,2021-06-06T09:10:20.640000,P,0.326,4.545512695131038e-07,-1,-1.0,20210606T080000_-1
AV.HAG..SH,2021-06-06T09:11:28.560000,P,0.414,5.385748522712674e-07,-1,-1.0,20210606T080000_-1
AV.HAG..SH,2021-06-06T09:27:08.920000,P,0.305,4.576567675940169e-07,2,0.0001158840742328,20210606T080000_2
AV.HAG..SH,2021-06-06T09:46:55.320000,P,0.33,6.708388013976219e-07,-1,-1.0,20210606T080000_-1
AV.HAG..SH,2021-06-06T09:51:50.520000,P,0.398,6.692126248708519e-07,-1,-1.0,20210606T080000_-1
AV.HAG..SH,2021-06-06T10:18:34.000000,P,0.366,5.288911211209779e-07,-1,-1.0,20210606T080000_-1
AV.HAG..SH,2021-06-06T10:22:21.880000,P,0.345,3.003606821039284e-07,-1,-1.0,20210606T080000_-1
AV.HAG..SH,2021-06-06T10:29:44.960000,P,0.483,3.117471862879029e-07,-1,-1.0,20210606T080000_-1
AV.HAG..SH,2021-06-06T11:31:18.480000,P,0.477,7.879752956796438e-07,-1,-1.0,20210606T080000_-1
AV.HAG..SH,2021-06-06T11:31:35.260000,P,0.724,6.914325467732851e-07,-1,-1.0,20210606T080000_-1
AV.HAG..SH,2021-06-06T11:32:14.700000,P,0.582,5.393156357058615e-07,-1,-1.0,20210606T080000_-1
AV.HAG..SH,2021-06-06T11:34:18.160000,P,0.459,6.768054845451843e-07,-1,-1.0,20210606T080000_-1
AV.HAG..SH,2021-06-06T11:38:50.560000,P,0.43,5.457457632473961e-07,-1,-1.0,20210606T080000_-1
AV.HAG..SH,2021-06-06T12:05:50.240000,P,0.321,5.294715492709656e-07,-1,-1.0,20210606T080000_-1
AV.HAG..SH,2021-06-06T12:07:28.720000,P,0.633,6.288000804488547e-07,-1,-1.0,20210606T080000_-1
AV.HAG..SH,2021-06-06T12:10:52.520000,P,0.507,8.363338679373555e-07,-1,-1.0,20210606T080000_-1
AV.HAG..SH,2021-06-06T12:12:47.260000,P,0.462,4.389401340176846e-07,-1,-1.0,20210606T080000_-1
AV.HAG..SH,2021-06-06T12:18:26.760000,P,0.973,3.2199500310525764e-06,3,0.0006469828502878,20210606T080000_3
AV.HAG..SH,2021-06-06T13:56:26.120000,P,0.956,1.2631327990675343e-05,5,4.532639282786479e-05,20210606T080000_5
AV.HAG..SH,2021-06-06T14:11:48.240000,P,0.941,1.1731732456610189e-06,7,0.0026082939586778,20210606T080000_7
AV.HAG..SH,2021-06-06T14:42:41.080000,P,0.344,4.828682449442567e-07,-1,-1.0,20210606T080000_-1
AV.HAG..SH,2021-06-06T15:26:14.840000,P,0.357,6.682253115286585e-07,-1,-1.0,20210606T080000_-1
AV.HAG..SH,2021-06-06T15:55:45.360000,P,0.365,4.575869070322369e-07,-1,-1.0,20210606T080000_-1
AV.HAG..SH,2021-06-06T08:04:33.200000,S,0.452,9.71248596215446e-07,1,0.0001747342694048,20210606T080000_1
AV.HAG..SH,2021-06-06T09:11:34.280000,S,0.512,5.385748522712674e-07,-1,-1.0,20210606T080000_-1
AV.HAG..SH,2021-06-06T09:27:21.040000,S,0.688,7.176316785262316e-07,2,0.0006469828502878,20210606T080000_2
AV.HAG..SH,2021-06-06T09:51:54.520000,S,0.828,6.692126248708519e-07,-1,-1.0,20210606T080000_-1
AV.HAG..SH,2021-06-06T11:31:26.160000,S,0.734,6.914325467732851e-07,-1,-1.0,20210606T080000_-1
AV.HAG..SH,2021-06-06T11:31:40.560000,S,0.334,4.6002986664461787e-07,-1,-1.0,20210606T080000_-1
AV.HAG..SH,2021-06-06T11:32:34.520000,S,0.466,7.005900783951802e-07,-1,-1.0,20210606T080000_-1
AV.HAG..SH,2021-06-06T11:43:38.360000,S,0.312,6.956742026886786e-07,-1,-1.0,20210606T080000_-1
AV.HAG..SH,2021-06-06T11:45:51.160000,S,0.339,9.106427114602412e-07,-1,-1.0,20210606T080000_-1
AV.HAG..SH,2021-06-06T12:01:08.060000,S,0.412,5.964850515738362e-07,-1,-1.0,20210606T080000_-1
AV.HAG..SH,2021-06-06T12:07:34.920000,S,0.37,5.971306791252573e-07,-1,-1.0,20210606T080000_-1
AV.HAG..SH,2021-06-06T12:10:55.360000,S,0.498,8.363338679373555e-07,-1,-1.0,20210606T080000_-1
AV.HAG..SH,2021-06-06T12:12:53.720000,S,0.319,4.389401340176846e-07,-1,-1.0,20210606T080000_-1
AV.HAG..SH,2021-06-06T12:18:47.640000,S,0.406,3.29085992234468e-06,4,0.0001158840742328,20210606T080000_4
AV.HAG..SH,2021-06-06T14:12:04.720000,S,0.543,1.995991397052421e-06,-1,-1.0,20210606T080000_-1
AV.HAG..SH,2021-06-06T14:12:36.220000,S,0.573,1.2472706885091611e-06,-1,-1.0,20210606T080000_-1
AV.HAG..SH,2021-06-06T15:50:13.360000,S,0.549,5.104045612824848e-07,-1,-1.0,20210606T080000_-1
AV.HAG..SH,2021-06-06T15:52:40.880000,S,0.359,4.16409164927245e-07,-1,-1.0,20210606T080000_-1
AV.PN7A..BH,2021-06-06T08:04:27.580000,P,0.327,3.508122972561978e-06,-1,-1.0,20210606T080000_-1
AV.PN7A..BH,2021-06-06T12:18:29.580000,P,0.665,3.045363882847596e-06,3,0.0026082939586778,20210606T080000_3
AV.PN7A..BH,2021-06-06T13:56:27.340000,P,0.95,4.684077794081532e-06,5,8.801560790903385e-05,20210606T080000_5
AV.PN7A..BH,2021-06-06T08:25:13.440000,S,0.481,1.3692626907868544e-06,-1,-1.0,20210606T080000_-1
AV.PN7A..BH,2021-06-06T09:27:21.160000,S,0.376,1.907044406834757e-06,2,0.0026082939586778,20210606T080000_2
AV.PN7A..BH,2021-06-06T13:56:45.440000,S,0.708,8.317434549098834e-06,6,0.0001747342694048,20210606T080000_6
AV.PS1A..BH,2021-06-06T08:00:00.020000,P,0.31,2.5419453777431045e-06,-1,-1.0,20210606T080000_-1
AV.PS1A..BH,2021-06-06T08:04:27.880000,P,0.587,3.824749910563696e-06,1,0.0043563109872803,20210606T080000_1
AV.PS1A..BH,2021-06-06T09:27:08.780000,P,0.699,2.8622405352507485e-06,2,4.532639282786479e-05,20210606T080000_2
AV.PS1A..BH,2021-06-06T12:18:26.780000,P,0.902,3.667355713332654e-06,3,4.532639282786479e-05,20210606T080000_3
AV.PS1A..BH,2021-06-06T13:56:28.600000,P,0.913,7.768083378323354e-06,5,0.0126270274072404,20210606T080000_5
AV.PS1A..BH,2021-06-06T14:11:48.920000,P,0.583,2.383366336289328e-06,-1,-1.0,20210606T080000_-1
AV.PS1A..BH,2021-06-06T15:46:49.080000,P,0.421,3.0371759294212097e-06,9,0.0105626762115534,20210606T080000_9
AV.PS1A..BH,2021-06-06T08:04:31.860000,S,0.467,4.663073923438788e-06,1,0.0001158840742328,20210606T080000_1
AV.PS1A..BH,2021-06-06T09:27:19.340000,S,0.821,3.265315854150685e-06,2,8.801560790903385e-05,20210606T080000_2
AV.PS1A..BH,2021-06-06T13:56:45.980000,S,0.858,2.0628252968890592e-05,6,0.0043563109872803,20210606T080000_6
AV.PS1A..BH,2021-06-06T14:12:05.900000,S,0.634,3.09310212287528e-06,7,4.532639282786479e-05,20210606T080000_7
AV.PS1A..BH,2021-06-06T14:12:35.880000,S,0.356,3.944100626540603e-06,8,0.0006469828502878,20210606T080000_8
AV.PS4A..BH,2021-06-06T12:18:26.760000,P,0.863,4.015662852907553e-06,3,8.801560790903385e-05,20210606T080000_3
AV.PS4A..BH,2021-06-06T13:56:26.780000,P,0.957,1.4140678104013205e-05,5,0.0003778264871749,20210606T080000_5
AV.PS4A..BH,2021-06-06T14:11:49.240000,P,0.454,2.001711891352897e-06,7,8.801560790903385e-05,20210606T080000_7
AV.PS4A..BH,2021-06-06T08:04:27.560000,S,0.31,5.804818556498503e-06,-1,-1.0,20210606T080000_-1
AV.PS4A..BH,2021-06-06T09:27:20.000000,S,0.432,2.293189481861191e-06,2,0.0126270274072404,20210606T080000_2
AV.PS4A..BH,2021-06-06T13:56:42.680000,S,0.572,3.264512270106934e-05,6,0.0001158840742328,20210606T080000_6
AV.PS4A..BH,2021-06-06T14:12:04.600000,S,0.306,2.946579797935556e-06,-1,-1.0,20210606T080000_-1
AV.PS4A..BH,2021-06-06T15:46:51.000000,S,0.303,3.971368641941808e-06,9,0.0001747342694048,20210606T080000_9
AV.PV6A..SH,2021-06-06T08:04:29.600000,P,0.65,1.5295980801965925e-06,1,0.0006469828502878,20210606T080000_1
AV.PV6A..SH,2021-06-06T09:27:08.940000,P,0.415,3.913426667168096e-07,2,0.0003778264871749,20210606T080000_2
AV.PV6A..SH,2021-06-06T12:18:29.560000,P,0.955,1.5806865576450946e-06,3,0.0126270274072404,20210606T080000_3
AV.PV6A..SH,2021-06-06T13:56:28.460000,P,0.955,2.476794406902627e-06,5,0.000229864612929,20210606T080000_5
AV.PV6A..SH,2021-06-06T14:11:51.440000,P,0.703,2.8343239932837605e-07,7,0.0126270274072404,20210606T080000_7
AV.PV6A..SH,2021-06-06T08:04:35.520000,S,0.309,1.5295980801965925e-06,1,0.0026082939586778,20210606T080000_1
AV.PV6A..SH,2021-06-06T09:27:20.480000,S,0.538,5.072143949291785e-07,-1,-1.0,20210606T080000_-1
AV.PV6A..SH,2021-06-06T09:27:21.120000,S,0.39,6.273766075537424e-07,2,0.000229864612929,20210606T080000_2
AV.PV6A..SH,2021-06-06T12:18:35.680000,S,0.676,1.9826857169391587e-06,-1,-1.0,20210606T080000_-1
AV.PV6A..SH,2021-06-06T12:18:54.080000,S,0.439,1.825229901442072e-06,4,0.0006469828502878,20210606T080000_4
AV.PV6A..SH,2021-06-06T13:56:46.620000,S,0.479,5.834692274220288e-06,6,0.0006469828502878,20210606T080000_6
AV.PV6A..SH,2021-06-06T14:12:08.060000,S,0.614,6.268951437959913e-07,-1,-1.0,20210606T080000_-1
AV.PV6A..SH,2021-06-06T14:43:13.560000,S,0.476,3.5236081430412014e-07,-1,-1.0,20210606T080000_-1
AV.PVV..SH,2021-06-06T08:04:27.480000,P,0.952,1.3756117596130937e-06,1,4.532639282786479e-05,20210606T080000_1
AV.PVV..SH,2021-06-06T09:27:08.360000,P,0.413,5.572489385485824e-07,2,0.0044046692943275,20210606T080000_2
AV.PVV..SH,2021-06-06T10:44:26.240000,P,0.578,2.7877746333615505e-07,-1,-1.0,20210606T080000_-1
AV.PVV..SH,2021-06-06T12:18:26.340000,P,0.943,1.3410482324616169e-06,3,0.0003778264871749,20210606T080000_3
AV.PVV..SH,2021-06-06T13:56:27.480000,P,0.963,3.115749677817803e-06,5,0.0044046692943275,20210606T080000_5
AV.PVV..SH,2021-06-06T14:11:48.280000,P,0.959,5.281348194330349e-07,-1,-1.0,20210606T080000_-1
AV.PVV..SH,2021-06-06T14:12:34.560000,P,0.422,4.985602686247148e-07,-1,-1.0,20210606T080000_-1
AV.PVV..SH,2021-06-06T14:42:41.600000,P,0.795,1.937251425943032e-07,-1,-1.0,20210606T080000_-1
AV.PVV..SH,2021-06-06T15:46:47.880000,P,0.402,5.328250836100779e-07,9,0.0043563109872803,20210606T080000_9
AV.PVV..SH,2021-06-06T08:04:31.760000,S,0.368,1.3756117596130937e-06,1,8.801560790903385e-05,20210606T080000_1
AV.PVV..SH,2021-06-06T09:27:19.600000,S,0.624,5.572489385485824e-07,2,0.0029237064663253,20210606T080000_2
AV.PVV..SH,2021-06-06T12:18:50.760000,S,0.37,1.182271489597042e-06,4,0.0026082939586778,20210606T080000_4
AV.PVV..SH,2021-06-06T13:56:44.560000,S,0.669,8.555154636269435e-06,6,0.0026082939586778,20210606T080000_6
AV.PVV..SH,2021-06-06T14:12:03.760000,S,0.36,7.452777595062798e-07,7,0.0003778264871749,20210606T080000_7
AV.PVV..SH,2021-06-06T14:12:37.040000,S,0.416,4.985602686247148e-07,-1,-1.0,20210606T080000_-1
AV.PVV..SH,2021-06-06T15:46:51.040000,S,0.334,5.328250836100779e-07,9,0.0001158840742328,20210606T080000_9
AV.S12K..BH,2021-06-06T12:18:31.520000,P,0.382,2.834998440448544e-06,3,0.000229864612929,20210606T080000_3
AV.S12K..BH,2021-06-06T13:56:30.500000,P,0.899,6.343157110677566e-06,5,0.0029237064663253,20210606T080000_5
AV.S12K..BH,2021-06-06T12:19:01.520000,S,0.523,4.095638814760605e-06,4,4.532639282786479e-05,20210606T080000_4
AV.S12K..BH,2021-06-06T13:56:49.180000,S,0.862,4.86544995510485e-05,-1,-1.0,20210606T080000_-1
AV.DEER..BH,2021-06-06T16:00:00.020000,P,0.32,7.692425469940645e-07,-1,-1.0,20210606T160000_-1
AV.DEER..BH,2021-06-06T16:28:05.400000,P,0.562,9.97815845948935e-07,-1,-1.0,20210606T160000_-1
AV.DEER..BH,2021-06-06T17:01:43.560000,P,0.348,1.2035386589559494e-06,2,6.284770997806973e-05,20210606T160000_2
AV.DEER..BH,2021-06-06T17:17:24.720000,P,0.651,2.6627837996784365e-06,3,6.284770997806973e-05,20210606T160000_3
AV.DEER..BH,2021-06-06T17:17:45.100000,P,0.465,8.254590284195729e-06,4,6.284770997806973e-05,20210606T160000_4
AV.DEER..BH,2021-06-06T17:31:54.220000,P,0.361,1.0364512945670867e-06,-1,-1.0,20210606T160000_-1
AV.DEER..BH,2021-06-06T18:22:04.440000,P,0.79,4.638967311620945e-06,8,6.284770997806973e-05,20210606T160000_8
AV.DEER..BH,2021-06-06T18:35:05.340000,P,0.689,1.9312856238684617e-06,-1,-1.0,20210606T160000_-1
AV.DEER..BH,2021-06-06T19:49:09.340000,P,0.386,9.725254130898977e-07,10,6.284770997806973e-05,20210606T160000_10
AV.DEER..BH,2021-06-06T19:49:10.240000,P,0.402,2.347100689803483e-06,-1,-1.0,20210606T160000_-1
AV.DEER..BH,2021-06-06T19:49:54.720000,P,0.417,1.5501560710617923e-06,11,6.284770997806973e-05,20210606T160000_11
AV.DEER..BH,2021-06-06T20:41:19.260000,P,0.966,5.6806488828442525e-06,13,6.284770997806973e-05,20210606T160000_13
AV.DEER..BH,2021-06-06T21:34:56.680000,P,0.92,6.745121936546639e-06,14,6.284770997806973e-05,20210606T160000_14
AV.DEER..BH,2021-06-06T22:17:18.060000,P,0.831,1.724471303532482e-06,17,6.284770997806973e-05,20210606T160000_17
AV.DEER..BH,2021-06-06T17:01:49.840000,S,0.646,1.220137846758007e-06,2,0.0001068540527634,20210606T160000_2
AV.DEER..BH,2021-06-06T17:17:51.280000,S,0.769,8.254590284195729e-06,4,0.0001068540527634,20210606T160000_4
AV.DEER..BH,2021-06-06T18:22:10.720000,S,0.896,4.638967311620945e-06,7,6.284770997806973e-05,20210606T160000_7
AV.DEER..BH,2021-06-06T18:23:21.860000,S,0.843,1.5605638736815308e-06,-1,-1.0,20210606T160000_-1
AV.DEER..BH,2021-06-06T19:49:15.540000,S,0.807,2.347100689803483e-06,10,0.0001068540527634,20210606T160000_10
AV.DEER..BH,2021-06-06T19:50:00.400000,S,0.892,1.5501560710617923e-06,11,0.0001068540527634,20210606T160000_11
AV.DEER..BH,2021-06-06T20:41:28.920000,S,0.961,5.6806488828442525e-06,13,0.0001068540527634,20210606T160000_13
AV.DEER..BH,2021-06-06T21:35:39.000000,S,0.48,3.922333053196781e-05,15,6.284770997806973e-05,20210606T160000_15
AV.DEER..BH,2021-06-06T22:17:24.140000,S,0.712,1.724471303532482e-06,17,0.0001068540527634,20210606T160000_17
AV.DOL..BH,2021-06-06T17:01:21.540000,P,0.962,1.4962807881602205e-06,1,6.284770997806973e-05,20210606T160000_1
AV.DOL..BH,2021-06-06T17:17:23.100000,P,0.97,7.046087830531178e-06,3,0.0001068540527634,20210606T160000_3
AV.DOL..BH,2021-06-06T18:21:42.500000,P,0.98,2.7856274300575024e-06,6,6.284770997806973e-05,20210606T160000_6
AV.DOL..BH,2021-06-06T18:22:53.720000,P,0.92,1.5465103615497355e-06,-1,-1.0,20210606T160000_-1
AV.DOL..BH,2021-06-06T18:35:06.920000,P,0.608,2.1123914848431014e-06,-1,-1.0,20210606T160000_-1
AV.DOL..BH,2021-06-06T19:48:47.360000,P,0.972,1.9091135072812904e-06,9,6.284770997806973e-05,20210606T160000_9
AV.DOL..BH,2021-06-06T19:49:32.160000,P,0.795,1.6649197505103075e-06,-1,-1.0,20210606T160000_-1
AV.DOL..BH,2021-06-06T20:41:20.440000,P,0.918,3.0732185223314445e-06,12,6.284770997806973e-05,20210606T160000_12
AV.DOL..BH,2021-06-06T21:34:54.780000,P,0.941,1.830887049436569e-05,14,0.0001068540527634,20210606T160000_14
AV.DOL..BH,2021-06-06T21:35:33.900000,P,0.749,0.0001772620307747,-1,-1.0,20210606T160000_-1
AV.DOL..BH,2021-06-06T22:16:55.920000,P,0.956,1.5132525277294917e-06,16,6.284770997806973e-05,20210606T160000_16
AV.DOL..BH,2021-06-06T17:01:40.420000,S,0.728,1.521346916888433e-06,2,0.001237768250785,20210606T160000_2
AV.DOL..BH,2021-06-06T17:17:42.060000,S,0.779,1.2613853868970182e-05,-1,-1.0,20210606T160000_-1
AV.DOL..BH,2021-06-06T18:22:01.300000,S,0.783,6.096851393522229e-06,7,0.0001068540527634,20210606T160000_7
AV.DOL..BH,2021-06-06T18:23:12.640000,S,0.705,2.0959580524504418e-06,-1,-1.0,20210606T160000_-1
AV.DOL..BH,2021-06-06T19:49:06.320000,S,0.757,2.678623786778189e-06,10,0.001237768250785,20210606T160000_10
AV.DOL..BH,2021-06-06T19:49:51.840000,S,0.313,2.5139152057818137e-06,-1,-1.0,20210606T160000_-1
AV.DOL..BH,2021-06-06T20:41:30.420000,S,0.819,3.0732185223314445e-06,-1,-1.0,20210606T160000_-1
AV.DOL..BH,2021-06-06T21:35:36.100000,S,0.845,0.0001772620307747,15,0.0001068540527634,20210606T160000_15
AV.DOL..BH,2021-06-06T21:36:30.280000,S,0.32,3.174704943376128e-06,-1,-1.0,20210606T160000_-1
AV.DOL..BH,2021-06-06T22:17:14.880000,S,0.745,2.4451994704577373e-06,17,0.001237768250785,20210606T160000_17
AV.DT1..BH,2021-06-06T17:01:23.960000,P,0.496,9.679400818640715e-07,1,0.0001068540527634,20210606T160000_1
AV.DT1..BH,2021-06-06T17:17:25.480000,P,0.965,6.278506134549389e-06,3,0.001237768250785,20210606T160000_3
AV.DT1..BH,2021-06-06T17:37:06.540000,P,0.546,8.52536231832346e-07,-1,-1.0,20210606T160000_-1
AV.DT1..BH,2021-06-06T18:21:44.860000,P,0.971,2.497212335583754e-06,6,0.0001068540527634,20210606T160000_6
AV.DT1..BH,2021-06-06T18:22:56.140000,P,0.875,1.335723254669574e-06,-1,-1.0,20210606T160000_-1
AV.DT1..BH,2021-06-06T19:48:49.780000,P,0.964,1.7412685338058509e-06,9,0.0001068540527634,20210606T160000_9
AV.DT1..BH,2021-06-06T19:49:56.000000,P,0.6,1.3658825537277153e-06,11,0.001237768250785,20210606T160000_11
AV.DT1..BH,2021-06-06T20:41:20.620000,P,0.974,9.468508324061986e-06,13,0.001237768250785,20210606T160000_13
AV.DT1..BH,2021-06-06T21:34:57.380000,P,0.936,1.8107999494532123e-05,14,0.001237768250785,20210606T160000_14
AV.DT1..BH,2021-06-06T22:16:58.360000,P,0.933,1.3420741424852167e-06,16,0.0001068540527634,20210606T160000_16
AV.DT1..BH,2021-06-06T17:01:44.760000,S,0.658,1.0850399121409282e-06,-1,-1.0,20210606T160000_-1
AV.DT1..BH,2021-06-06T17:17:46.260000,S,0.757,4.922887455904856e-06,4,0.001237768250785,20210606T160000_4
AV.DT1..BH,2021-06-06T18:22:05.600000,S,0.812,4.484556939132744e-06,7,0.001237768250785,20210606T160000_7
AV.DT1..BH,2021-06-06T18:23:16.980000,S,0.59,1.1353450872775284e-06,-1,-1.0,20210606T160000_-1
AV.DT1..BH,2021-06-06T19:49:10.520000,S,0.735,2.3787488316884264e-06,10,0.0067893374419716,20210606T160000_10
AV.DT1..BH,2021-06-06T19:50:05.520000,S,0.506,1.170729433397355e-06,-1,-1.0,20210606T160000_-1
AV.DT1..BH,2021-06-06T20:41:31.360000,S,0.921,9.468508324061986e-06,13,0.0067893374419716,20210606T160000_13
AV.DT1..BH,2021-06-06T21:35:39.620000,S,0.786,4.46036719949916e-05,15,0.001237768250785,20210606T160000_15
AV.DT1..BH,2021-06-06T22:17:19.200000,S,0.628,1.458631800232979e-06,-1,-1.0,20210606T160000_-1
AV.DTN..BH,2021-06-06T17:17:25.980000,P,0.912,3.691009851536364e-06,3,0.0067893374419716,20210606T160000_3
AV.DTN..BH,2021-06-06T18:21:45.320000,P,0.868,2.5642691525717964e-06,6,0.001237768250785,20210606T160000_6
AV.DTN..BH,2021-06-06T19:49:11.440000,P,0.319,2.558453616074985e-06,-1,-1.0,20210606T160000_-1
AV.DTN..BH,2021-06-06T21:34:57.960000,P,0.831,1.7879279766930267e-05,14,0.0067893374419716,20210606T160000_14
AV.DTN..BH,2021-06-06T21:36:24.080000,P,0.363,6.5461540543765295e-06,-1,-1.0,20210606T160000_-1
AV.DTN..BH,2021-06-06T22:16:58.780000,P,0.734,2.4795144781819545e-06,16,0.001237768250785,20210606T160000_16
AV.DTN..BH,2021-06-06T17:17:47.340000,S,0.572,9.10889411898097e-06,4,0.0067893374419716,20210606T160000_4
AV.DTN..BH,2021-06-06T18:22:06.620000,S,0.653,4.972485839971341e-06,7,0.0067893374419716,20210606T160000_7
AV.DTN..BH,2021-06-06T18:22:19.280000,S,0.414,4.937959602102637e-06,-1,-1.0,20210606T160000_-1
AV.DTN..BH,2021-06-06T20:41:32.500000,S,0.792,2.261424697280745e-06,-1,-1.0,20210606T160000_-1
AV.DTN..BH,2021-06-06T21:35:40.160000,S,0.487,8.257098670583218e-05,15,0.0067893374419716,20210606T160000_15
AV.HAG..SH,2021-06-06T16:13:25.560000,P,0.363,8.441379009127559e-07,-1,-1.0,20210606T160000_-1
AV.HAG..SH,2021-06-06T16:15:11.600000,P,0.318,7.83455618602602e-07,-1,-1.0,20210606T160000_-1
AV.HAG..SH,2021-06-06T16:24:00.140000,P,0.415,6.026694450156356e-07,-1,-1.0,20210606T160000_-1
AV.HAG..SH,2021-06-06T16:25:09.400000,P,0.429,9.089059744837868e-07,-1,-1.0,20210606T160000_-1
AV.HAG..SH,2021-06-06T17:01:23.920000,P,0.776,8.249530765169766e-07,1,0.001237768250785,20210606T160000_1
AV.HAG..SH,2021-06-06T17:17:25.520000,P,0.974,6.898921583342599e-06,3,0.0017785073006386,20210606T160000_3
AV.HAG..SH,2021-06-06T17:44:17.360000,P,0.587,4.951449454893009e-07,-1,-1.0,20210606T160000_-1
AV.HAG..SH,2021-06-06T17:45:17.740000,P,0.54,6.599368020943075e-07,-1,-1.0,20210606T160000_-1
AV.HAG..SH,2021-06-06T18:13:42.360000,P,0.324,7.731222240181523e-07,-1,-1.0,20210606T160000_-1
AV.HAG..SH,2021-06-06T18:16:24.300000,P,0.375,5.204903459343768e-07,-1,-1.0,20210606T160000_-1
AV.HAG..SH,2021-06-06T18:21:44.700000,P,0.872,3.03185379380011e-06,6,0.0067893374419716,20210606T160000_6
AV.HAG..SH,2021-06-06T18:27:46.540000,P,0.444,1.2336537338342168e-06,-1,-1.0,20210606T160000_-1
AV.HAG..SH,2021-06-06T18:30:10.160000,P,0.657,6.4994310378097e-07,-1,-1.0,20210606T160000_-1
AV.HAG..SH,2021-06-06T18:31:35.040000,P,0.755,5.208194693295809e-07,-1,-1.0,20210606T160000_-1
AV.HAG..SH,2021-06-06T18:33:02.000000,P,0.362,3.489879816243047e-07,-1,-1.0,20210606T160000_-1
AV.HAG..SH,2021-06-06T19:12:29.520000,P,0.548,6.083677135393373e-07,-1,-1.0,20210606T160000_-1
AV.HAG..SH,2021-06-06T19:12:50.060000,P,0.323,3.683273916976759e-07,-1,-1.0,20210606T160000_-1
AV.HAG..SH,2021-06-06T19:28:42.640000,P,0.541,6.567559580616944e-07,-1,-1.0,20210606T160000_-1
AV.HAG..SH,2021-06-06T19:29:04.380000,P,0.441,7.058189908093482e-07,-1,-1.0,20210606T160000_-1
AV.HAG..SH,2021-06-06T19:48:49.780000,P,0.96,1.4380751736098318e-06,9,0.001237768250785,20210606T160000_9
AV.HAG..SH,2021-06-06T19:49:34.560000,P,0.641,1.1924272484975518e-06,-1,-1.0,20210606T160000_-1
AV.HAG..SH,2021-06-06T20:56:54.300000,P,0.578,1.0135183856618823e-06,-1,-1.0,20210606T160000_-1
AV.HAG..SH,2021-06-06T21:02:00.620000,P,0.307,1.086987595044775e-06,-1,-1.0,20210606T160000_-1
AV.HAG..SH,2021-06-06T21:02:54.460000,P,0.812,5.557217832574679e-07,-1,-1.0,20210606T160000_-1
AV.HAG..SH,2021-06-06T21:31:36.520000,P,0.34,5.100750968267675e-07,-1,-1.0,20210606T160000_-1
AV.HAG..SH,2021-06-06T21:31:41.040000,P,0.443,6.768988782823726e-07,-1,-1.0,20210606T160000_-1
AV.HAG..SH,2021-06-06T21:34:57.160000,P,0.952,1.292334491154179e-05,14,0.0017785073006386,20210606T160000_14
AV.HAG..SH,2021-06-06T22:12:03.580000,P,0.332,1.1356128197803628e-06,-1,-1.0,20210606T160000_-1
AV.HAG..SH,2021-06-06T22:16:58.320000,P,0.968,1.0207728564637364e-06,16,0.0067893374419716,20210606T160000_16
AV.HAG..SH,2021-06-06T22:43:45.900000,P,0.313,4.21914961634684e-07,-1,-1.0,20210606T160000_-1
AV.HAG..SH,2021-06-06T22:49:05.340000,P,0.38,5.615740406028635e-07,-1,-1.0,20210606T160000_-1
AV.HAG..SH,2021-06-06T23:43:46.220000,P,0.4,4.572473528696719e-07,-1,-1.0,20210606T160000_-1
AV.HAG..SH,2021-06-06T23:48:12.280000,P,0.627,5.385824692893948e-07,-1,-1.0,20210606T160000_-1
AV.HAG..SH,2021-06-06T23:51:42.020000,P,0.623,7.868197826610412e-07,-1,-1.0,20210606T160000_-1
AV.HAG..SH,2021-06-06T23:59:07.260000,P,0.33,5.034459036323824e-07,-1,-1.0,20210606T160000_-1
AV.HAG..SH,2021-06-06T16:25:09.480000,S,0.342,9.089059744837868e-07,-1,-1.0,20210606T160000_-1
AV.HAG..SH,2021-06-06T17:01:45.500000,S,0.533,6.373473411258601e-07,2,0.0067893374419716,20210606T160000_2
AV.HAG..SH,2021-06-06T17:17:48.080000,S,0.604,7.804854249116033e-06,4,0.0017785073006386,20210606T160000_4
AV.HAG..SH,2021-06-06T17:27:03.860000,S,0.339,5.932572548772441e-07,-1,-1.0,20210606T160000_-1
AV.HAG..SH,2021-06-06T18:22:06.040000,S,0.322,2.25672602027771e-06,8,0.0001068540527634,20210606T160000_8
AV.HAG..SH,2021-06-06T18:22:07.300000,S,0.364,3.4452107229299145e-06,-1,-1.0,20210606T160000_-1
AV.HAG..SH,2021-06-06T18:27:46.440000,S,0.382,1.2336537338342168e-06,-1,-1.0,20210606T160000_-1
AV.HAG..SH,2021-06-06T18:27:57.600000,S,0.382,8.511228770657908e-07,-1,-1.0,20210606T160000_-1
AV.HAG..SH,2021-06-06T18:30:02.560000,S,0.56,8.036626013563364e-07,-1,-1.0,20210606T160000_-1
AV.HAG..SH,2021-06-06T18:30:14.960000,S,0.376,6.4994310378097e-07,-1,-1.0,20210606T160000_-1
AV.HAG..SH,2021-06-06T18:31:39.320000,S,0.357,5.208194693295809e-07,-1,-1.0,20210606T160000_-1
AV.HAG..SH,2021-06-06T19:31:11.740000,S,0.739,6.592609906874713e-07,-1,-1.0,20210606T160000_-1
AV.HAG..SH,2021-06-06T19:49:12.560000,S,0.437,1.4349235470945132e-06,-1,-1.0,20210606T160000_-1
AV.HAG..SH,2021-06-06T19:56:15.480000,S,0.318,5.620150886898045e-07,-1,-1.0,20210606T160000_-1
AV.HAG..SH,2021-06-06T19:59:10.280000,S,0.368,5.659268822455488e-07,-1,-1.0,20210606T160000_-1
AV.HAG..SH,2021-06-06T20:41:37.160000,S,0.307,1.513401116426394e-06,13,0.0017785073006386,20210606T160000_13
AV.HAG..SH,2021-06-06T21:03:01.600000,S,0.356,6.094074933571392e-07,-1,-1.0,20210606T160000_-1
AV.HAG..SH,2021-06-06T21:04:47.240000,S,0.349,7.45200111396116e-07,-1,-1.0,20210606T160000_-1
AV.HAG..SH,2021-06-06T21:35:40.300000,S,0.753,4.087726847501472e-05,15,0.0017785073006386,20210606T160000_15
AV.HAG..SH,2021-06-06T22:12:07.160000,S,0.318,1.1356128197803628e-06,-1,-1.0,20210606T160000_-1
AV.HAG..SH,2021-06-06T22:13:37.520000,S,0.487,3.172823141994741e-07,-1,-1.0,20210606T160000_-1
AV.HAG..SH,2021-06-06T23:09:47.120000,S,0.483,6.376213832481881e-07,-1,-1.0,20210606T160000_-1
AV.HAG..SH,2021-06-06T23:51:46.480000,S,0.347,7.868197826610412e-07,-1,-1.0,20210606T160000_-1
AV.HAG..SH,2021-06-06T23:56:24.520000,S,0.359,7.334635370170872e-07,-1,-1.0,20210606T160000_-1
AV.PN7A..BH,2021-06-06T17:17:27.640000,P,0.955,4.14717624153127e-06,3,0.0002508793386794,20210606T160000_3
AV.PN7A..BH,2021-06-06T17:31:51.000000,P,0.8,2.118481006618822e-06,-1,-1.0,20210606T160000_-1
AV.PN7A..BH,2021-06-06T18:01:41.400000,P,0.402,2.2623992208536947e-06,5,6.284770997806973e-05,20210606T160000_5
AV.PN7A..BH,2021-06-06T18:21:47.100000,P,0.796,2.300030701007927e-06,6,0.0017785073006386,20210606T160000_6
AV.PN7A..BH,2021-06-06T21:34:59.180000,P,0.794,7.343386641878169e-06,14,0.0002508793386794,20210606T160000_14
AV.PN7A..BH,2021-06-06T16:34:52.080000,S,0.481,3.5601353829406435e-06,-1,-1.0,20210606T160000_-1
AV.PN7A..BH,2021-06-06T17:17:56.160000,S,0.313,5.79933794142562e-06,-1,-1.0,20210606T160000_-1
AV.PN7A..BH,2021-06-06T21:35:42.140000,S,0.386,1.6633763152640313e-05,15,0.0002508793386794,20210606T160000_15
AV.PS1A..BH,2021-06-06T16:10:50.600000,P,0.338,1.558351186758955e-06,-1,-1.0,20210606T160000_-1
AV.PS1A..BH,2021-06-06T17:01:24.040000,P,0.34,2.150051386706764e-06,1,0.0067893374419716,20210606T160000_1
AV.PS1A..BH,2021-06-06T17:17:25.560000,P,0.843,4.414078830450308e-06,3,0.004677079995862,20210606T160000_3
AV.PS1A..BH,2021-06-06T18:01:41.340000,P,0.597,2.6790487481775926e-06,5,0.0001068540527634,20210606T160000_5
AV.PS1A..BH,2021-06-06T18:21:44.860000,P,0.501,2.664061412360752e-06,6,0.0002508793386794,20210606T160000_6
AV.PS1A..BH,2021-06-06T19:44:26.300000,P,0.749,2.16708076550276e-06,-1,-1.0,20210606T160000_-1
AV.PS1A..BH,2021-06-06T20:41:26.060000,P,0.837,3.1437552934221458e-06,13,0.0002508793386794,20210606T160000_13
AV.PS1A..BH,2021-06-06T21:34:56.940000,P,0.789,1.0309524441254324e-05,14,0.004677079995862,20210606T160000_14
AV.PS1A..BH,2021-06-06T21:36:18.880000,P,0.419,8.367846021428704e-06,-1,-1.0,20210606T160000_-1
AV.PS1A..BH,2021-06-06T22:16:58.320000,P,0.437,3.040409865207039e-06,16,0.0017785073006386,20210606T160000_16
AV.PS1A..BH,2021-06-06T23:02:31.340000,P,0.396,2.4338983166671824e-06,-1,-1.0,20210606T160000_-1
AV.PS1A..BH,2021-06-06T17:17:48.280000,S,0.632,9.850385140453e-06,4,0.0002508793386794,20210606T160000_4
AV.PS1A..BH,2021-06-06T18:22:06.000000,S,0.428,4.5369424697128125e-06,8,0.001237768250785,20210606T160000_8
AV.PS1A..BH,2021-06-06T21:35:39.000000,S,0.534,3.639564965851605e-05,15,0.004677079995862,20210606T160000_15
AV.PS1A..BH,2021-06-06T22:17:21.320000,S,0.325,2.729902689679875e-06,17,0.0067893374419716,20210606T160000_17
AV.PS4A..BH,2021-06-06T17:17:25.260000,P,0.877,5.754149697168032e-06,3,0.0007057752027173,20210606T160000_3
AV.PS4A..BH,2021-06-06T18:21:44.940000,P,0.96,2.917005076596979e-06,6,0.004677079995862,20210606T160000_6
AV.PS4A..BH,2021-06-06T19:48:49.840000,P,0.648,1.7700086800687131e-06,9,0.0067893374419716,20210606T160000_9
AV.PS4A..BH,2021-06-06T19:49:55.400000,P,0.332,2.548973043303704e-06,11,0.0067893374419716,20210606T160000_11
AV.PS4A..BH,2021-06-06T21:34:57.080000,P,0.948,1.6641391994198784e-05,14,0.0007057752027173,20210606T160000_14
AV.PS4A..BH,2021-06-06T22:16:58.360000,P,0.632,1.695043806648755e-06,16,0.0002508793386794,20210606T160000_16
AV.PS4A..BH,2021-06-06T18:22:06.140000,S,0.345,6.114129064371809e-06,8,0.0067893374419716,20210606T160000_8
AV.PS4A..BH,2021-06-06T19:49:10.920000,S,0.472,3.250713916713721e-06,-1,-1.0,20210606T160000_-1
AV.PS4A..BH,2021-06-06T19:49:22.280000,S,0.316,3.216119921489735e-06,-1,-1.0,20210606T160000_-1
AV.PS4A..BH,2021-06-06T20:41:17.000000,S,0.312,2.257216920042993e-06,12,0.0001068540527634,20210606T160000_12
AV.PS4A..BH,2021-06-06T20:41:36.440000,S,0.432,2.0168729406577768e-06,13,0.004677079995862,20210606T160000_13
AV.PS4A..BH,2021-06-06T21:35:07.640000,S,0.303,1.5260688087437302e-05,14,0.0008496501545115,20210606T160000_14
AV.PS4A..BH,2021-06-06T21:35:39.420000,S,0.611,5.6243159633595496e-05,15,0.0007057752027173,20210606T160000_15
AV.PV6A..SH,2021-06-06T17:01:26.880000,P,0.369,2.616626204599015e-07,1,0.0017785073006386,20210606T160000_1
AV.PV6A..SH,2021-06-06T17:17:28.300000,P,0.962,3.2053380891738925e-06,3,0.0008496501545115,20210606T160000_3
AV.PV6A..SH,2021-06-06T18:01:40.880000,P,0.626,5.417343231783889e-07,5,0.001237768250785,20210606T160000_5
AV.PV6A..SH,2021-06-06T18:21:47.640000,P,0.923,1.501909196122142e-06,6,0.0007057752027173,20210606T160000_6
AV.PV6A..SH,2021-06-06T19:44:29.280000,P,0.54,2.1230046343134745e-07,-1,-1.0,20210606T160000_-1
AV.PV6A..SH,2021-06-06T19:48:52.720000,P,0.756,7.163778832364187e-07,9,0.0017785073006386,20210606T160000_9
AV.PV6A..SH,2021-06-06T20:41:18.720000,P,0.514,6.374047529789095e-07,12,0.001237768250785,20210606T160000_12
AV.PV6A..SH,2021-06-06T21:34:59.480000,P,0.827,5.667093319061678e-06,14,0.0004823414606842,20210606T160000_14
AV.PV6A..SH,2021-06-06T22:17:01.160000,P,0.848,4.5687846750297467e-07,16,0.004677079995862,20210606T160000_16
AV.PV6A..SH,2021-06-06T18:01:44.920000,S,0.346,5.417343231783889e-07,5,0.0067893374419716,20210606T160000_5
AV.PV6A..SH,2021-06-06T18:22:10.820000,S,0.679,2.215542281192029e-06,8,0.0017785073006386,20210606T160000_8
AV.PV6A..SH,2021-06-06T21:35:03.960000,S,0.352,5.667093319061678e-06,-1,-1.0,20210606T160000_-1
AV.PV6A..SH,2021-06-06T21:35:43.100000,S,0.527,7.485843980248319e-06,15,0.0008496501545115,20210606T160000_15
AV.PV6A..SH,2021-06-06T21:35:43.740000,S,0.306,1.6031353879952803e-05,-1,-1.0,20210606T160000_-1
AV.PV6A..SH,2021-06-06T22:17:26.000000,S,0.702,9.640335747462814e-07,17,0.0017785073006386,20210606T160000_17
AV.PVV..SH,2021-06-06T17:01:23.640000,P,0.356,1.6563885196774208e-07,1,0.0002508793386794,20210606T160000_1
AV.PVV..SH,2021-06-06T17:01:24.360000,P,0.898,3.627471016898199e-07,-1,-1.0,20210606T160000_-1
AV.PVV..SH,2021-06-06T17:17:25.100000,P,0.964,2.7003159175365e-06,3,0.0004823414606842,20210606T160000_3
AV.PVV..SH,2021-06-06T18:01:42.140000,P,0.613,2.3711767482836882e-07,5,0.0017785073006386,20210606T160000_5
AV.PVV..SH,2021-06-06T18:21:44.520000,P,0.915,1.203020588036452e-06,6,0.0008496501545115,20210606T160000_6
AV.PVV..SH,2021-06-06T18:22:56.320000,P,0.524,3.471777461072634e-07,-1,-1.0,20210606T160000_-1
AV.PVV..SH,2021-06-06T18:35:08.160000,P,0.442,2.158697753884553e-07,-1,-1.0,20210606T160000_-1
AV.PVV..SH,2021-06-06T18:39:44.240000,P,0.559,1.9842120480007005e-07,-1,-1.0,20210606T160000_-1
AV.PVV..SH,2021-06-06T19:44:26.260000,P,0.714,2.437307671243616e-07,-1,-1.0,20210606T160000_-1
AV.PVV..SH,2021-06-06T19:48:49.560000,P,0.852,6.087839210522361e-07,9,0.0002508793386794,20210606T160000_9
AV.PVV..SH,2021-06-06T20:41:25.440000,P,0.309,5.998209076096828e-07,13,0.0007057752027173,20210606T160000_13
AV.PVV..SH,2021-06-06T21:34:56.600000,P,0.946,6.274618044699309e-06,14,0.0005233402601208,20210606T160000_14
AV.PVV..SH,2021-06-06T22:16:57.920000,P,0.641,5.456645908452629e-07,16,0.0007057752027173,20210606T160000_16
AV.PVV..SH,2021-06-06T23:28:48.620000,P,0.629,4.19555391317772e-07,-1,-1.0,20210606T160000_-1
AV.PVV..SH,2021-06-06T17:01:45.600000,S,0.574,2.9826404102095694e-07,2,0.0017785073006386,20210606T160000_2
AV.PVV..SH,2021-06-06T18:23:18.080000,S,0.377,3.467741862550611e-07,-1,-1.0,20210606T160000_-1
AV.PVV..SH,2021-06-06T19:49:03.760000,S,0.344,6.582923788300832e-07,10,0.0017785073006386,20210606T160000_10
AV.PVV..SH,2021-06-06T20:41:18.080000,S,0.362,4.300051159589202e-07,12,0.0067893374419716,20210606T160000_12
AV.PVV..SH,2021-06-06T20:41:37.180000,S,0.682,6.874532232359343e-07,13,0.0008496501545115,20210606T160000_13
AV.PVV..SH,2021-06-06T21:35:39.360000,S,0.619,9.418031368113589e-06,15,0.0004823414606842,20210606T160000_15
AV.PVV..SH,2021-06-06T22:17:11.880000,S,0.365,5.087447902951681e-07,-1,-1.0,20210606T160000_-1
AV.PVV..SH,2021-06-06T23:28:38.560000,S,0.346,3.863218580590911e-07,-1,-1.0,20210606T160000_-1
AV.PVV..SH,2021-06-06T23:28:53.700000,S,0.741,4.19555391317772e-07,-1,-1.0,20210606T160000_-1
AV.S12K..BH,2021-06-06T16:55:14.360000,P,0.347,3.827635737252422e-06,-1,-1.0,20210606T160000_-1
AV.S12K..BH,2021-06-06T17:17:30.840000,P,0.657,4.567003998090513e-06,3,0.0005233402601208,20210606T160000_3
AV.S12K..BH,2021-06-06T18:21:56.200000,P,0.323,3.95109100281843e-06,7,0.0017785073006386,20210606T160000_7
AV.S12K..BH,2021-06-06T21:35:01.360000,P,0.893,8.40980101202149e-06,14,0.0022569219858559,20210606T160000_14
AV.S12K..BH,2021-06-06T22:50:22.340000,P,0.331,2.808451199598494e-06,-1,-1.0,20210606T160000_-1
AV.S12K..BH,2021-06-06T16:55:24.980000,S,0.408,3.448355073487619e-06,-1,-1.0,20210606T160000_-1
AV.S12K..BH,2021-06-06T17:17:56.240000,S,0.533,9.738387234392576e-06,-1,-1.0,20210606T160000_-1
AV.S12K..BH,2021-06-06T18:22:16.120000,S,0.659,5.081918970972765e-06,8,0.0002508793386794,20210606T160000_8
AV.S12K..BH,2021-06-06T21:35:13.560000,S,0.39,7.634818757651374e-06,-1,-1.0,20210606T160000_-1
AV.S12K..BH,2021-06-06T21:35:46.140000,S,0.705,3.710546297952533e-05,-1,-1.0,20210606T160000_-1
AV.S12K..BH,2021-06-06T22:15:03.400000,S,0.351,2.4874721020751167e-06,-1,-1.0,20210606T160000_-1
AV.S12K..BH,2021-06-06T22:26:45.960000,S,0.372,3.3271726351813413e-06,-1,-1.0,20210606T160000_-1
AV.S12K..BH,2021-06-06T22:50:28.960000,S,0.424,2.993120006067329e-06,-1,-1.0,20210606T160000_-1
AV.DEER..BH,2021-06-07T03:32:17.400000,P,0.406,2.1235321128187934e-06,6,0.0021736743628034,20210607T000000_6
AV.DEER..BH,2021-06-07T05:38:02.640000,P,0.399,1.192229547086754e-06,-1,-1.0,20210607T000000_-1
AV.DEER..BH,2021-06-07T01:28:32.700000,S,0.756,1.4039887901162729e-06,-1,-1.0,20210607T000000_-1
AV.DEER..BH,2021-06-07T03:32:23.480000,S,0.84,2.1235321128187934e-06,6,0.0003828999858668,20210607T000000_6
AV.DEER..BH,2021-06-07T05:38:09.540000,S,0.691,1.3837479855283163e-06,-1,-1.0,20210607T000000_-1
AV.DOL..BH,2021-06-07T00:29:19.040000,P,0.647,1.541972665108915e-06,2,0.0021736743628034,20210607T000000_2
AV.DOL..BH,2021-06-07T03:31:55.300000,P,0.975,2.2725366761733312e-06,5,0.0021736743628034,20210607T000000_5
AV.DOL..BH,2021-06-07T00:29:36.800000,S,0.635,2.7700382361217635e-06,3,0.0021736743628034,20210607T000000_3
AV.DOL..BH,2021-06-07T03:32:14.180000,S,0.722,2.953532430183259e-06,-1,-1.0,20210607T000000_-1
AV.DOL..BH,2021-06-07T05:06:47.500000,S,0.728,3.858543550450122e-06,-1,-1.0,20210607T000000_-1
AV.DT1..BH,2021-06-07T00:29:21.720000,P,0.717,1.029871327773435e-06,2,0.0003828999858668,20210607T000000_2
AV.DT1..BH,2021-06-07T01:28:06.760000,P,0.336,1.031762167258421e-06,-1,-1.0,20210607T000000_-1
AV.DT1..BH,2021-06-07T03:31:57.660000,P,0.948,1.327571226283908e-06,5,0.0003828999858668,20210607T000000_5
AV.DT1..BH,2021-06-07T05:06:36.280000,P,0.842,1.5226356708808453e-06,-1,-1.0,20210607T000000_-1
AV.DT1..BH,2021-06-07T06:33:08.600000,P,0.502,1.2175406709502568e-06,-1,-1.0,20210607T000000_-1
AV.DT1..BH,2021-06-07T00:29:41.940000,S,0.826,1.313123902946245e-06,3,0.0003828999858668,20210607T000000_3
AV.DT1..BH,2021-06-07T01:28:27.680000,S,0.323,1.039887706610898e-06,-1,-1.0,20210607T000000_-1
AV.DT1..BH,2021-06-07T03:32:18.420000,S,0.83,1.6481653801747598e-06,-1,-1.0,20210607T000000_-1
AV.DT1..BH,2021-06-07T05:06:50.340000,S,0.777,1.1647467772490927e-06,-1,-1.0,20210607T000000_-1
AV.DT1..BH,2021-06-07T06:33:23.520000,S,0.432,1.097084350476507e-06,-1,-1.0,20210607T000000_-1
AV.DTN..BH,2021-06-07T00:29:22.140000,P,0.527,2.3202624106488656e-06,2,0.0015656993158094,20210607T000000_2
AV.HAG..SH,2021-06-07T00:05:50.920000,P,0.411,5.947883892076788e-07,-1,-1.0,20210607T000000_-1
AV.HAG..SH,2021-06-07T00:18:59.800000,P,0.855,9.526418125460624e-07,-1,-1.0,20210607T000000_-1
AV.HAG..SH,2021-06-07T00:27:50.800000,P,0.335,5.546597208194726e-07,-1,-1.0,20210607T000000_-1
AV.HAG..SH,2021-06-07T00:28:46.640000,P,0.32,9.224295922649616e-07,-1,-1.0,20210607T000000_-1
AV.HAG..SH,2021-06-07T00:29:21.200000,P,0.774,1.3445842341752725e-06,2,0.0026283865335194,20210607T000000_2
AV.HAG..SH,2021-06-07T00:35:55.920000,P,0.448,4.642855060410511e-07,-1,-1.0,20210607T000000_-1
AV.HAG..SH,2021-06-07T00:43:17.200000,P,0.359,5.064429160483996e-07,-1,-1.0,20210607T000000_-1
AV.HAG..SH,2021-06-07T00:54:13.100000,P,0.307,5.16501188485563e-07,-1,-1.0,20210607T000000_-1
AV.HAG..SH,2021-06-07T01:28:06.800000,P,0.634,7.614748369633162e-07,-1,-1.0,20210607T000000_-1
AV.HAG..SH,2021-06-07T01:42:04.800000,P,0.328,6.207085903042753e-07,-1,-1.0,20210607T000000_-1
AV.HAG..SH,2021-06-07T01:42:20.640000,P,0.309,3.493053100100952e-07,-1,-1.0,20210607T000000_-1
AV.HAG..SH,2021-06-07T02:14:16.960000,P,0.449,6.300352879407001e-07,-1,-1.0,20210607T000000_-1
AV.HAG..SH,2021-06-07T03:31:57.660000,P,0.977,1.0024613175119157e-06,5,0.0015656993158094,20210607T000000_5
AV.HAG..SH,2021-06-07T03:42:30.660000,P,0.604,4.93564868975227e-07,-1,-1.0,20210607T000000_-1
AV.HAG..SH,2021-06-07T04:16:56.200000,P,0.346,7.816017841832945e-07,-1,-1.0,20210607T000000_-1
AV.HAG..SH,2021-06-07T05:13:48.760000,P,0.318,6.823781291132036e-07,-1,-1.0,20210607T000000_-1
AV.HAG..SH,2021-06-07T05:17:58.240000,P,0.358,8.534146900274209e-07,-1,-1.0,20210607T000000_-1
AV.HAG..SH,2021-06-07T05:26:11.280000,P,0.312,9.3050516625226e-07,-1,-1.0,20210607T000000_-1
AV.HAG..SH,2021-06-07T05:26:52.560000,P,0.443,1.1605910685830167e-06,-1,-1.0,20210607T000000_-1
AV.HAG..SH,2021-06-07T05:51:22.440000,P,0.399,6.702271662106796e-07,-1,-1.0,20210607T000000_-1
AV.HAG..SH,2021-06-07T06:20:44.880000,P,0.44,6.988865379753406e-07,-1,-1.0,20210607T000000_-1
AV.HAG..SH,2021-06-07T06:37:01.620000,P,0.302,7.760061748740554e-07,-1,-1.0,20210607T000000_-1
AV.HAG..SH,2021-06-07T00:19:03.580000,S,0.658,7.819575671419443e-07,-1,-1.0,20210607T000000_-1
AV.HAG..SH,2021-06-07T00:27:58.400000,S,0.519,5.546597208194726e-07,-1,-1.0,20210607T000000_-1
AV.HAG..SH,2021-06-07T00:29:42.400000,S,0.436,1.191241608466953e-06,3,0.0015656993158094,20210607T000000_3
AV.HAG..SH,2021-06-07T00:39:11.040000,S,0.377,8.95278219559259e-07,-1,-1.0,20210607T000000_-1
AV.HAG..SH,2021-06-07T01:42:09.120000,S,0.307,6.207085903042753e-07,-1,-1.0,20210607T000000_-1
AV.HAG..SH,2021-06-07T02:08:02.280000,S,0.312,8.505749065079726e-07,-1,-1.0,20210607T000000_-1
AV.HAG..SH,2021-06-07T02:15:45.520000,S,0.303,5.311280233399884e-07,-1,-1.0,20210607T000000_-1
AV.HAG..SH,2021-06-07T02:17:03.240000,S,0.368,6.572630582013517e-07,4,0.0021736743628034,20210607T000000_4
AV.HAG..SH,2021-06-07T02:41:46.740000,S,0.845,5.570319672187907e-07,-1,-1.0,20210607T000000_-1
AV.HAG..SH,2021-06-07T03:32:19.160000,S,0.576,1.422549644303217e-06,6,0.0015656993158094,20210607T000000_6
AV.HAG..SH,2021-06-07T04:16:59.260000,S,0.395,7.816017841832945e-07,-1,-1.0,20210607T000000_-1
AV.HAG..SH,2021-06-07T05:17:58.320000,S,0.305,8.534146900274209e-07,-1,-1.0,20210607T000000_-1
AV.HAG..SH,2021-06-07T05:27:58.680000,S,0.369,8.426470117228746e-07,-1,-1.0,20210607T000000_-1
AV.HAG..SH,2021-06-07T05:51:25.760000,S,0.526,6.702271662106796e-07,-1,-1.0,20210607T000000_-1
AV.PN7A..BH,2021-06-07T00:00:00.020000,P,0.479,1.807524313335307e-06,-1,-1.0,20210607T000000_-1
AV.PN7A..BH,2021-06-07T01:23:52.220000,P,0.847,7.102688869053964e-06,-1,-1.0,20210607T000000_-1
AV.PN7A..BH,2021-06-07T01:23:55.980000,S,0.623,7.102688869053964e-06,-1,-1.0,20210607T000000_-1
AV.PN7A..BH,2021-06-07T06:11:00.220000,S,0.425,3.295048600193695e-06,8,0.0021736743628034,20210607T000000_8
AV.PS1A..BH,2021-06-07T00:00:00.020000,P,0.335,2.6089974198839627e-06,-1,-1.0,20210607T000000_-1
AV.PS1A..BH,2021-06-07T00:29:20.760000,P,0.393,2.147328586943331e-06,2,0.0006510432168092,20210607T000000_2
AV.PS1A..BH,2021-06-07T01:28:07.080000,P,0.617,4.994719347450882e-06,-1,-1.0,20210607T000000_-1
AV.PS1A..BH,2021-06-07T03:31:57.800000,P,0.479,3.933031166525325e-06,5,0.0026283865335194,20210607T000000_5
AV.PS1A..BH,2021-06-07T03:42:29.800000,P,0.414,4.3174986785743386e-06,-1,-1.0,20210607T000000_-1
AV.PS1A..BH,2021-06-07T04:16:11.420000,P,0.395,2.898057573474944e-06,-1,-1.0,20210607T000000_-1
AV.PS1A..BH,2021-06-07T05:37:42.780000,P,0.714,3.5335301618033554e-06,7,0.0021736743628034,20210607T000000_7
AV.PS4A..BH,2021-06-07T00:29:21.000000,P,0.763,2.5854160412563942e-06,2,0.0183695645966268,20210607T000000_2
AV.PS4A..BH,2021-06-07T00:29:41.280000,S,0.379,2.845998551492812e-06,3,0.0026283865335194,20210607T000000_3
AV.PS4A..BH,2021-06-07T02:17:01.800000,S,0.33,5.3093917813384905e-06,4,0.0003828999858668,20210607T000000_4
AV.PS4A..BH,2021-06-07T06:11:00.160000,S,0.478,4.577685103868134e-06,8,0.0003828999858668,20210607T000000_8
AV.PS4A..BH,2021-06-07T07:56:26.980000,S,0.315,2.82333348877728e-06,-1,-1.0,20210607T000000_-1
AV.PV6A..SH,2021-06-07T00:09:29.100000,P,0.365,5.445422743832751e-07,1,0.0021736743628034,20210607T000000_1
AV.PV6A..SH,2021-06-07T00:29:23.620000,P,0.791,6.063976911718783e-07,2,0.0105867020623417,20210607T000000_2
AV.PV6A..SH,2021-06-07T00:30:22.380000,P,0.306,2.979145108383819e-07,-1,-1.0,20210607T000000_-1
AV.PV6A..SH,2021-06-07T01:23:59.240000,P,0.381,3.350608892560558e-07,-1,-1.0,20210607T000000_-1
AV.PV6A..SH,2021-06-07T02:10:15.500000,P,0.409,4.231816603805784e-07,-1,-1.0,20210607T000000_-1
AV.PV6A..SH,2021-06-07T02:17:01.280000,P,0.345,1.456469703953189e-06,4,0.0015656993158094,20210607T000000_4
AV.PV6A..SH,2021-06-07T03:32:00.640000,P,0.699,5.218920478000655e-07,5,0.0006510432168092,20210607T000000_5
AV.PV6A..SH,2021-06-07T03:42:33.340000,P,0.349,2.740490856467659e-07,-1,-1.0,20210607T000000_-1
AV.PV6A..SH,2021-06-07T04:16:14.400000,P,0.426,2.568552304182959e-07,-1,-1.0,20210607T000000_-1
AV.PV6A..SH,2021-06-07T05:06:40.780000,P,0.587,3.474773393463693e-07,-1,-1.0,20210607T000000_-1
AV.PV6A..SH,2021-06-07T05:37:45.580000,P,0.933,4.505775450525107e-07,7,0.0003828999858668,20210607T000000_7
AV.PV6A..SH,2021-06-07T06:10:59.280000,P,0.346,1.1256529433012474e-06,8,0.0015656993158094,20210607T000000_8
AV.PV6A..SH,2021-06-07T06:34:18.040000,P,0.649,3.1975531555872294e-07,-1,-1.0,20210607T000000_-1
AV.PV6A..SH,2021-06-07T00:09:34.840000,S,0.334,5.445422743832751e-07,1,0.0003828999858668,20210607T000000_1
AV.PV6A..SH,2021-06-07T00:29:45.360000,S,0.822,7.602078540003276e-07,3,0.0006510432168092,20210607T000000_3
AV.PV6A..SH,2021-06-07T01:24:02.680000,S,0.303,3.350608892560558e-07,-1,-1.0,20210607T000000_-1
AV.PV6A..SH,2021-06-07T01:28:32.780000,S,0.715,6.042304789843911e-07,-1,-1.0,20210607T000000_-1
AV.PV6A..SH,2021-06-07T02:17:06.760000,S,0.336,6.888266739224491e-07,4,0.0026283865335194,20210607T000000_4
AV.PV6A..SH,2021-06-07T02:17:07.960000,S,0.341,1.456469703953189e-06,-1,-1.0,20210607T000000_-1
AV.PV6A..SH,2021-06-07T03:32:23.680000,S,0.394,9.955782616088982e-07,6,0.0026283865335194,20210607T000000_6
AV.PV6A..SH,2021-06-07T04:16:34.900000,S,0.712,3.187888637512515e-07,-1,-1.0,20210607T000000_-1
AV.PV6A..SH,2021-06-07T04:37:44.080000,S,0.449,4.211937323361781e-07,-1,-1.0,20210607T000000_-1
AV.PV6A..SH,2021-06-07T05:06:59.040000,S,0.66,3.7114909900992643e-07,-1,-1.0,20210607T000000_-1
AV.PV6A..SH,2021-06-07T05:37:51.600000,S,0.743,5.110682081976847e-07,7,0.0015656993158094,20210607T000000_7
AV.PV6A..SH,2021-06-07T05:38:10.080000,S,0.558,5.088190278002003e-07,-1,-1.0,20210607T000000_-1
AV.PV6A..SH,2021-06-07T05:41:21.400000,S,0.365,2.7568748350859096e-07,-1,-1.0,20210607T000000_-1
AV.PV6A..SH,2021-06-07T05:41:40.160000,S,0.506,2.838819739281462e-07,-1,-1.0,20210607T000000_-1
AV.PV6A..SH,2021-06-07T06:11:06.200000,S,0.466,1.1256529433012474e-06,8,0.0026283865335194,20210607T000000_8
AV.PVV..SH,2021-06-07T00:09:25.920000,P,0.802,3.978212532729232e-07,1,0.0015656993158094,20210607T000000_1
AV.PVV..SH,2021-06-07T00:29:20.500000,P,0.947,4.944189413436106e-07,2,0.0055632668336561,20210607T000000_2
AV.PVV..SH,2021-06-07T01:28:07.080000,P,0.542,3.046431800157734e-07,-1,-1.0,20210607T000000_-1
AV.PVV..SH,2021-06-07T01:28:27.640000,P,0.413,3.199300806500105e-07,-1,-1.0,20210607T000000_-1
AV.PVV..SH,2021-06-07T02:16:58.720000,P,0.504,1.2880045687779784e-06,4,0.0006510432168092,20210607T000000_4
AV.PVV..SH,2021-06-07T03:31:57.500000,P,0.474,2.3709785068604106e-07,5,0.0183695645966268,20210607T000000_5
AV.PVV..SH,2021-06-07T03:31:58.160000,P,0.626,4.607001073964057e-07,-1,-1.0,20210607T000000_-1
AV.PVV..SH,2021-06-07T04:16:11.280000,P,0.694,2.4588143787696026e-07,-1,-1.0,20210607T000000_-1
AV.PVV..SH,2021-06-07T05:06:37.480000,P,0.42,2.828939784649265e-07,-1,-1.0,20210607T000000_-1
AV.PVV..SH,2021-06-07T05:37:42.560000,P,0.384,3.622829467531119e-07,7,0.0026283865335194,20210607T000000_7
AV.PVV..SH,2021-06-07T06:10:57.420000,P,0.386,9.532321314509318e-07,8,0.0006510432168092,20210607T000000_8
AV.PVV..SH,2021-06-07T06:34:15.020000,P,0.433,2.914305241574766e-07,-1,-1.0,20210607T000000_-1
AV.PVV..SH,2021-06-07T07:56:26.860000,P,0.705,3.415958076402603e-07,-1,-1.0,20210607T000000_-1
AV.PVV..SH,2021-06-07T00:09:31.960000,S,0.325,3.978212532729232e-07,1,0.0026283865335194,20210607T000000_1
AV.PVV..SH,2021-06-07T00:29:40.720000,S,0.42,4.656734802210849e-07,3,0.0183695645966268,20210607T000000_3
AV.PVV..SH,2021-06-07T03:32:19.680000,S,0.375,5.923848789279873e-07,-1,-1.0,20210607T000000_-1
AV.PVV..SH,2021-06-07T05:06:53.000000,S,0.371,2.421012084141694e-07,-1,-1.0,20210607T000000_-1
AV.PVV..SH,2021-06-07T05:37:48.360000,S,0.532,3.622829467531119e-07,7,0.0006510432168092,20210607T000000_7
AV.PVV..SH,2021-06-07T06:11:00.640000,S,0.341,4.904894694846007e-07,8,0.0183695645966268,20210607T000000_8
AV.PVV..SH,2021-06-07T06:11:04.120000,S,0.484,9.532321314509318e-07,-1,-1.0,20210607T000000_-1
AV.PVV..SH,2021-06-07T07:56:31.320000,S,0.407,3.415958076402603e-07,-1,-1.0,20210607T000000_-1
AV.DEER..BH,2021-06-07T12:13:08.680000,P,0.984,2.5502731659798883e-06,3,0.0078494942190477,20210607T080000_3
AV.DEER..BH,2021-06-07T12:28:41.000000,P,0.611,7.887075526014087e-07,5,0.0078494942190477,20210607T080000_5
AV.DEER..BH,2021-06-07T12:45:13.900000,P,0.949,8.465226528642233e-07,7,0.0078494942190477,20210607T080000_7
AV.DEER..BH,2021-06-07T13:10:40.360000,P,0.417,8.728804345992103e-07,-1,-1.0,20210607T080000_-1
AV.DEER..BH,2021-06-07T12:13:22.220000,S,0.894,9.716424756334163e-06,2,0.0078494942190477,20210607T080000_2
AV.DEER..BH,2021-06-07T12:28:54.360000,S,0.367,6.532605425491056e-07,5,0.0045711019610791,20210607T080000_5
AV.DEER..BH,2021-06-07T12:28:55.560000,S,0.344,1.1667892749755993e-06,-1,-1.0,20210607T080000_-1
AV.DEER..BH,2021-06-07T12:45:28.640000,S,0.682,2.522896693335497e-06,7,0.0045711019610791,20210607T080000_7
AV.DEER..BH,2021-06-07T13:10:50.380000,S,0.474,8.715120998203929e-07,-1,-1.0,20210607T080000_-1
AV.DOL..BH,2021-06-07T12:13:08.120000,P,0.963,6.747380211891141e-06,2,0.0045711019610791,20210607T080000_2
AV.DOL..BH,2021-06-07T12:19:21.720000,P,0.475,9.76052774603886e-07,-1,-1.0,20210607T080000_-1
AV.DOL..BH,2021-06-07T12:28:40.280000,P,0.888,1.3570413557317806e-06,5,0.0067318723978772,20210607T080000_5
AV.DOL..BH,2021-06-07T12:45:12.520000,P,0.94,1.6014156472010654e-06,7,0.0067318723978772,20210607T080000_7
AV.DOL..BH,2021-06-07T13:53:48.300000,P,0.644,1.0237694141324027e-06,8,0.0078494942190477,20210607T080000_8
AV.DOL..BH,2021-06-07T12:13:21.040000,S,0.878,1.4891063074173871e-05,3,0.0045711019610791,20210607T080000_3
AV.DOL..BH,2021-06-07T12:19:35.200000,S,0.342,1.3600073316411e-06,-1,-1.0,20210607T080000_-1
AV.DOL..BH,2021-06-07T12:28:53.220000,S,0.638,1.434699811397877e-06,5,0.0001455309288881,20210607T080000_5
AV.DOL..BH,2021-06-07T12:45:26.880000,S,0.555,1.310352558903105e-06,6,0.0078494942190477,20210607T080000_6
AV.DOL..BH,2021-06-07T13:50:59.420000,S,0.338,1.6931800246311468e-06,-1,-1.0,20210607T080000_-1
AV.DOL..BH,2021-06-07T13:54:06.960000,S,0.804,2.228191078756936e-06,9,0.0078494942190477,20210607T080000_9
AV.DT1..BH,2021-06-07T12:13:09.660000,P,0.965,5.687335487891687e-06,3,0.0067318723978772,20210607T080000_3
AV.DT1..BH,2021-06-07T12:45:13.260000,P,0.551,1.24528230571741e-06,7,0.0001455309288881,20210607T080000_7
AV.DT1..BH,2021-06-07T12:13:24.100000,S,0.767,6.367911282723071e-06,2,0.0067318723978772,20210607T080000_2
AV.DT1..BH,2021-06-07T12:45:29.140000,S,0.428,1.6508860198882758e-06,6,0.0045711019610791,20210607T080000_6
AV.DT1..BH,2021-06-07T13:54:12.000000,S,0.621,1.009361653814267e-06,9,0.0045711019610791,20210607T080000_9
AV.DTN..BH,2021-06-07T12:13:10.400000,P,0.822,3.6179756079945946e-06,3,0.0001455309288881,20210607T080000_3
AV.DTN..BH,2021-06-07T13:17:16.540000,P,0.644,1.6693201132511604e-06,-1,-1.0,20210607T080000_-1
AV.DTN..BH,2021-06-07T13:53:52.120000,P,0.528,2.560301936682663e-06,8,0.0045711019610791,20210607T080000_8
AV.DTN..BH,2021-06-07T14:44:23.660000,P,0.722,1.542665700071666e-06,-1,-1.0,20210607T080000_-1
AV.DTN..BH,2021-06-07T12:13:25.020000,S,0.786,7.952431587909814e-06,2,0.0001455309288881,20210607T080000_2
AV.HAG..SH,2021-06-07T08:26:18.080000,P,0.314,7.06083710610983e-07,-1,-1.0,20210607T080000_-1
AV.HAG..SH,2021-06-07T11:39:35.580000,P,0.676,4.826368922294932e-07,-1,-1.0,20210607T080000_-1
AV.HAG..SH,2021-06-07T12:13:10.820000,P,0.972,4.156231625529472e-06,2,0.0044850258279526,20210607T080000_2
AV.HAG..SH,2021-06-07T12:45:12.380000,P,0.32,5.573671728598129e-07,7,0.0044850258279526,20210607T080000_7
AV.HAG..SH,2021-06-07T13:53:51.120000,P,0.693,7.934600034786854e-07,8,0.0067318723978772,20210607T080000_8
AV.HAG..SH,2021-06-07T08:26:28.540000,S,0.66,7.06083710610983e-07,-1,-1.0,20210607T080000_-1
AV.HAG..SH,2021-06-07T12:13:27.100000,S,0.349,4.591330707626184e-06,4,0.0078494942190477,20210607T080000_4
AV.HAG..SH,2021-06-07T12:45:27.360000,S,0.448,4.66476535621041e-07,-1,-1.0,20210607T080000_-1
AV.HAG..SH,2021-06-07T13:54:11.840000,S,0.633,1.114358951781469e-06,9,0.0067318723978772,20210607T080000_9
AV.HAG..SH,2021-06-07T15:17:48.480000,S,0.743,1.0113050166182802e-06,-1,-1.0,20210607T080000_-1
AV.PN7A..BH,2021-06-07T12:13:13.340000,P,0.765,2.3455856990040047e-06,2,0.0020209747804062,20210607T080000_2
AV.PN7A..BH,2021-06-07T12:45:12.560000,P,0.458,1.995625552808633e-06,6,0.0067318723978772,20210607T080000_6
AV.PN7A..BH,2021-06-07T08:26:23.720000,S,0.395,4.52256199423573e-06,-1,-1.0,20210607T080000_-1
AV.PN7A..BH,2021-06-07T12:13:30.620000,S,0.339,2.6577060907584382e-06,4,0.0045711019610791,20210607T080000_4
AV.PS1A..BH,2021-06-07T08:00:00.020000,P,0.605,3.275950348324841e-06,-1,-1.0,20210607T080000_-1
AV.PS1A..BH,2021-06-07T12:13:11.540000,P,0.941,2.535058001740253e-06,2,0.0018072881854524,20210607T080000_2
AV.PS1A..BH,2021-06-07T12:45:12.120000,P,0.924,2.362735131100635e-06,7,0.0020209747804062,20210607T080000_7
AV.PS1A..BH,2021-06-07T13:53:50.700000,P,0.732,3.208252110198373e-06,8,0.0001455309288881,20210607T080000_8
AV.PS1A..BH,2021-06-07T15:17:44.320000,P,0.471,3.740846750588389e-06,-1,-1.0,20210607T080000_-1
AV.PS1A..BH,2021-06-07T12:13:27.260000,S,0.8,4.926504971081158e-06,4,0.0067318723978772,20210607T080000_4
AV.PS4A..BH,2021-06-07T12:13:11.020000,P,0.882,5.93446475249948e-06,2,0.0021427891260226,20210607T080000_2
AV.PS4A..BH,2021-06-07T15:17:43.360000,P,0.541,5.900862561247777e-06,-1,-1.0,20210607T080000_-1
AV.PS4A..BH,2021-06-07T08:26:25.120000,S,0.383,6.826029220974306e-06,1,0.0078494942190477,20210607T080000_1
AV.PS4A..BH,2021-06-07T12:13:26.420000,S,0.69,7.792174073983915e-06,4,0.0001455309288881,20210607T080000_4
AV.PS4A..BH,2021-06-07T12:59:25.120000,S,0.555,3.854457190755056e-06,-1,-1.0,20210607T080000_-1
AV.PS4A..BH,2021-06-07T13:54:10.880000,S,0.569,2.7894930099137127e-06,9,0.0001455309288881,20210607T080000_9
AV.PV6A..SH,2021-06-07T08:26:25.200000,P,0.626,1.3724795735470252e-06,1,0.0045711019610791,20210607T080000_1
AV.PV6A..SH,2021-06-07T12:13:14.180000,P,0.963,1.115546865548822e-06,2,0.0001066375876165,20210607T080000_2
AV.PV6A..SH,2021-06-07T12:45:12.300000,P,0.967,3.106227381977078e-07,6,0.0001455309288881,20210607T080000_6
AV.PV6A..SH,2021-06-07T13:53:53.600000,P,0.709,3.4141336868742655e-07,8,0.0044850258279526,20210607T080000_8
AV.PV6A..SH,2021-06-07T15:17:45.180000,P,0.411,2.119245436915662e-06,-1,-1.0,20210607T080000_-1
AV.PV6A..SH,2021-06-07T15:56:45.000000,P,0.511,3.801095829203405e-07,-1,-1.0,20210607T080000_-1
AV.PV6A..SH,2021-06-07T08:26:31.600000,S,0.474,1.3724795735470252e-06,1,0.0067318723978772,20210607T080000_1
AV.PV6A..SH,2021-06-07T12:13:32.200000,S,0.536,2.026861920967349e-06,4,0.0044850258279526,20210607T080000_4
AV.PV6A..SH,2021-06-07T12:45:17.360000,S,0.599,3.106227381977078e-07,6,0.0044850258279526,20210607T080000_6
AV.PV6A..SH,2021-06-07T13:51:03.980000,S,0.713,2.8811200536438264e-07,-1,-1.0,20210607T080000_-1
AV.PV6A..SH,2021-06-07T13:54:15.280000,S,0.767,7.770965453346435e-07,9,0.0044850258279526,20210607T080000_9
AV.PV6A..SH,2021-06-07T15:17:51.800000,S,0.346,2.119245436915662e-06,-1,-1.0,20210607T080000_-1
AV.PV6A..SH,2021-06-07T15:56:48.480000,S,0.451,3.801095829203405e-07,-1,-1.0,20210607T080000_-1
AV.PVV..SH,2021-06-07T08:26:23.640000,P,0.522,1.0395735898782732e-06,1,0.0001455309288881,20210607T080000_1
AV.PVV..SH,2021-06-07T12:13:10.920000,P,0.977,1.3111533689880162e-06,2,0.0145652233849084,20210607T080000_2
AV.PVV..SH,2021-06-07T12:45:12.060000,P,0.963,7.550723353233479e-07,7,0.0018072881854524,20210607T080000_7
AV.PVV..SH,2021-06-07T12:59:25.520000,P,0.637,3.6710284234686696e-07,-1,-1.0,20210607T080000_-1
AV.PVV..SH,2021-06-07T13:53:51.200000,P,0.58,3.266497117238032e-07,8,0.0020209747804062,20210607T080000_8
AV.PVV..SH,2021-06-07T15:17:43.880000,P,0.86,1.322227490163641e-06,-1,-1.0,20210607T080000_-1
AV.PVV..SH,2021-06-07T08:26:28.280000,S,0.527,1.0395735898782732e-06,1,0.0044850258279526,20210607T080000_1
AV.PVV..SH,2021-06-07T12:13:26.560000,S,0.705,1.2714474451058777e-06,4,0.0020209747804062,20210607T080000_4
AV.PVV..SH,2021-06-07T12:45:24.840000,S,0.327,2.044853459892693e-07,7,0.0021427891260226,20210607T080000_7
AV.PVV..SH,2021-06-07T12:59:29.080000,S,0.542,3.6710284234686696e-07,-1,-1.0,20210607T080000_-1
AV.PVV..SH,2021-06-07T13:54:09.740000,S,0.626,4.869059466727776e-07,9,0.0020209747804062,20210607T080000_9
AV.S12K..BH,2021-06-07T12:13:16.720000,P,0.364,2.6003888251580065e-06,2,0.0002022950943903,20210607T080000_2
AV.S12K..BH,2021-06-07T12:13:37.600000,S,0.499,4.65022458229214e-06,4,0.0018072881854524,20210607T080000_4
AV.DEER..BH,2021-06-07T16:05:08.460000,P,0.71,9.222350172422012e-07,1,0.0058561271520348,20210607T160000_1
AV.DEER..BH,2021-06-07T16:09:45.960000,P,0.309,8.836807978696015e-07,-1,-1.0,20210607T160000_-1
AV.DEER..BH,2021-06-07T16:11:31.020000,P,0.375,8.871262480170117e-07,-1,-1.0,20210607T160000_-1
AV.DEER..BH,2021-06-07T16:28:07.980000,P,0.366,8.614343869339791e-07,-1,-1.0,20210607T160000_-1
AV.DEER..BH,2021-06-07T17:04:55.020000,P,0.803,9.33700732730358e-07,-1,-1.0,20210607T160000_-1
AV.DEER..BH,2021-06-07T19:26:13.180000,P,0.608,6.465154456236633e-07,-1,-1.0,20210607T160000_-1
AV.DEER..BH,2021-06-07T20:02:58.540000,P,0.55,5.648561227644677e-07,-1,-1.0,20210607T160000_-1
AV.DEER..BH,2021-06-07T16:06:27.080000,S,0.39,1.0805099464050727e-06,-1,-1.0,20210607T160000_-1
AV.DEER..BH,2021-06-07T20:03:22.480000,S,0.58,6.549562385771424e-07,-1,-1.0,20210607T160000_-1
AV.DOL..BH,2021-06-07T16:05:03.960000,P,0.619,9.922905519488268e-07,1,0.0001412603673254,20210607T160000_1
AV.DOL..BH,2021-06-07T16:28:11.560000,P,0.882,9.716352451505372e-07,-1,-1.0,20210607T160000_-1
AV.DOL..BH,2021-06-07T16:56:41.960000,P,0.337,9.872074997474556e-07,-1,-1.0,20210607T160000_-1
AV.DOL..BH,2021-06-07T17:04:58.600000,P,0.586,1.134681610892585e-06,-1,-1.0,20210607T160000_-1
AV.DOL..BH,2021-06-07T18:12:26.040000,P,0.609,9.412215149495752e-07,2,0.0058561271520348,20210607T160000_2
AV.DOL..BH,2021-06-07T21:15:08.620000,P,0.661,7.996318345249165e-07,-1,-1.0,20210607T160000_-1
AV.DOL..BH,2021-06-07T21:15:48.520000,P,0.341,1.0530087592997006e-06,-1,-1.0,20210607T160000_-1
AV.DOL..BH,2021-06-07T20:03:26.320000,S,0.76,9.531852924737904e-07,-1,-1.0,20210607T160000_-1
AV.DOL..BH,2021-06-07T21:15:14.640000,S,0.477,8.123414545480045e-07,-1,-1.0,20210607T160000_-1
AV.DT1..BH,2021-06-07T18:12:24.060000,P,0.404,5.612342874883325e-07,2,0.0001412603673254,20210607T160000_2
AV.DT1..BH,2021-06-07T16:06:27.200000,S,0.339,7.517328981521132e-07,-1,-1.0,20210607T160000_-1
AV.DT1..BH,2021-06-07T20:03:25.940000,S,0.574,8.899705221665499e-07,-1,-1.0,20210607T160000_-1
AV.DTN..BH,2021-06-07T16:00:00.020000,P,0.608,1.2346116591288592e-06,-1,-1.0,20210607T160000_-1
AV.DTN..BH,2021-06-07T16:05:07.400000,P,0.823,1.967046728168498e-06,1,0.0001678991348586,20210607T160000_1
AV.DTN..BH,2021-06-07T16:56:40.860000,P,0.433,1.0531026646276589e-06,-1,-1.0,20210607T160000_-1
AV.DTN..BH,2021-06-07T17:04:57.900000,P,0.347,1.3442951285469462e-06,-1,-1.0,20210607T160000_-1
AV.DTN..BH,2021-06-07T21:15:05.000000,P,0.352,1.1500246728246566e-06,-1,-1.0,20210607T160000_-1
AV.DTN..BH,2021-06-07T16:06:26.180000,S,0.585,2.0912686977681005e-06,-1,-1.0,20210607T160000_-1
AV.HAG..SH,2021-06-07T18:12:26.720000,S,0.536,4.006916185517184e-07,2,0.0001678991348586,20210607T160000_2
AV.PN7A..BH,2021-06-07T16:01:22.860000,P,0.315,2.4080616185528925e-06,-1,-1.0,20210607T160000_-1
AV.PN7A..BH,2021-06-07T19:01:05.100000,P,0.91,2.3694124138273764e-06,-1,-1.0,20210607T160000_-1
AV.PN7A..BH,2021-06-07T19:10:05.180000,P,0.498,2.0151635453657946e-06,3,0.0058561271520348,20210607T160000_3
AV.PN7A..BH,2021-06-07T21:00:39.160000,P,0.498,1.540914809083915e-06,-1,-1.0,20210607T160000_-1
AV.PN7A..BH,2021-06-07T21:21:11.960000,P,0.726,1.6529679669474715e-06,4,0.0058561271520348,20210607T160000_4
AV.PN7A..BH,2021-06-07T16:01:23.840000,S,0.374,2.4080616185528925e-06,-1,-1.0,20210607T160000_-1
AV.PN7A..BH,2021-06-07T19:01:07.180000,S,0.588,2.3694124138273764e-06,-1,-1.0,20210607T160000_-1
AV.PS1A..BH,2021-06-07T16:00:00.020000,P,0.397,1.812885898289096e-06,-1,-1.0,20210607T160000_-1
AV.PS1A..BH,2021-06-07T21:21:12.220000,P,0.581,1.8418458012092744e-06,4,0.0001412603673254,20210607T160000_4
AV.PV6A..SH,2021-06-07T18:12:26.560000,P,0.671,2.378123724611214e-07,2,0.0005977946092514,20210607T160000_2
AV.PV6A..SH,2021-06-07T19:10:05.300000,P,0.391,5.146020498614234e-07,3,0.0001412603673254,20210607T160000_3
AV.PV6A..SH,2021-06-07T21:21:14.240000,P,0.435,3.695357122524001e-07,4,0.0001678991348586,20210607T160000_4
AV.PV6A..SH,2021-06-07T22:36:44.960000,P,0.412,1.8321203754112505e-07,-1,-1.0,20210607T160000_-1
AV.PV6A..SH,2021-06-07T23:07:17.420000,P,0.322,3.046733070277696e-07,-1,-1.0,20210607T160000_-1
AV.PV6A..SH,2021-06-07T17:32:50.280000,S,0.363,3.084341244630196e-07,-1,-1.0,20210607T160000_-1
AV.PV6A..SH,2021-06-07T19:10:12.360000,S,0.541,5.146020498614234e-07,3,0.0001678991348586,20210607T160000_3
AV.PV6A..SH,2021-06-07T20:59:58.400000,S,0.484,2.154837659418263e-07,-1,-1.0,20210607T160000_-1
AV.PV6A..SH,2021-06-07T21:00:42.760000,S,0.346,2.856402261386393e-07,-1,-1.0,20210607T160000_-1
AV.PV6A..SH,2021-06-07T21:21:19.800000,S,0.476,3.723551174061868e-07,4,0.0005977946092514,20210607T160000_4
AV.PV6A..SH,2021-06-07T23:07:17.380000,S,0.32,3.046733070277696e-07,-1,-1.0,20210607T160000_-1
AV.PVV..SH,2021-06-07T16:05:03.080000,P,0.506,2.145825419574976e-07,1,0.0005977946092514,20210607T160000_1
AV.PVV..SH,2021-06-07T18:12:26.900000,P,0.891,6.435416253225412e-07,2,0.0026567375835576,20210607T160000_2
AV.PVV..SH,2021-06-07T21:00:37.260000,P,0.736,2.375840750801217e-07,-1,-1.0,20210607T160000_-1
AV.PVV..SH,2021-06-07T21:21:11.760000,P,0.765,2.495009425729222e-07,4,0.0026567375835576,20210607T160000_4
AV.PVV..SH,2021-06-07T21:52:27.960000,P,0.405,1.676037300057942e-07,-1,-1.0,20210607T160000_-1
AV.PVV..SH,2021-06-07T19:10:09.200000,S,0.521,4.942819487041561e-07,3,0.0005977946092514,20210607T160000_3
AV.PVV..SH,2021-06-07T19:15:00.600000,S,0.406,1.519492656143484e-07,-1,-1.0,20210607T160000_-1
AV.PVV..SH,2021-06-07T21:11:01.800000,S,0.441,1.4379185131474514e-07,-1,-1.0,20210607T160000_-1
AV.S12K..BH,2021-06-07T21:26:49.260000,P,0.504,8.082138265308458e-07,-1,-1.0,20210607T160000_-1
AV.S12K..BH,2021-06-07T21:26:51.580000,S,0.334,1.1237298167543486e-06,-1,-1.0,20210607T160000_-1
AV.S12K..BH,2021-06-07T23:07:20.480000,S,0.782,2.4700391350052087e-06,-1,-1.0,20210607T160000_-1
AV.S12K..BH,2021-06-07T23:07:33.380000,S,0.848,1.3948856576462276e-06,-1,-1.0,20210607T160000_-1
AV.DEER..BH,2021-06-08T00:35:21.340000,P,0.974,3.55573974957224e-05,1,0.0488564995082196,20210608T000000_1
AV.DEER..BH,2021-06-08T04:12:50.600000,P,0.771,1.4739699736310286e-06,-1,-1.0,20210608T000000_-1
AV.DEER..BH,2021-06-08T00:35:30.680000,S,0.722,3.55573974957224e-05,1,0.0010049531305633,20210608T000000_1
AV.DEER..BH,2021-06-08T01:36:03.000000,S,0.316,9.126686677518592e-07,-1,-1.0,20210608T000000_-1
AV.DEER..BH,2021-06-08T04:17:11.800000,S,0.329,1.4400674217540654e-06,-1,-1.0,20210608T000000_-1
AV.DOL..BH,2021-06-08T00:35:21.340000,P,0.965,4.840892506763339e-05,-1,-1.0,20210608T000000_-1
AV.DOL..BH,2021-06-08T00:35:32.640000,S,0.67,5.513031283044256e-05,-1,-1.0,20210608T000000_-1
AV.DT1..BH,2021-06-08T00:35:22.540000,P,0.977,1.835479270084761e-05,1,0.0350028214770899,20210608T000000_1
AV.DT1..BH,2021-06-08T02:26:22.060000,P,0.669,8.351593123734347e-07,-1,-1.0,20210608T000000_-1
AV.DT1..BH,2021-06-08T04:12:51.560000,P,0.682,1.6057792890933342e-06,-1,-1.0,20210608T000000_-1
AV.DT1..BH,2021-06-08T04:43:29.920000,P,0.37,1.8152612710764515e-06,-1,-1.0,20210608T000000_-1
AV.DT1..BH,2021-06-08T00:35:32.580000,S,0.883,2.5177379939123057e-05,1,0.000120179846786,20210608T000000_1
AV.DT1..BH,2021-06-08T00:36:27.680000,S,0.334,7.870555691624759e-07,-1,-1.0,20210608T000000_-1
AV.DTN..BH,2021-06-08T00:35:23.140000,P,0.982,1.2139222235418856e-05,1,9.173103645044496e-05,20210608T000000_1
AV.HAG..SH,2021-06-08T00:35:24.380000,P,0.896,9.09696154849371e-06,1,0.0087877812920821,20210608T000000_1
AV.HAG..SH,2021-06-08T05:12:24.640000,P,0.89,1.008856429507432e-06,-1,-1.0,20210608T000000_-1
AV.HAG..SH,2021-06-08T00:35:38.940000,S,0.68,1.869399966381025e-05,1,0.0085118972047666,20210608T000000_1
AV.HAG..SH,2021-06-08T05:26:00.940000,S,0.617,5.845444093210972e-07,2,0.0488564995082196,20210608T000000_2
AV.HAG..SH,2021-06-08T05:34:06.080000,S,0.392,5.181497044759453e-07,-1,-1.0,20210608T000000_-1
AV.PN7A..BH,2021-06-08T00:35:27.380000,P,0.875,4.433810772752622e-06,1,0.0510394699501648,20210608T000000_1
AV.PN7A..BH,2021-06-08T00:35:42.940000,S,0.673,8.633380275568925e-06,-1,-1.0,20210608T000000_-1
AV.PS1A..BH,2021-06-08T00:35:25.580000,P,0.96,8.506781341566239e-06,-1,-1.0,20210608T000000_-1
AV.PS1A..BH,2021-06-08T00:35:40.220000,S,0.714,2.390008376096376e-05,1,0.0002252784710739,20210608T000000_1
AV.PS4A..BH,2021-06-08T00:35:24.580000,P,0.951,1.377767421217868e-05,-1,-1.0,20210608T000000_-1
AV.PS4A..BH,2021-06-08T00:35:38.460000,S,0.457,3.979725079261698e-05,1,0.0008889468850731,20210608T000000_1
AV.PV6A..SH,2021-06-08T00:35:28.020000,P,0.979,4.3197419472562615e-06,1,9.787889272755745e-05,20210608T000000_1
AV.PV6A..SH,2021-06-08T02:48:12.140000,P,0.384,4.203862715712603e-07,-1,-1.0,20210608T000000_-1
AV.PV6A..SH,2021-06-08T05:15:06.640000,P,0.613,4.924930294691876e-07,-1,-1.0,20210608T000000_-1
AV.PV6A..SH,2021-06-08T05:25:57.120000,P,0.613,9.696217375676497e-07,2,0.0010049531305633,20210608T000000_2
AV.PV6A..SH,2021-06-08T05:39:52.480000,P,0.427,4.845050511903537e-07,-1,-1.0,20210608T000000_-1
AV.PV6A..SH,2021-06-08T00:35:44.080000,S,0.775,9.807828973862344e-06,-1,-1.0,20210608T000000_-1
AV.PV6A..SH,2021-06-08T05:26:05.000000,S,0.32,9.696217375676497e-07,2,0.0350028214770899,20210608T000000_2
AV.PV6A..SH,2021-06-08T05:34:05.900000,S,0.515,8.975924288279202e-07,-1,-1.0,20210608T000000_-1
AV.PV6A..SH,2021-06-08T05:40:00.120000,S,0.373,4.845050511903537e-07,-1,-1.0,20210608T000000_-1
AV.PVV..SH,2021-06-08T00:35:24.800000,P,0.987,7.20385378372157e-06,-1,-1.0,20210608T000000_-1
AV.PVV..SH,2021-06-08T01:53:32.320000,P,0.671,3.351970576659369e-07,-1,-1.0,20210608T000000_-1
AV.PVV..SH,2021-06-08T05:10:44.740000,P,0.838,1.8540801249855576e-07,-1,-1.0,20210608T000000_-1
AV.PVV..SH,2021-06-08T05:12:24.320000,P,0.624,4.1750880086510733e-07,-1,-1.0,20210608T000000_-1
AV.PVV..SH,2021-06-08T05:15:03.740000,P,0.856,2.8345456826173177e-07,-1,-1.0,20210608T000000_-1
AV.PVV..SH,2021-06-08T05:24:24.000000,P,0.43,3.1510458597949764e-07,-1,-1.0,20210608T000000_-1
AV.PVV..SH,2021-06-08T05:25:55.800000,P,0.874,9.691840432424217e-07,2,0.000120179846786,20210608T000000_2
AV.PVV..SH,2021-06-08T05:34:00.560000,P,0.621,1.6087351184523868e-07,-1,-1.0,20210608T000000_-1
AV.PVV..SH,2021-06-08T05:34:02.680000,P,0.472,8.368926955881761e-07,-1,-1.0,20210608T000000_-1
AV.PVV..SH,2021-06-08T01:53:35.920000,S,0.342,3.351970576659369e-07,-1,-1.0,20210608T000000_-1
AV.PVV..SH,2021-06-08T05:15:06.160000,S,0.469,2.8345456826173177e-07,-1,-1.0,20210608T000000_-1
AV.PVV..SH,2021-06-08T05:39:57.440000,S,0.622,4.856540272157872e-07,-1,-1.0,20210608T000000_-1
AV.S12K..BH,2021-06-08T00:00:00.020000,P,0.348,9.69656298366317e-07,-1,-1.0,20210608T000000_-1
AV.S12K..BH,2021-06-08T00:35:30.820000,P,0.965,7.280230875039706e-06,1,0.0390534926150257,20210608T000000_1
AV.S12K..BH,2021-06-08T00:35:49.300000,S,0.807,1.6728075934224762e-05,-1,-1.0,20210608T000000_-1
AV.DEER..BH,2021-06-08T08:42:33.480000,P,0.801,2.13578573493578e-06,-1,-1.0,20210608T080000_-1
AV.DEER..BH,2021-06-08T11:07:40.480000,P,0.778,1.9613830772868823e-06,1,0.0019270427091664,20210608T080000_1
AV.DEER..BH,2021-06-08T13:59:45.660000,P,0.414,1.3443459465634078e-06,-1,-1.0,20210608T080000_-1
AV.DEER..BH,2021-06-08T08:42:47.540000,S,0.555,2.5022932277352083e-06,-1,-1.0,20210608T080000_-1
AV.DOL..BH,2021-06-08T08:42:36.920000,P,0.356,2.327788251932361e-06,-1,-1.0,20210608T080000_-1
AV.DOL..BH,2021-06-08T11:07:42.660000,P,0.783,3.114994569841656e-06,1,0.0098106741003126,20210608T080000_1
AV.DOL..BH,2021-06-08T13:42:18.220000,P,0.599,1.827801270337659e-06,-1,-1.0,20210608T080000_-1
AV.DOL..BH,2021-06-08T15:19:08.840000,P,0.56,1.5156930430748616e-06,-1,-1.0,20210608T080000_-1
AV.DOL..BH,2021-06-08T15:43:23.640000,P,0.751,1.84816462933668e-06,-1,-1.0,20210608T080000_-1
AV.DOL..BH,2021-06-08T15:59:02.840000,P,0.653,1.954321078301291e-06,-1,-1.0,20210608T080000_-1
AV.DOL..BH,2021-06-08T08:09:52.260000,S,0.608,2.0935683551215334e-06,-1,-1.0,20210608T080000_-1
AV.DOL..BH,2021-06-08T08:42:53.860000,S,0.715,2.291400733156479e-06,-1,-1.0,20210608T080000_-1
AV.DOL..BH,2021-06-08T11:11:10.360000,S,0.525,2.5930796709872084e-06,-1,-1.0,20210608T080000_-1
AV.DOL..BH,2021-06-08T13:42:35.720000,S,0.34,1.9748292743315687e-06,-1,-1.0,20210608T080000_-1
AV.HAG..SH,2021-06-08T08:42:40.220000,P,0.94,7.716739105489978e-07,-1,-1.0,20210608T080000_-1
AV.HAG..SH,2021-06-08T11:10:53.920000,P,0.8,6.011063646838011e-07,3,0.0019270427091664,20210608T080000_3
AV.HAG..SH,2021-06-08T08:42:59.900000,S,0.825,1.6382849707952118e-06,-1,-1.0,20210608T080000_-1
AV.HAG..SH,2021-06-08T11:07:43.520000,S,0.478,5.377261231842567e-07,-1,-1.0,20210608T080000_-1
AV.HAG..SH,2021-06-08T11:08:02.560000,S,0.463,6.636091143263911e-07,2,0.0019270427091664,20210608T080000_2
AV.HAG..SH,2021-06-08T13:42:40.040000,S,0.502,5.776978468929883e-07,-1,-1.0,20210608T080000_-1
AV.PN7A..BH,2021-06-08T11:07:44.320000,P,0.335,4.945493856212124e-06,1,5.889136527034627e-05,20210608T080000_1
AV.PN7A..BH,2021-06-08T15:02:57.000000,P,0.851,3.830006335192593e-06,-1,-1.0,20210608T080000_-1
AV.PN7A..BH,2021-06-08T15:02:58.900000,S,0.43,3.830006335192593e-06,-1,-1.0,20210608T080000_-1
AV.PV6A..SH,2021-06-08T08:00:01.960000,P,0.445,3.8407910096793785e-07,-1,-1.0,20210608T080000_-1
AV.PV6A..SH,2021-06-08T10:35:53.680000,P,0.819,8.861486548994435e-07,-1,-1.0,20210608T080000_-1
AV.PV6A..SH,2021-06-08T11:07:44.240000,P,0.639,6.040439188836899e-07,1,0.0045190098506021,20210608T080000_1
AV.PV6A..SH,2021-06-08T11:10:56.460000,P,0.801,3.95349559312308e-07,3,0.0098106741003126,20210608T080000_3
AV.PV6A..SH,2021-06-08T13:26:41.600000,P,0.383,9.488458090345376e-07,-1,-1.0,20210608T080000_-1
AV.PV6A..SH,2021-06-08T13:42:22.680000,P,0.403,3.341673959766922e-07,-1,-1.0,20210608T080000_-1
AV.PV6A..SH,2021-06-08T09:06:41.440000,S,0.698,3.432906225953048e-07,-1,-1.0,20210608T080000_-1
AV.PV6A..SH,2021-06-08T11:08:06.200000,S,0.478,1.3436824701784644e-06,2,0.0098106741003126,20210608T080000_2
AV.PV6A..SH,2021-06-08T11:11:19.020000,S,0.704,4.256891372733662e-07,-1,-1.0,20210608T080000_-1
AV.PV6A..SH,2021-06-08T13:26:48.760000,S,0.338,9.488458090345376e-07,-1,-1.0,20210608T080000_-1
AV.PV6A..SH,2021-06-08T13:42:43.500000,S,0.76,3.486406967567746e-07,-1,-1.0,20210608T080000_-1
AV.PVV..SH,2021-06-08T08:50:56.460000,P,0.328,6.464061357291939e-07,-1,-1.0,20210608T080000_-1
AV.PVV..SH,2021-06-08T10:13:38.280000,P,0.713,4.714231351954368e-07,-1,-1.0,20210608T080000_-1
AV.PVV..SH,2021-06-08T11:07:57.920000,P,0.684,1.0899435665123749e-06,2,5.889136527034627e-05,20210608T080000_2
AV.PVV..SH,2021-06-08T11:10:53.560000,P,0.967,5.333070589585986e-07,3,5.889136527034627e-05,20210608T080000_3
AV.PVV..SH,2021-06-08T11:11:13.900000,P,0.708,3.5435286349638773e-07,-1,-1.0,20210608T080000_-1
AV.PVV..SH,2021-06-08T08:51:02.760000,S,0.358,6.464061357291939e-07,-1,-1.0,20210608T080000_-1
AV.PVV..SH,2021-06-08T11:08:03.680000,S,0.749,1.0899435665123749e-06,2,0.0045190098506021,20210608T080000_2
AV.PVV..SH,2021-06-08T11:10:56.440000,S,0.564,2.602909603410808e-07,3,0.0045190098506021,20210608T080000_3
AV.PVV..SH,2021-06-08T11:11:18.400000,S,0.457,3.5435286349638773e-07,-1,-1.0,20210608T080000_-1
AV.DEER..BH,2021-06-08T16:16:41.260000,P,0.973,1.506754301772162e-06,1,0.0104884795798951,20210608T160000_1
AV.DEER..BH,2021-06-08T18:49:36.380000,P,0.974,3.115275603704504e-06,4,0.0104884795798951,20210608T160000_4
AV.DEER..BH,2021-06-08T19:34:58.520000,P,0.807,1.1399534969314118e-06,6,0.0104884795798951,20210608T160000_6
AV.DEER..BH,2021-06-08T22:45:46.700000,P,0.961,2.333534212084487e-06,10,0.0104884795798951,20210608T160000_10
AV.DEER..BH,2021-06-08T16:16:52.980000,S,0.49,1.5975855376382242e-06,-1,-1.0,20210608T160000_-1
AV.DEER..BH,2021-06-08T18:49:45.780000,S,0.917,3.115275603704504e-06,4,0.0079465687338557,20210608T160000_4
AV.DEER..BH,2021-06-08T19:35:04.940000,S,0.734,7.74213560816861e-07,6,0.0079465687338557,20210608T160000_6
AV.DEER..BH,2021-06-08T22:45:54.940000,S,0.931,2.333534212084487e-06,10,0.0079465687338557,20210608T160000_10
AV.DOL..BH,2021-06-08T16:16:41.640000,P,0.761,1.2826319562009305e-06,-1,-1.0,20210608T160000_-1
AV.DOL..BH,2021-06-08T17:14:09.240000,P,0.552,3.201506160621648e-06,-1,-1.0,20210608T160000_-1
AV.DOL..BH,2021-06-08T17:56:20.780000,P,0.452,1.7722461507219125e-06,2,0.0104884795798951,20210608T160000_2
AV.DOL..BH,2021-06-08T18:36:56.120000,P,0.575,9.325801215709362e-07,-1,-1.0,20210608T160000_-1
AV.DOL..BH,2021-06-08T18:49:37.320000,P,0.833,2.5595270471967524e-06,5,0.0104884795798951,20210608T160000_5
AV.DOL..BH,2021-06-08T22:45:47.880000,P,0.929,3.4619151847437024e-06,10,0.0023328262918895,20210608T160000_10
AV.DOL..BH,2021-06-08T16:16:54.100000,S,0.619,1.8379681705482647e-06,1,0.0079465687338557,20210608T160000_1
AV.DOL..BH,2021-06-08T17:56:39.020000,S,0.738,3.001262712132302e-06,-1,-1.0,20210608T160000_-1
AV.DOL..BH,2021-06-08T18:37:14.360000,S,0.303,1.4129311693977795e-06,-1,-1.0,20210608T160000_-1
AV.DOL..BH,2021-06-08T18:49:46.880000,S,0.804,2.897999820561381e-06,5,0.0079465687338557,20210608T160000_5
AV.DOL..BH,2021-06-08T19:57:39.140000,S,0.742,1.972523023141548e-06,7,0.0104884795798951,20210608T160000_7
AV.DOL..BH,2021-06-08T22:45:57.180000,S,0.922,3.4619151847437024e-06,10,0.0016998160495882,20210608T160000_10
AV.DT1..BH,2021-06-08T16:16:42.520000,P,0.952,1.456908876207308e-06,1,0.0023328262918895,20210608T160000_1
AV.DT1..BH,2021-06-08T18:49:37.540000,P,0.981,4.78975834994344e-06,4,0.0023328262918895,20210608T160000_4
AV.DT1..BH,2021-06-08T19:35:00.520000,P,0.409,1.2587303217515e-06,6,0.0023328262918895,20210608T160000_6
AV.DT1..BH,2021-06-08T22:45:48.180000,P,0.951,4.336953224992612e-06,10,0.0003822398025731,20210608T160000_10
AV.DT1..BH,2021-06-08T16:16:55.660000,S,0.882,1.5204312830974231e-06,-1,-1.0,20210608T160000_-1
AV.DT1..BH,2021-06-08T18:49:48.080000,S,0.913,4.78975834994344e-06,5,0.0023328262918895,20210608T160000_5
AV.DT1..BH,2021-06-08T19:35:08.320000,S,0.354,1.2587303217515e-06,6,0.0016998160495882,20210608T160000_6
AV.DT1..BH,2021-06-08T22:45:57.400000,S,0.948,4.336953224992612e-06,10,0.0084284791620869,20210608T160000_10
AV.DTN..BH,2021-06-08T16:16:43.180000,P,0.768,2.3377831439574948e-06,1,0.0016998160495882,20210608T160000_1
AV.DTN..BH,2021-06-08T17:56:23.760000,P,0.416,2.089775080094114e-06,2,0.0079465687338557,20210608T160000_2
AV.DTN..BH,2021-06-08T18:49:38.280000,P,0.901,2.8999713777011493e-06,4,0.0016998160495882,20210608T160000_4
AV.DTN..BH,2021-06-08T19:35:00.940000,P,0.334,1.8486193766875656e-06,6,0.0003822398025731,20210608T160000_6
AV.DTN..BH,2021-06-08T22:45:48.920000,P,0.833,3.159384959872113e-06,10,0.0022952499321118,20210608T160000_10
AV.DTN..BH,2021-06-08T16:16:56.660000,S,0.434,2.583502919151215e-06,-1,-1.0,20210608T160000_-1
AV.DTN..BH,2021-06-08T17:56:43.720000,S,0.311,2.4413225219177548e-06,-1,-1.0,20210608T160000_-1
AV.DTN..BH,2021-06-08T18:49:48.120000,S,0.326,2.8345473310764646e-06,4,0.0003822398025731,20210608T160000_4
AV.DTN..BH,2021-06-08T18:49:48.980000,S,0.559,2.8999713777011493e-06,5,0.0016998160495882,20210608T160000_5
AV.DTN..BH,2021-06-08T19:57:44.840000,S,0.485,2.239195282527362e-06,7,0.0079465687338557,20210608T160000_7
AV.DTN..BH,2021-06-08T22:45:58.580000,S,0.483,3.159384959872113e-06,10,0.0024974595548933,20210608T160000_10
AV.HAG..SH,2021-06-08T16:00:00.020000,P,0.502,2.375880399085873e-07,-1,-1.0,20210608T160000_-1
AV.HAG..SH,2021-06-08T16:16:46.160000,P,0.44,3.74680155346141e-07,1,0.0003822398025731,20210608T160000_1
AV.HAG..SH,2021-06-08T17:56:23.460000,P,0.848,1.1238054185014337e-06,2,0.0023328262918895,20210608T160000_2
AV.HAG..SH,2021-06-08T19:57:22.640000,P,0.831,7.033088991192926e-07,-1,-1.0,20210608T160000_-1
AV.HAG..SH,2021-06-08T21:16:05.500000,P,0.629,5.396233859755739e-07,9,0.0104884795798951,20210608T160000_9
AV.HAG..SH,2021-06-08T21:29:06.640000,P,0.32,4.153535542172904e-07,-1,-1.0,20210608T160000_-1
AV.HAG..SH,2021-06-08T22:45:50.980000,P,0.951,5.521983439393807e-07,10,0.0035595148453673,20210608T160000_10
AV.HAG..SH,2021-06-08T23:27:59.480000,P,0.346,5.630154760183359e-07,11,0.0104884795798951,20210608T160000_11
AV.HAG..SH,2021-06-08T16:17:02.200000,S,0.337,7.416542757709976e-07,-1,-1.0,20210608T160000_-1
AV.HAG..SH,2021-06-08T17:56:44.120000,S,0.613,1.5855650872254046e-06,3,0.0104884795798951,20210608T160000_3
AV.HAG..SH,2021-06-08T18:49:53.440000,S,0.604,1.0378761317042515e-06,4,0.0084284791620869,20210608T160000_4
AV.HAG..SH,2021-06-08T19:57:43.660000,S,0.796,7.717031280662923e-07,7,0.0023328262918895,20210608T160000_7
AV.HAG..SH,2021-06-08T21:16:09.440000,S,0.77,5.396233859755739e-07,9,0.0079465687338557,20210608T160000_9
AV.HAG..SH,2021-06-08T22:46:02.880000,S,0.571,7.73580552504427e-07,-1,-1.0,20210608T160000_-1
AV.HAG..SH,2021-06-08T23:28:02.300000,S,0.489,5.630154760183359e-07,11,0.0079465687338557,20210608T160000_11
AV.PN7A..BH,2021-06-08T18:01:58.700000,P,0.941,3.6012556847708765e-06,-1,-1.0,20210608T160000_-1
AV.PN7A..BH,2021-06-08T18:02:00.700000,S,0.703,3.6012556847708765e-06,-1,-1.0,20210608T160000_-1
AV.PS1A..BH,2021-06-08T16:00:00.020000,P,0.387,3.037634087377228e-06,-1,-1.0,20210608T160000_-1
AV.PS1A..BH,2021-06-08T17:56:23.080000,P,0.566,3.045127868972486e-06,2,0.0016998160495882,20210608T160000_2
AV.PS1A..BH,2021-06-08T21:16:04.680000,P,0.416,3.486928108031861e-06,9,0.0023328262918895,20210608T160000_9
AV.PS1A..BH,2021-06-08T17:56:42.880000,S,0.524,4.532824277703185e-06,3,0.0079465687338557,20210608T160000_3
AV.PS4A..BH,2021-06-08T17:56:23.160000,P,0.726,2.7236435471422737e-06,2,0.0003822398025731,20210608T160000_2
AV.PS4A..BH,2021-06-08T17:56:43.840000,S,0.47,4.142438228882384e-06,3,0.0023328262918895,20210608T160000_3
AV.PV6A..SH,2021-06-08T16:00:00.020000,P,0.42,2.2563935431207938e-07,-1,-1.0,20210608T160000_-1
AV.PV6A..SH,2021-06-08T17:56:25.660000,P,0.917,5.323552727531933e-07,2,0.0084284791620869,20210608T160000_2
AV.PV6A..SH,2021-06-08T19:57:25.300000,P,0.779,3.837544966245332e-07,-1,-1.0,20210608T160000_-1
AV.PV6A..SH,2021-06-08T20:02:02.560000,P,0.312,5.775497697868559e-07,8,0.0104884795798951,20210608T160000_8
AV.PV6A..SH,2021-06-08T21:16:05.820000,P,0.743,1.1941890534217237e-06,9,0.0016998160495882,20210608T160000_9
AV.PV6A..SH,2021-06-08T23:27:59.660000,P,0.654,6.64516164761153e-07,11,0.0023328262918895,20210608T160000_11
AV.PV6A..SH,2021-06-08T16:17:06.520000,S,0.396,3.716401408837555e-07,-1,-1.0,20210608T160000_-1
AV.PV6A..SH,2021-06-08T16:44:01.600000,S,0.342,6.283479478952358e-07,-1,-1.0,20210608T160000_-1
AV.PV6A..SH,2021-06-08T17:56:47.500000,S,0.772,1.7850885569714592e-06,3,0.0016998160495882,20210608T160000_3
AV.PV6A..SH,2021-06-08T19:57:47.960000,S,0.316,4.050839379488025e-07,7,0.0016998160495882,20210608T160000_7
AV.PV6A..SH,2021-06-08T20:02:10.680000,S,0.368,5.775497697868559e-07,8,0.0079465687338557,20210608T160000_8
AV.PV6A..SH,2021-06-08T20:16:20.640000,S,0.648,3.942153057323594e-07,-1,-1.0,20210608T160000_-1
AV.PV6A..SH,2021-06-08T23:28:03.320000,S,0.5,6.64516164761153e-07,11,0.0016998160495882,20210608T160000_11
AV.PVV..SH,2021-06-08T16:16:45.740000,P,0.483,2.3122881032122685e-07,1,0.0084284791620869,20210608T160000_1
AV.PVV..SH,2021-06-08T17:56:23.000000,P,0.888,7.479695227630145e-07,2,0.0022952499321118,20210608T160000_2
AV.PVV..SH,2021-06-08T18:49:41.200000,P,0.376,2.560669543072436e-07,4,0.0022952499321118,20210608T160000_4
AV.PVV..SH,2021-06-08T20:02:03.520000,P,0.341,5.046494493399223e-07,8,0.0023328262918895,20210608T160000_8
AV.PVV..SH,2021-06-08T21:16:04.140000,P,0.786,6.408029094018275e-07,9,0.0003822398025731,20210608T160000_9
AV.PVV..SH,2021-06-08T23:27:57.880000,P,0.968,5.366159143704863e-07,11,0.0003822398025731,20210608T160000_11
AV.PVV..SH,2021-06-08T16:17:01.000000,S,0.367,2.936991165825021e-07,-1,-1.0,20210608T160000_-1
AV.PVV..SH,2021-06-08T16:43:59.820000,S,0.481,4.253906809026377e-07,-1,-1.0,20210608T160000_-1
AV.PVV..SH,2021-06-08T17:56:42.960000,S,0.677,5.762867090197688e-07,3,0.0003822398025731,20210608T160000_3
AV.PVV..SH,2021-06-08T18:49:53.520000,S,0.525,5.245723855296092e-07,4,0.0024974595548933,20210608T160000_4
AV.PVV..SH,2021-06-08T20:02:08.800000,S,0.339,5.046494493399223e-07,8,0.0016998160495882,20210608T160000_8
AV.PVV..SH,2021-06-08T21:16:10.120000,S,0.304,6.408029094018275e-07,9,0.0084284791620869,20210608T160000_9
AV.PVV..SH,2021-06-08T23:28:01.040000,S,0.763,5.366159143704863e-07,11,0.0084284791620869,20210608T160000_11
AV.S12K..BH,2021-06-08T17:56:27.880000,P,0.458,1.823572461034928e-06,2,0.0024974595548933,20210608T160000_2
AV.S12K..BH,2021-06-08T22:03:19.400000,S,0.351,1.3652772850036854e-06,-1,-1.0,20210608T160000_-1
AV.DEER..BH,2021-06-09T05:29:27.340000,P,0.372,1.4863259139019649e-06,-1,-1.0,20210609T000000_-1
AV.DEER..BH,2021-06-09T06:16:09.640000,P,0.808,1.103611111830105e-06,5,0.0001050542684502,20210609T000000_5
AV.DOL..BH,2021-06-09T01:21:32.740000,P,0.906,1.5229899190671858e-06,1,0.0001050542684502,20210609T000000_1
AV.DOL..BH,2021-06-09T06:16:12.300000,P,0.825,1.3100086562189972e-06,5,0.0023634104187147,20210609T000000_5
AV.DOL..BH,2021-06-09T07:24:50.200000,P,0.746,1.4093808431425714e-06,-1,-1.0,20210609T000000_-1
AV.DOL..BH,2021-06-09T01:21:43.740000,S,0.418,1.9677036107168533e-06,1,0.0023634104187147,20210609T000000_1
AV.DOL..BH,2021-06-09T01:22:06.840000,S,0.376,3.000959395649261e-06,-1,-1.0,20210609T000000_-1
AV.DOL..BH,2021-06-09T01:22:19.460000,S,0.717,4.485823410504963e-06,-1,-1.0,20210609T000000_-1
AV.DOL..BH,2021-06-09T06:16:24.940000,S,0.695,1.7127659930338268e-06,5,0.0267807027323121,20210609T000000_5
AV.DOL..BH,2021-06-09T07:25:04.180000,S,0.684,1.611215338925831e-06,-1,-1.0,20210609T000000_-1
AV.DT1..BH,2021-06-09T00:00:00.020000,P,0.386,1.215728957504325e-06,-1,-1.0,20210609T000000_-1
AV.DT1..BH,2021-06-09T01:08:32.280000,S,0.58,5.18110800840077e-06,-1,-1.0,20210609T000000_-1
AV.DTN..BH,2021-06-09T01:08:30.440000,P,0.951,2.526662683521863e-06,-1,-1.0,20210609T000000_-1
AV.DTN..BH,2021-06-09T01:21:35.980000,P,0.704,1.7085108083847445e-06,1,0.0267807027323121,20210609T000000_1
AV.DTN..BH,2021-06-09T06:16:11.560000,P,0.839,1.7192484165207134e-06,5,0.0011791452617277,20210609T000000_5
AV.DTN..BH,2021-06-09T07:38:06.700000,P,0.486,1.431070131729939e-06,-1,-1.0,20210609T000000_-1
AV.DTN..BH,2021-06-09T01:08:31.400000,S,0.689,2.235506372016971e-06,-1,-1.0,20210609T000000_-1
AV.DTN..BH,2021-06-09T01:21:45.440000,S,0.4,1.6849145367814344e-06,-1,-1.0,20210609T000000_-1
AV.DTN..BH,2021-06-09T05:30:21.440000,S,0.424,1.4310985534393694e-06,-1,-1.0,20210609T000000_-1
AV.HAG..SH,2021-06-09T01:21:33.760000,P,0.57,1.2721269513349398e-06,1,0.0011791452617277,20210609T000000_1
AV.HAG..SH,2021-06-09T02:09:18.340000,P,0.83,6.23802179688937e-07,-1,-1.0,20210609T000000_-1
AV.HAG..SH,2021-06-09T07:41:40.920000,P,0.915,1.1337259593346971e-06,6,0.0001050542684502,20210609T000000_6
AV.HAG..SH,2021-06-09T01:22:09.020000,S,0.38,1.1146626093250234e-06,-1,-1.0,20210609T000000_-1
AV.HAG..SH,2021-06-09T02:09:37.660000,S,0.376,4.1559482610864507e-07,-1,-1.0,20210609T000000_-1
AV.HAG..SH,2021-06-09T04:36:46.720000,S,0.735,9.703451269160723e-07,3,0.0001050542684502,20210609T000000_3
AV.HAG..SH,2021-06-09T07:41:45.220000,S,0.823,1.1337259593346971e-06,6,0.0023634104187147,20210609T000000_6
AV.PN7A..BH,2021-06-09T00:16:11.180000,P,0.326,2.0719196527352324e-06,-1,-1.0,20210609T000000_-1
AV.PN7A..BH,2021-06-09T01:21:35.100000,P,0.316,3.647874336820678e-06,1,0.0001410107326119,20210609T000000_1
AV.PN7A..BH,2021-06-09T03:23:04.360000,P,0.312,2.1520570498978486e-06,-1,-1.0,20210609T000000_-1
AV.PN7A..BH,2021-06-09T03:53:30.920000,P,0.406,2.6507166239753133e-06,-1,-1.0,20210609T000000_-1
AV.PN7A..BH,2021-06-09T04:36:43.840000,P,0.361,6.28325733487145e-06,3,0.0023634104187147,20210609T000000_3
AV.PN7A..BH,2021-06-09T06:55:18.360000,P,0.777,2.2550689209310804e-06,-1,-1.0,20210609T000000_-1
AV.PN7A..BH,2021-06-09T07:41:39.640000,P,0.463,1.0789009365907989e-06,-1,-1.0,20210609T000000_-1
AV.PN7A..BH,2021-06-09T07:41:40.320000,P,0.636,5.825318112329114e-06,6,0.0267807027323121,20210609T000000_6
AV.PN7A..BH,2021-06-09T00:16:13.320000,S,0.343,2.0289880922064185e-06,-1,-1.0,20210609T000000_-1
AV.PN7A..BH,2021-06-09T03:23:06.720000,S,0.579,2.1520570498978486e-06,-1,-1.0,20210609T000000_-1
AV.PN7A..BH,2021-06-09T06:55:20.000000,S,0.4,1.8825571714842224e-06,-1,-1.0,20210609T000000_-1
AV.PS1A..BH,2021-06-09T01:21:31.640000,P,0.399,3.844813363684807e-06,1,0.0137977968015323,20210609T000000_1
AV.PS1A..BH,2021-06-09T04:36:43.220000,P,0.867,4.166643066128017e-06,3,0.0267807027323121,20210609T000000_3
AV.PS1A..BH,2021-06-09T07:41:40.680000,P,0.886,5.036657512391685e-06,6,0.0011791452617277,20210609T000000_6
AV.PS1A..BH,2021-06-09T04:36:46.400000,S,0.385,4.346771220298251e-06,3,0.0011791452617277,20210609T000000_3
AV.PS1A..BH,2021-06-09T07:41:43.960000,S,0.657,6.357639904308599e-06,-1,-1.0,20210609T000000_-1
AV.PS4A..BH,2021-06-09T04:36:44.460000,P,0.466,7.561752227047691e-06,4,0.0001050542684502,20210609T000000_4
AV.PS4A..BH,2021-06-09T07:41:40.240000,P,0.69,9.337602023151703e-06,6,0.0001410107326119,20210609T000000_6
AV.PS4A..BH,2021-06-09T01:22:18.620000,S,0.366,3.68010842066724e-06,-1,-1.0,20210609T000000_-1
AV.PS4A..BH,2021-06-09T02:17:56.540000,S,0.359,5.302692443365231e-06,-1,-1.0,20210609T000000_-1
AV.PS4A..BH,2021-06-09T07:41:42.880000,S,0.383,9.337602023151703e-06,-1,-1.0,20210609T000000_-1
AV.PV6A..SH,2021-06-09T00:00:00.020000,P,0.556,2.377885266469093e-07,-1,-1.0,20210609T000000_-1
AV.PV6A..SH,2021-06-09T01:21:34.400000,P,0.737,3.807217296980525e-07,1,0.0011049521366644,20210609T000000_1
AV.PV6A..SH,2021-06-09T02:09:20.700000,P,0.902,2.191478216673204e-07,-1,-1.0,20210609T000000_-1
AV.PV6A..SH,2021-06-09T02:17:55.840000,P,0.793,1.1377011333024711e-06,2,0.0001050542684502,20210609T000000_2
AV.PV6A..SH,2021-06-09T04:36:44.120000,P,0.87,1.67186044564005e-06,4,0.0023634104187147,20210609T000000_4
AV.PV6A..SH,2021-06-09T05:08:25.160000,P,0.321,2.3463333320705723e-07,-1,-1.0,20210609T000000_-1
AV.PV6A..SH,2021-06-09T07:41:41.540000,P,0.904,2.3054553821566515e-06,6,0.0137977968015323,20210609T000000_6
AV.PV6A..SH,2021-06-09T02:09:41.380000,S,0.771,3.021193037966441e-07,-1,-1.0,20210609T000000_-1
AV.PV6A..SH,2021-06-09T02:18:01.720000,S,0.379,1.1377011333024711e-06,2,0.0023634104187147,20210609T000000_2
AV.PV6A..SH,2021-06-09T04:36:51.320000,S,0.558,1.67186044564005e-06,4,0.0267807027323121,20210609T000000_4
AV.PV6A..SH,2021-06-09T07:41:47.600000,S,0.4,2.3054553821566515e-06,6,0.0011049521366644,20210609T000000_6
AV.PVV..SH,2021-06-09T01:21:32.040000,P,0.908,4.204900108106813e-07,1,0.0020687435921015,20210609T000000_1
AV.PVV..SH,2021-06-09T02:09:17.660000,P,0.913,2.915240600032121e-07,-1,-1.0,20210609T000000_-1
AV.PVV..SH,2021-06-09T02:17:56.620000,P,0.717,5.317355089573539e-07,2,0.0267807027323121,20210609T000000_2
AV.PVV..SH,2021-06-09T04:36:42.760000,P,0.948,1.2942135754201445e-06,3,0.0001410107326119,20210609T000000_3
AV.PVV..SH,2021-06-09T07:41:40.220000,P,0.949,1.6035062344599282e-06,6,0.0020687435921015,20210609T000000_6
AV.PVV..SH,2021-06-09T01:21:40.800000,S,0.669,4.519615117715148e-07,1,0.0015255229109998,20210609T000000_1
AV.PVV..SH,2021-06-09T02:09:36.080000,S,0.309,2.325692065596741e-07,-1,-1.0,20210609T000000_-1
AV.PVV..SH,2021-06-09T02:18:01.960000,S,0.399,5.317355089573539e-07,2,0.0011791452617277,20210609T000000_2
AV.PVV..SH,2021-06-09T04:36:49.520000,S,0.731,1.2942135754201445e-06,4,0.0011791452617277,20210609T000000_4
AV.PVV..SH,2021-06-09T07:41:46.320000,S,0.497,1.6035062344599282e-06,6,0.0015255229109998,20210609T000000_6
AV.S12K..BH,2021-06-09T01:21:35.260000,P,0.562,1.7376066807628376e-06,1,2.23990439722068e-05,20210609T000000_1
AV.DEER..BH,2021-06-09T09:56:21.560000,P,0.943,2.051448063866701e-06,2,0.0072345902096487,20210609T080000_2
AV.DEER..BH,2021-06-09T12:08:48.040000,P,0.475,1.1080271633545635e-06,-1,-1.0,20210609T080000_-1
AV.DEER..BH,2021-06-09T09:56:32.860000,S,0.787,3.436462520767236e-06,2,0.0001928054337296,20210609T080000_2
AV.DOL..BH,2021-06-09T08:00:00.020000,P,0.324,1.2008330259050126e-06,-1,-1.0,20210609T080000_-1
AV.DOL..BH,2021-06-09T09:05:47.240000,P,0.435,1.297017320212035e-06,-1,-1.0,20210609T080000_-1
AV.DOL..BH,2021-06-09T09:56:23.380000,P,0.967,1.913352889459929e-06,2,0.0166705952389026,20210609T080000_2
AV.DOL..BH,2021-06-09T14:33:45.900000,P,0.446,2.8737515549437376e-06,6,0.0072345902096487,20210609T080000_6
AV.DOL..BH,2021-06-09T09:56:36.460000,S,0.75,3.615788955357857e-06,2,0.0001893670270404,20210609T080000_2
AV.DOL..BH,2021-06-09T14:34:04.160000,S,0.827,6.832084181951359e-06,7,0.0072345902096487,20210609T080000_7
AV.DT1..BH,2021-06-09T09:16:53.100000,P,0.667,1.2162236089352518e-06,1,0.0072345902096487,20210609T080000_1
AV.DT1..BH,2021-06-09T09:56:21.360000,P,0.95,2.877639644793817e-06,2,0.0002518100630004,20210609T080000_2
AV.DT1..BH,2021-06-09T12:40:43.480000,P,0.835,1.869766037998488e-06,4,0.0072345902096487,20210609T080000_4
AV.DT1..BH,2021-06-09T14:34:05.180000,P,0.762,2.5184870082739508e-06,7,0.0001928054337296,20210609T080000_7
AV.DT1..BH,2021-06-09T15:11:43.160000,P,0.334,1.5625078049197327e-06,-1,-1.0,20210609T080000_-1
AV.DT1..BH,2021-06-09T09:56:32.540000,S,0.939,2.877639644793817e-06,2,0.010802134177649,20210609T080000_2
AV.DT1..BH,2021-06-09T12:40:53.640000,S,0.499,1.5341383914346809e-06,4,0.0001928054337296,20210609T080000_4
AV.DT1..BH,2021-06-09T14:34:10.340000,S,0.617,2.5184870082739508e-06,7,0.0166705952389026,20210609T080000_7
AV.DTN..BH,2021-06-09T09:56:21.800000,P,0.528,1.7340330487058964e-06,2,0.0057280244352274,20210609T080000_2
AV.DTN..BH,2021-06-09T12:43:39.900000,P,0.406,4.11903374697431e-06,-1,-1.0,20210609T080000_-1
AV.HAG..SH,2021-06-09T09:16:52.200000,P,0.82,5.632074362438289e-07,1,0.0001928054337296,20210609T080000_1
AV.HAG..SH,2021-06-09T09:56:24.440000,P,0.841,4.766242227560724e-07,2,0.005331010149366,20210609T080000_2
AV.HAG..SH,2021-06-09T11:48:31.380000,P,0.459,3.574662343908131e-07,-1,-1.0,20210609T080000_-1
AV.HAG..SH,2021-06-09T12:25:19.440000,P,0.767,9.234590834239498e-07,-1,-1.0,20210609T080000_-1
AV.HAG..SH,2021-06-09T12:28:11.000000,P,0.318,7.034431632746418e-07,-1,-1.0,20210609T080000_-1
AV.HAG..SH,2021-06-09T12:35:11.640000,P,0.456,6.915514063621231e-07,-1,-1.0,20210609T080000_-1
AV.HAG..SH,2021-06-09T12:40:40.480000,P,0.748,1.0647305543898256e-06,4,0.0166705952389026,20210609T080000_4
AV.HAG..SH,2021-06-09T12:53:58.560000,P,0.487,7.941940793898539e-07,-1,-1.0,20210609T080000_-1
AV.HAG..SH,2021-06-09T14:33:47.060000,P,0.934,1.6898750345717415e-06,6,0.0001928054337296,20210609T080000_6
AV.HAG..SH,2021-06-09T14:36:02.000000,P,0.44,6.704818815705949e-07,-1,-1.0,20210609T080000_-1
AV.HAG..SH,2021-06-09T14:54:40.700000,P,0.414,1.1358130223015903e-06,-1,-1.0,20210609T080000_-1
AV.HAG..SH,2021-06-09T14:54:59.680000,P,0.393,1.2315189223954803e-06,-1,-1.0,20210609T080000_-1
AV.HAG..SH,2021-06-09T15:16:38.980000,P,0.332,8.781969995652616e-07,-1,-1.0,20210609T080000_-1
AV.HAG..SH,2021-06-09T15:16:49.560000,P,0.916,2.1322387055988656e-06,-1,-1.0,20210609T080000_-1
AV.HAG..SH,2021-06-09T15:33:21.120000,P,0.711,1.5085500990608125e-06,-1,-1.0,20210609T080000_-1
AV.HAG..SH,2021-06-09T15:35:05.400000,P,0.409,9.160517038253602e-07,-1,-1.0,20210609T080000_-1
AV.HAG..SH,2021-06-09T15:37:40.420000,P,0.576,1.977500005523325e-06,-1,-1.0,20210609T080000_-1
AV.HAG..SH,2021-06-09T15:41:55.420000,P,0.357,1.6562839846301358e-06,-1,-1.0,20210609T080000_-1
AV.HAG..SH,2021-06-09T15:48:43.060000,P,0.657,1.1011630931534455e-06,-1,-1.0,20210609T080000_-1
AV.HAG..SH,2021-06-09T15:53:04.360000,P,0.85,1.79859091531398e-06,-1,-1.0,20210609T080000_-1
AV.HAG..SH,2021-06-09T15:57:29.580000,P,0.59,9.96292556010303e-07,-1,-1.0,20210609T080000_-1
AV.HAG..SH,2021-06-09T09:17:12.520000,S,0.531,4.211203190607194e-07,-1,-1.0,20210609T080000_-1
AV.HAG..SH,2021-06-09T09:56:40.940000,S,0.605,8.75633020314126e-07,-1,-1.0,20210609T080000_-1
AV.HAG..SH,2021-06-09T11:46:50.460000,S,0.574,6.514609935948101e-07,3,0.0072345902096487,20210609T080000_3
AV.HAG..SH,2021-06-09T12:25:25.280000,S,0.429,9.234590834239498e-07,-1,-1.0,20210609T080000_-1
AV.HAG..SH,2021-06-09T12:40:20.040000,S,0.434,6.13303939189791e-07,-1,-1.0,20210609T080000_-1
AV.HAG..SH,2021-06-09T12:42:07.180000,S,0.471,9.102969897867296e-07,5,0.0072345902096487,20210609T080000_5
AV.HAG..SH,2021-06-09T12:54:05.160000,S,0.397,7.941940793898539e-07,-1,-1.0,20210609T080000_-1
AV.HAG..SH,2021-06-09T14:34:07.840000,S,0.472,2.809320676533389e-06,-1,-1.0,20210609T080000_-1
AV.HAG..SH,2021-06-09T15:16:54.600000,S,0.398,2.1322387055988656e-06,-1,-1.0,20210609T080000_-1
AV.HAG..SH,2021-06-09T15:19:10.280000,S,0.354,4.943771045873291e-07,-1,-1.0,20210609T080000_-1
AV.HAG..SH,2021-06-09T15:33:06.700000,S,0.466,9.305760499955796e-07,-1,-1.0,20210609T080000_-1
AV.HAG..SH,2021-06-09T15:34:23.160000,S,0.489,7.077733812366205e-07,-1,-1.0,20210609T080000_-1
AV.HAG..SH,2021-06-09T15:35:28.120000,S,0.314,1.14294846298435e-06,-1,-1.0,20210609T080000_-1
AV.HAG..SH,2021-06-09T15:49:22.360000,S,0.353,1.026265749715094e-06,-1,-1.0,20210609T080000_-1
AV.HAG..SH,2021-06-09T15:53:08.860000,S,0.481,1.3986120848130668e-06,-1,-1.0,20210609T080000_-1
AV.PN7A..BH,2021-06-09T12:28:08.300000,P,0.404,2.3372515443043085e-06,-1,-1.0,20210609T080000_-1
AV.PN7A..BH,2021-06-09T14:33:49.340000,P,0.716,2.954078354377998e-06,6,0.0166705952389026,20210609T080000_6
AV.PN7A..BH,2021-06-09T14:50:28.840000,P,0.526,2.389482915532426e-06,-1,-1.0,20210609T080000_-1
AV.PN7A..BH,2021-06-09T12:28:09.480000,S,0.34,2.3372515443043085e-06,-1,-1.0,20210609T080000_-1
AV.PN7A..BH,2021-06-09T14:34:10.320000,S,0.52,4.169270596321439e-06,7,0.0001893670270404,20210609T080000_7
AV.PN7A..BH,2021-06-09T14:50:30.680000,S,0.312,2.389482915532426e-06,-1,-1.0,20210609T080000_-1
AV.PS1A..BH,2021-06-09T09:56:25.340000,P,0.395,2.7201058401260525e-06,2,0.0056519196424026,20210609T080000_2
AV.PS1A..BH,2021-06-09T14:33:46.280000,P,0.812,3.6924109281244455e-06,6,0.0001893670270404,20210609T080000_6
AV.PS1A..BH,2021-06-09T11:46:50.060000,S,0.636,6.88707223162055e-06,3,0.0001928054337296,20210609T080000_3
AV.PS1A..BH,2021-06-09T14:34:04.980000,S,0.699,5.44975091543165e-06,7,0.0002518100630004,20210609T080000_7
AV.PS4A..BH,2021-06-09T14:33:46.960000,P,0.972,3.7777972465846688e-06,6,0.0002518100630004,20210609T080000_6
AV.PS4A..BH,2021-06-09T11:46:48.280000,S,0.454,5.14235171067412e-06,3,0.0166705952389026,20210609T080000_3
AV.PS4A..BH,2021-06-09T14:34:05.780000,S,0.766,7.1916192609933205e-06,7,0.010802134177649,20210609T080000_7
AV.PV6A..SH,2021-06-09T09:16:54.720000,P,0.882,3.215894821551047e-07,1,0.0166705952389026,20210609T080000_1
AV.PV6A..SH,2021-06-09T09:56:24.600000,P,0.95,2.627218123052444e-07,2,0.0056326453723246,20210609T080000_2
AV.PV6A..SH,2021-06-09T11:46:48.320000,P,0.689,9.555509450365207e-07,3,0.0001893670270404,20210609T080000_3
AV.PV6A..SH,2021-06-09T12:39:30.640000,P,0.568,3.661880896288494e-07,-1,-1.0,20210609T080000_-1
AV.PV6A..SH,2021-06-09T12:40:40.440000,P,0.927,4.30557349773153e-07,4,0.0001893670270404,20210609T080000_4
AV.PV6A..SH,2021-06-09T12:42:02.780000,P,0.348,5.116302759233804e-07,5,0.0001928054337296,20210609T080000_5
AV.PV6A..SH,2021-06-09T14:12:26.540000,P,0.438,3.343206174122315e-07,-1,-1.0,20210609T080000_-1
AV.PV6A..SH,2021-06-09T14:33:48.620000,P,0.761,1.3386517139224452e-06,6,0.010802134177649,20210609T080000_6
AV.PV6A..SH,2021-06-09T15:42:17.120000,P,0.591,8.477127266814932e-07,8,0.0072345902096487,20210609T080000_8
AV.PV6A..SH,2021-06-09T15:51:00.640000,P,0.854,4.257384773609374e-07,-1,-1.0,20210609T080000_-1
AV.PV6A..SH,2021-06-09T09:17:15.820000,S,0.501,2.836436010511534e-07,-1,-1.0,20210609T080000_-1
AV.PV6A..SH,2021-06-09T09:56:39.520000,S,0.334,2.4302599399561586e-07,-1,-1.0,20210609T080000_-1
AV.PV6A..SH,2021-06-09T11:46:54.680000,S,0.377,9.555509450365207e-07,3,0.0002518100630004,20210609T080000_3
AV.PV6A..SH,2021-06-09T12:24:27.200000,S,0.581,2.5421397253921896e-07,-1,-1.0,20210609T080000_-1
AV.PV6A..SH,2021-06-09T12:39:34.900000,S,0.492,3.661880896288494e-07,-1,-1.0,20210609T080000_-1
AV.PV6A..SH,2021-06-09T12:42:07.740000,S,0.357,5.116302759233804e-07,5,0.0166705952389026,20210609T080000_5
AV.PV6A..SH,2021-06-09T14:12:28.200000,S,0.391,3.343206174122315e-07,-1,-1.0,20210609T080000_-1
AV.PV6A..SH,2021-06-09T14:34:09.700000,S,0.791,2.631413281051209e-06,7,0.0057280244352274,20210609T080000_7
AV.PV6A..SH,2021-06-09T15:42:23.540000,S,0.604,8.477127266814932e-07,8,0.0001928054337296,20210609T080000_8
AV.PV6A..SH,2021-06-09T15:51:24.900000,S,0.82,5.900484438825515e-07,-1,-1.0,20210609T080000_-1
AV.PVV..SH,2021-06-09T09:16:51.640000,P,0.88,4.85039890918415e-07,1,0.0001893670270404,20210609T080000_1
AV.PVV..SH,2021-06-09T09:56:24.860000,P,0.779,3.210387546914717e-07,2,0.0160964578820338,20210609T080000_2
AV.PVV..SH,2021-06-09T11:46:46.160000,P,0.733,1.0535718502069358e-06,3,0.010802134177649,20210609T080000_3
AV.PVV..SH,2021-06-09T12:40:38.940000,P,0.518,3.692971404234413e-07,4,0.0002518100630004,20210609T080000_4
AV.PVV..SH,2021-06-09T12:41:59.520000,P,0.353,4.93383140565129e-07,5,0.0001893670270404,20210609T080000_5
AV.PVV..SH,2021-06-09T14:33:46.200000,P,0.961,1.1870730531882143e-06,6,0.0057280244352274,20210609T080000_6
AV.PVV..SH,2021-06-09T15:42:15.000000,P,0.839,6.503765916932025e-07,8,0.0166705952389026,20210609T080000_8
AV.PVV..SH,2021-06-09T15:50:57.720000,P,0.328,4.44080910710909e-07,-1,-1.0,20210609T080000_-1
AV.PVV..SH,2021-06-09T11:46:53.080000,S,0.59,1.0535718502069358e-06,-1,-1.0,20210609T080000_-1
AV.PVV..SH,2021-06-09T12:42:04.100000,S,0.669,4.93383140565129e-07,5,0.0002518100630004,20210609T080000_5
AV.PVV..SH,2021-06-09T14:34:05.180000,S,0.844,1.5615020174664096e-06,7,0.005331010149366,20210609T080000_7
AV.PVV..SH,2021-06-09T15:42:21.760000,S,0.733,6.503765916932025e-07,8,0.0001893670270404,20210609T080000_8
AV.S12K..BH,2021-06-09T09:56:25.240000,P,0.745,1.7019351616909262e-06,2,0.0071224434435405,20210609T080000_2
AV.S12K..BH,2021-06-09T12:40:40.960000,P,0.32,1.9002155795533329e-06,4,0.010802134177649,20210609T080000_4
AV.S12K..BH,2021-06-09T14:33:51.500000,P,0.444,2.699098558878177e-06,6,0.005331010149366,20210609T080000_6
AV.S12K..BH,2021-06-09T09:56:39.280000,S,0.42,1.9832764337479603e-06,-1,-1.0,20210609T080000_-1
AV.S12K..BH,2021-06-09T14:34:13.260000,S,0.721,1.0083347660838626e-05,7,0.0056519196424026,20210609T080000_7
AV.DEER..BH,2021-06-09T20:59:39.160000,P,0.547,2.083366325678071e-06,-1,-1.0,20210609T160000_-1
AV.DEER..BH,2021-06-09T20:59:55.440000,S,0.432,2.2386152522813063e-06,-1,-1.0,20210609T160000_-1
AV.DOL..BH,2021-06-09T20:59:44.480000,P,0.327,2.706868372115423e-06,2,0.0003482505698199,20210609T160000_2
AV.DOL..BH,2021-06-09T22:45:16.880000,P,0.96,4.7416342567885295e-06,-1,-1.0,20210609T160000_-1
AV.DOL..BH,2021-06-09T21:00:04.620000,S,0.556,4.108011125936173e-06,-1,-1.0,20210609T160000_-1
AV.DOL..BH,2021-06-09T22:45:36.160000,S,0.464,2.6794764380611014e-06,-1,-1.0,20210609T160000_-1
AV.DT1..BH,2021-06-09T20:59:40.120000,P,0.576,1.535465912638756e-06,-1,-1.0,20210609T160000_-1
AV.DT1..BH,2021-06-09T20:59:59.680000,S,0.708,2.445033487674664e-06,-1,-1.0,20210609T160000_-1
AV.DTN..BH,2021-06-09T20:59:42.860000,P,0.752,4.327565875428263e-06,2,6.576296955352107e-05,20210609T160000_2
AV.DTN..BH,2021-06-09T21:00:02.860000,S,0.374,4.332656772021437e-06,-1,-1.0,20210609T160000_-1
AV.HAG..SH,2021-06-09T16:00:19.660000,P,0.551,1.2054211993017816e-06,-1,-1.0,20210609T160000_-1
AV.HAG..SH,2021-06-09T16:00:32.880000,P,0.475,8.381547900171427e-07,-1,-1.0,20210609T160000_-1
AV.HAG..SH,2021-06-09T16:07:12.400000,P,0.335,2.414889877400128e-06,-1,-1.0,20210609T160000_-1
AV.HAG..SH,2021-06-09T16:07:36.600000,P,0.751,2.58756585935771e-06,-1,-1.0,20210609T160000_-1
AV.HAG..SH,2021-06-09T16:08:00.360000,P,0.557,1.47265359373705e-06,-1,-1.0,20210609T160000_-1
AV.HAG..SH,2021-06-09T16:08:15.040000,P,0.702,1.2029953495584778e-06,-1,-1.0,20210609T160000_-1
AV.HAG..SH,2021-06-09T16:12:50.180000,P,0.368,1.2249601013536449e-06,-1,-1.0,20210609T160000_-1
AV.HAG..SH,2021-06-09T16:23:25.080000,P,0.929,1.428160430805292e-06,-1,-1.0,20210609T160000_-1
AV.HAG..SH,2021-06-09T16:23:37.480000,P,0.307,1.1970407740591329e-06,-1,-1.0,20210609T160000_-1
AV.HAG..SH,2021-06-09T16:23:52.480000,P,0.327,1.0502403711143415e-06,-1,-1.0,20210609T160000_-1
AV.HAG..SH,2021-06-09T16:29:12.860000,P,0.624,1.1413185347919352e-06,-1,-1.0,20210609T160000_-1
AV.HAG..SH,2021-06-09T16:32:33.440000,P,0.57,1.2287255231058225e-06,-1,-1.0,20210609T160000_-1
AV.HAG..SH,2021-06-09T16:36:04.360000,P,0.466,8.035624432523036e-07,-1,-1.0,20210609T160000_-1
AV.HAG..SH,2021-06-09T16:44:55.980000,P,0.393,1.31778313061659e-06,-1,-1.0,20210609T160000_-1
AV.HAG..SH,2021-06-09T16:45:08.560000,P,0.396,2.65579092229018e-06,-1,-1.0,20210609T160000_-1
AV.HAG..SH,2021-06-09T16:52:24.800000,P,0.665,1.8724325627772489e-06,-1,-1.0,20210609T160000_-1
AV.HAG..SH,2021-06-09T16:52:46.140000,P,0.387,2.670944240890094e-06,-1,-1.0,20210609T160000_-1
AV.HAG..SH,2021-06-09T16:53:23.500000,P,0.403,2.914527385655674e-06,-1,-1.0,20210609T160000_-1
AV.HAG..SH,2021-06-09T16:53:35.240000,P,0.61,4.314802026783582e-06,-1,-1.0,20210609T160000_-1
AV.HAG..SH,2021-06-09T16:54:17.360000,P,0.387,2.178628619731171e-06,-1,-1.0,20210609T160000_-1
AV.HAG..SH,2021-06-09T17:00:43.160000,P,0.3,2.6368911676399875e-06,-1,-1.0,20210609T160000_-1
AV.HAG..SH,2021-06-09T17:09:04.420000,P,0.31,3.367009867361048e-06,-1,-1.0,20210609T160000_-1
AV.HAG..SH,2021-06-09T17:23:17.760000,P,0.654,1.3771559679298662e-06,-1,-1.0,20210609T160000_-1
AV.HAG..SH,2021-06-09T17:26:01.480000,P,0.879,2.8029933218931542e-06,-1,-1.0,20210609T160000_-1
AV.HAG..SH,2021-06-09T17:28:58.360000,P,0.791,2.9603713755932404e-06,-1,-1.0,20210609T160000_-1
AV.HAG..SH,2021-06-09T17:31:50.620000,P,0.521,3.025152409463772e-06,-1,-1.0,20210609T160000_-1
AV.HAG..SH,2021-06-09T17:32:35.500000,P,0.762,2.024539298872696e-06,-1,-1.0,20210609T160000_-1
AV.HAG..SH,2021-06-09T17:45:50.380000,P,0.509,2.7423377559898654e-06,-1,-1.0,20210609T160000_-1
AV.HAG..SH,2021-06-09T18:25:23.360000,P,0.446,4.482714757614303e-06,-1,-1.0,20210609T160000_-1
AV.HAG..SH,2021-06-09T18:50:45.740000,P,0.358,7.56727649786626e-06,-1,-1.0,20210609T160000_-1
AV.HAG..SH,2021-06-09T19:04:06.380000,P,0.621,7.656410161871463e-06,-1,-1.0,20210609T160000_-1
AV.HAG..SH,2021-06-09T19:12:35.960000,P,0.597,3.535875293891877e-06,-1,-1.0,20210609T160000_-1
AV.HAG..SH,2021-06-09T19:21:09.080000,P,0.481,4.423322934599128e-06,-1,-1.0,20210609T160000_-1
AV.HAG..SH,2021-06-09T19:22:00.720000,P,0.611,3.114592800557148e-06,-1,-1.0,20210609T160000_-1
AV.HAG..SH,2021-06-09T19:22:16.720000,P,0.575,4.393372819322394e-06,-1,-1.0,20210609T160000_-1
AV.HAG..SH,2021-06-09T19:22:50.640000,P,0.5,3.287975459898007e-06,-1,-1.0,20210609T160000_-1
AV.HAG..SH,2021-06-09T19:25:46.140000,P,0.664,2.479158638379886e-06,-1,-1.0,20210609T160000_-1
AV.HAG..SH,2021-06-09T19:30:10.960000,P,0.701,2.714201173148467e-06,-1,-1.0,20210609T160000_-1
AV.HAG..SH,2021-06-09T19:30:49.360000,P,0.528,1.591784211996128e-06,-1,-1.0,20210609T160000_-1
AV.HAG..SH,2021-06-09T19:30:59.740000,P,0.526,1.700430743767356e-06,-1,-1.0,20210609T160000_-1
AV.HAG..SH,2021-06-09T19:36:09.000000,P,0.664,1.078471541404724e-06,-1,-1.0,20210609T160000_-1
AV.HAG..SH,2021-06-09T19:44:38.280000,P,0.93,2.035017587331822e-06,-1,-1.0,20210609T160000_-1
AV.HAG..SH,2021-06-09T19:45:47.820000,P,0.663,9.624494623494684e-07,-1,-1.0,20210609T160000_-1
AV.HAG..SH,2021-06-09T19:49:39.180000,P,0.523,1.0526531468713074e-06,-1,-1.0,20210609T160000_-1
AV.HAG..SH,2021-06-09T19:51:10.120000,P,0.555,1.3731062153965468e-06,-1,-1.0,20210609T160000_-1
AV.HAG..SH,2021-06-09T19:56:09.180000,P,0.767,7.764911629237758e-07,-1,-1.0,20210609T160000_-1
AV.HAG..SH,2021-06-09T19:56:27.760000,P,0.703,8.271862839137611e-07,-1,-1.0,20210609T160000_-1
AV.HAG..SH,2021-06-09T19:58:45.740000,P,0.608,9.699788279249333e-07,-1,-1.0,20210609T160000_-1
AV.HAG..SH,2021-06-09T20:03:13.200000,P,0.326,1.1998566833426594e-06,-1,-1.0,20210609T160000_-1
AV.HAG..SH,2021-06-09T20:03:25.740000,P,0.313,1.833572810028272e-06,-1,-1.0,20210609T160000_-1
AV.HAG..SH,2021-06-09T20:11:22.160000,P,0.335,1.050835180649301e-06,-1,-1.0,20210609T160000_-1
AV.HAG..SH,2021-06-09T20:13:43.120000,P,0.583,1.2895379768451676e-06,-1,-1.0,20210609T160000_-1
AV.HAG..SH,2021-06-09T20:14:33.820000,P,0.476,1.0232362228634884e-06,-1,-1.0,20210609T160000_-1
AV.HAG..SH,2021-06-09T20:16:20.620000,P,0.373,8.946503839979414e-07,-1,-1.0,20210609T160000_-1
AV.HAG..SH,2021-06-09T20:53:10.400000,P,0.59,1.7604214690436493e-06,-1,-1.0,20210609T160000_-1
AV.HAG..SH,2021-06-09T20:59:46.200000,P,0.347,1.4567907555829152e-06,2,0.0005666846419715,20210609T160000_2
AV.HAG..SH,2021-06-09T21:06:13.440000,P,0.456,1.0286800034009502e-06,-1,-1.0,20210609T160000_-1
AV.HAG..SH,2021-06-09T21:28:02.680000,P,0.512,1.318022441409994e-06,-1,-1.0,20210609T160000_-1
AV.HAG..SH,2021-06-09T21:31:32.560000,P,0.643,1.8427155055178448e-06,-1,-1.0,20210609T160000_-1
AV.HAG..SH,2021-06-09T21:33:06.000000,P,0.426,1.7621537153900135e-06,-1,-1.0,20210609T160000_-1
AV.HAG..SH,2021-06-09T21:39:12.820000,P,0.552,2.323292846995173e-06,-1,-1.0,20210609T160000_-1
AV.HAG..SH,2021-06-09T21:47:06.280000,P,0.55,1.9030956082133343e-06,-1,-1.0,20210609T160000_-1
AV.HAG..SH,2021-06-09T22:16:35.740000,P,0.364,1.0263242984365206e-06,-1,-1.0,20210609T160000_-1
AV.HAG..SH,2021-06-09T22:26:20.460000,P,0.317,8.494287726534822e-07,-1,-1.0,20210609T160000_-1
AV.HAG..SH,2021-06-09T22:56:44.280000,P,0.453,9.620425771572627e-07,-1,-1.0,20210609T160000_-1
AV.HAG..SH,2021-06-09T23:27:48.720000,P,0.506,5.308687605065643e-07,-1,-1.0,20210609T160000_-1
AV.HAG..SH,2021-06-09T23:32:36.160000,P,0.314,5.614535893982975e-07,-1,-1.0,20210609T160000_-1
AV.HAG..SH,2021-06-09T23:57:46.860000,P,0.561,8.47574369799986e-07,3,0.0003482505698199,20210609T160000_3
AV.HAG..SH,2021-06-09T16:00:04.920000,S,0.553,1.6267209730358443e-06,-1,-1.0,20210609T160000_-1
AV.HAG..SH,2021-06-09T16:00:24.520000,S,0.437,1.2054211993017816e-06,-1,-1.0,20210609T160000_-1
AV.HAG..SH,2021-06-09T16:07:17.400000,S,0.761,2.044230086539756e-06,-1,-1.0,20210609T160000_-1
AV.HAG..SH,2021-06-09T16:07:48.200000,S,0.507,2.58756585935771e-06,-1,-1.0,20210609T160000_-1
AV.HAG..SH,2021-06-09T16:08:04.000000,S,0.506,1.042456005961867e-06,-1,-1.0,20210609T160000_-1
AV.HAG..SH,2021-06-09T16:08:20.780000,S,0.699,1.5548176861557297e-06,-1,-1.0,20210609T160000_-1
AV.HAG..SH,2021-06-09T16:09:15.900000,S,0.363,1.505933028056461e-06,-1,-1.0,20210609T160000_-1
AV.HAG..SH,2021-06-09T16:10:24.320000,S,0.387,1.8792795799527084e-06,-1,-1.0,20210609T160000_-1
AV.HAG..SH,2021-06-09T16:30:55.920000,S,0.537,1.366440983474604e-06,-1,-1.0,20210609T160000_-1
AV.HAG..SH,2021-06-09T16:32:23.920000,S,0.608,1.3246379921838525e-06,-1,-1.0,20210609T160000_-1
AV.HAG..SH,2021-06-09T16:32:40.860000,S,0.454,1.2287255231058225e-06,-1,-1.0,20210609T160000_-1
AV.HAG..SH,2021-06-09T16:35:42.760000,S,0.388,1.4934939827071505e-06,-1,-1.0,20210609T160000_-1
AV.HAG..SH,2021-06-09T16:36:09.840000,S,0.593,9.061857895176216e-07,-1,-1.0,20210609T160000_-1
AV.HAG..SH,2021-06-09T16:40:05.480000,S,0.417,1.1800165111708338e-06,-1,-1.0,20210609T160000_-1
AV.HAG..SH,2021-06-09T16:40:44.040000,S,0.313,8.748679078962596e-07,-1,-1.0,20210609T160000_-1
AV.HAG..SH,2021-06-09T16:52:28.960000,S,0.484,1.8724325627772489e-06,-1,-1.0,20210609T160000_-1
AV.HAG..SH,2021-06-09T17:09:04.440000,S,0.346,3.367009867361048e-06,-1,-1.0,20210609T160000_-1
AV.HAG..SH,2021-06-09T17:16:14.600000,S,0.302,2.7984624466625974e-06,-1,-1.0,20210609T160000_-1
AV.HAG..SH,2021-06-09T17:23:25.920000,S,0.568,1.3771559679298662e-06,-1,-1.0,20210609T160000_-1
AV.HAG..SH,2021-06-09T17:24:21.360000,S,0.424,1.4934834098312422e-06,-1,-1.0,20210609T160000_-1
AV.HAG..SH,2021-06-09T17:25:51.680000,S,0.309,2.8029933218931542e-06,-1,-1.0,20210609T160000_-1
AV.HAG..SH,2021-06-09T17:27:48.120000,S,0.378,3.210597014913219e-06,-1,-1.0,20210609T160000_-1
AV.HAG..SH,2021-06-09T17:33:28.140000,S,0.435,1.2178442148069737e-06,-1,-1.0,20210609T160000_-1
AV.HAG..SH,2021-06-09T18:09:03.300000,S,0.523,3.125051534880185e-06,-1,-1.0,20210609T160000_-1
AV.HAG..SH,2021-06-09T18:24:16.200000,S,0.342,3.772861646211824e-06,-1,-1.0,20210609T160000_-1
AV.HAG..SH,2021-06-09T18:24:54.200000,S,0.423,4.044938123115571e-06,-1,-1.0,20210609T160000_-1
AV.HAG..SH,2021-06-09T18:25:29.880000,S,0.317,4.482714757614303e-06,-1,-1.0,20210609T160000_-1
AV.HAG..SH,2021-06-09T18:50:01.980000,S,0.593,5.354531367629534e-06,-1,-1.0,20210609T160000_-1
AV.HAG..SH,2021-06-09T19:12:47.920000,S,0.333,3.966195890825475e-06,-1,-1.0,20210609T160000_-1
AV.HAG..SH,2021-06-09T19:22:57.780000,S,0.489,2.612237040011678e-06,-1,-1.0,20210609T160000_-1
AV.HAG..SH,2021-06-09T19:44:42.640000,S,0.721,1.792065063455084e-06,-1,-1.0,20210609T160000_-1
AV.HAG..SH,2021-06-09T19:45:19.880000,S,0.365,1.0932418490483542e-06,-1,-1.0,20210609T160000_-1
AV.HAG..SH,2021-06-09T19:49:45.480000,S,0.69,1.0526531468713074e-06,-1,-1.0,20210609T160000_-1
AV.HAG..SH,2021-06-09T19:51:22.080000,S,0.321,8.41000655782409e-07,-1,-1.0,20210609T160000_-1
AV.HAG..SH,2021-06-09T19:56:15.720000,S,0.575,6.117478505984764e-07,-1,-1.0,20210609T160000_-1
AV.HAG..SH,2021-06-09T19:58:34.280000,S,0.351,1.245350517820043e-06,-1,-1.0,20210609T160000_-1
AV.HAG..SH,2021-06-09T19:58:50.440000,S,0.439,8.103236268652836e-07,-1,-1.0,20210609T160000_-1
AV.HAG..SH,2021-06-09T20:03:33.100000,S,0.724,1.833572810028272e-06,-1,-1.0,20210609T160000_-1
AV.HAG..SH,2021-06-09T20:14:41.280000,S,0.461,1.0232362228634884e-06,-1,-1.0,20210609T160000_-1
AV.HAG..SH,2021-06-09T20:19:14.220000,S,0.503,1.0496712548047071e-06,-1,-1.0,20210609T160000_-1
AV.HAG..SH,2021-06-09T20:22:53.240000,S,0.504,1.2039604371238966e-06,1,0.0003482505698199,20210609T160000_1
AV.HAG..SH,2021-06-09T20:23:49.360000,S,0.419,9.553777999826707e-07,-1,-1.0,20210609T160000_-1
AV.HAG..SH,2021-06-09T20:53:15.520000,S,0.649,1.7604214690436493e-06,-1,-1.0,20210609T160000_-1
AV.HAG..SH,2021-06-09T21:28:14.080000,S,0.531,1.318022441409994e-06,-1,-1.0,20210609T160000_-1
AV.HAG..SH,2021-06-09T21:31:35.460000,S,0.805,1.8427155055178448e-06,-1,-1.0,20210609T160000_-1
AV.HAG..SH,2021-06-09T21:33:15.200000,S,0.591,1.7621537153900135e-06,-1,-1.0,20210609T160000_-1
AV.HAG..SH,2021-06-09T21:38:37.880000,S,0.459,2.297811306561925e-06,-1,-1.0,20210609T160000_-1
AV.HAG..SH,2021-06-09T21:47:10.600000,S,0.334,1.9030956082133343e-06,-1,-1.0,20210609T160000_-1
AV.HAG..SH,2021-06-09T22:40:02.680000,S,0.319,8.311574788422149e-07,-1,-1.0,20210609T160000_-1
AV.HAG..SH,2021-06-09T23:58:04.720000,S,0.41,7.409659588120121e-07,4,0.0003482505698199,20210609T160000_4
AV.PN7A..BH,2021-06-09T16:53:20.620000,P,0.58,4.918570994050242e-06,-1,-1.0,20210609T160000_-1
AV.PN7A..BH,2021-06-09T20:22:48.300000,P,0.313,4.870100383413956e-06,1,6.576296955352107e-05,20210609T160000_1
AV.PN7A..BH,2021-06-09T21:18:43.560000,P,0.524,4.533282663032878e-06,-1,-1.0,20210609T160000_-1
AV.PN7A..BH,2021-06-09T23:57:46.440000,P,0.473,2.5356382593599847e-06,3,6.576296955352107e-05,20210609T160000_3
AV.PN7A..BH,2021-06-09T16:53:22.440000,S,0.469,4.918570994050242e-06,-1,-1.0,20210609T160000_-1
AV.PN7A..BH,2021-06-09T23:58:05.400000,S,0.828,3.458410674284096e-06,4,6.576296955352107e-05,20210609T160000_4
AV.PV6A..SH,2021-06-09T19:00:21.640000,P,0.306,3.6256346902519e-07,-1,-1.0,20210609T160000_-1
AV.PV6A..SH,2021-06-09T20:22:49.600000,P,0.619,1.1832469226646936e-06,1,0.0005666846419715,20210609T160000_1
AV.PV6A..SH,2021-06-09T20:59:50.140000,P,0.762,3.810305031493044e-07,2,0.000276151802995,20210609T160000_2
AV.PV6A..SH,2021-06-09T22:45:22.080000,P,0.591,3.361256801781565e-07,-1,-1.0,20210609T160000_-1
AV.PV6A..SH,2021-06-09T23:57:45.680000,P,0.6,4.527962005340669e-07,3,0.0005666846419715,20210609T160000_3
AV.PV6A..SH,2021-06-09T16:16:50.280000,S,0.452,3.468381351012795e-07,-1,-1.0,20210609T160000_-1
AV.PV6A..SH,2021-06-09T19:00:43.100000,S,0.675,4.836181801692874e-07,-1,-1.0,20210609T160000_-1
AV.PV6A..SH,2021-06-09T20:22:55.480000,S,0.365,1.2008317753497977e-06,1,0.000276151802995,20210609T160000_1
AV.PV6A..SH,2021-06-09T22:45:46.480000,S,0.821,9.378003369420184e-07,-1,-1.0,20210609T160000_-1
AV.PV6A..SH,2021-06-09T23:58:02.860000,S,0.684,6.982091917961952e-07,4,0.0005666846419715,20210609T160000_4
AV.PVV..SH,2021-06-09T16:35:40.060000,P,0.518,2.970893149267795e-07,-1,-1.0,20210609T160000_-1
AV.PVV..SH,2021-06-09T16:58:20.220000,P,0.887,4.761926675200813e-07,-1,-1.0,20210609T160000_-1
AV.PVV..SH,2021-06-09T16:58:42.060000,P,0.816,5.495222694662516e-07,-1,-1.0,20210609T160000_-1
AV.PVV..SH,2021-06-09T16:58:55.040000,P,0.64,4.988390287508082e-07,-1,-1.0,20210609T160000_-1
AV.PVV..SH,2021-06-09T17:10:16.720000,P,0.418,1.1868163483086391e-06,-1,-1.0,20210609T160000_-1
AV.PVV..SH,2021-06-09T17:11:03.600000,P,0.469,5.271245981930406e-07,-1,-1.0,20210609T160000_-1
AV.PVV..SH,2021-06-09T17:13:39.140000,P,0.317,6.087325914450048e-07,-1,-1.0,20210609T160000_-1
AV.PVV..SH,2021-06-09T17:13:59.120000,P,0.564,8.163425491147791e-07,-1,-1.0,20210609T160000_-1
AV.PVV..SH,2021-06-09T17:14:14.060000,P,0.774,1.0081007530970965e-06,-1,-1.0,20210609T160000_-1
AV.PVV..SH,2021-06-09T17:14:48.500000,P,0.321,1.1684248875099e-06,-1,-1.0,20210609T160000_-1
AV.PVV..SH,2021-06-09T17:22:05.800000,P,0.562,1.0123176252818666e-06,-1,-1.0,20210609T160000_-1
AV.PVV..SH,2021-06-09T17:25:57.320000,P,0.77,1.044811142492108e-06,-1,-1.0,20210609T160000_-1
AV.PVV..SH,2021-06-09T17:27:01.500000,P,0.443,7.556697028121562e-07,-1,-1.0,20210609T160000_-1
AV.PVV..SH,2021-06-09T17:27:24.780000,P,0.483,3.310978399895248e-06,-1,-1.0,20210609T160000_-1
AV.PVV..SH,2021-06-09T17:28:30.700000,P,0.395,1.1269847846051562e-06,-1,-1.0,20210609T160000_-1
AV.PVV..SH,2021-06-09T17:28:52.040000,P,0.33,8.102396691356262e-07,-1,-1.0,20210609T160000_-1
AV.PVV..SH,2021-06-09T17:29:30.140000,P,0.417,4.077473079178162e-07,-1,-1.0,20210609T160000_-1
AV.PVV..SH,2021-06-09T17:29:48.060000,P,0.407,3.683099407680857e-07,-1,-1.0,20210609T160000_-1
AV.PVV..SH,2021-06-09T17:49:03.800000,P,0.408,5.095990331938083e-07,-1,-1.0,20210609T160000_-1
AV.PVV..SH,2021-06-09T17:56:29.480000,P,0.752,5.036522452428471e-07,-1,-1.0,20210609T160000_-1
AV.PVV..SH,2021-06-09T17:58:11.440000,P,0.448,5.353476808522828e-07,-1,-1.0,20210609T160000_-1
AV.PVV..SH,2021-06-09T18:12:02.080000,P,0.573,6.160661314424942e-07,-1,-1.0,20210609T160000_-1
AV.PVV..SH,2021-06-09T18:15:15.960000,P,0.749,2.047530642812489e-06,-1,-1.0,20210609T160000_-1
AV.PVV..SH,2021-06-09T18:15:39.760000,P,0.833,4.3824849171869573e-07,-1,-1.0,20210609T160000_-1
AV.PVV..SH,2021-06-09T18:16:34.880000,P,0.48,6.200154984981054e-07,-1,-1.0,20210609T160000_-1
AV.PVV..SH,2021-06-09T18:25:44.820000,P,0.934,9.265804692404344e-07,-1,-1.0,20210609T160000_-1
AV.PVV..SH,2021-06-09T18:28:31.440000,P,0.52,5.601622206086176e-07,-1,-1.0,20210609T160000_-1
AV.PVV..SH,2021-06-09T18:28:55.100000,P,0.885,1.0790595297294203e-06,-1,-1.0,20210609T160000_-1
AV.PVV..SH,2021-06-09T18:50:42.320000,P,0.316,3.6542400039252243e-07,-1,-1.0,20210609T160000_-1
AV.PVV..SH,2021-06-09T19:00:19.280000,P,0.346,4.045254797802045e-07,-1,-1.0,20210609T160000_-1
AV.PVV..SH,2021-06-09T19:13:32.380000,P,0.346,3.3036636182259826e-07,-1,-1.0,20210609T160000_-1
AV.PVV..SH,2021-06-09T19:32:13.360000,P,0.648,5.071528903499711e-07,-1,-1.0,20210609T160000_-1
AV.PVV..SH,2021-06-09T20:22:48.220000,P,0.898,1.0740667448772e-06,1,0.0003020993902289,20210609T160000_1
AV.PVV..SH,2021-06-09T21:14:35.340000,P,0.881,5.900304813621915e-07,-1,-1.0,20210609T160000_-1
AV.PVV..SH,2021-06-09T21:42:50.540000,P,0.489,3.108036992216512e-07,-1,-1.0,20210609T160000_-1
AV.PVV..SH,2021-06-09T22:45:18.840000,P,0.75,5.582796234193665e-07,-1,-1.0,20210609T160000_-1
AV.PVV..SH,2021-06-09T23:57:44.960000,P,0.575,2.971941057694494e-07,3,0.000276151802995,20210609T160000_3
AV.PVV..SH,2021-06-09T16:33:57.800000,S,0.352,4.1884518964252493e-07,-1,-1.0,20210609T160000_-1
AV.PVV..SH,2021-06-09T16:35:39.980000,S,0.306,2.970893149267795e-07,-1,-1.0,20210609T160000_-1
AV.PVV..SH,2021-06-09T16:40:40.480000,S,0.49,8.929600312512775e-07,-1,-1.0,20210609T160000_-1
AV.PVV..SH,2021-06-09T16:57:38.680000,S,0.397,1.0092533102579182e-06,-1,-1.0,20210609T160000_-1
AV.PVV..SH,2021-06-09T16:58:47.560000,S,0.368,4.988390287508082e-07,-1,-1.0,20210609T160000_-1
AV.PVV..SH,2021-06-09T16:59:04.720000,S,0.338,6.978100941523735e-07,-1,-1.0,20210609T160000_-1
AV.PVV..SH,2021-06-09T17:09:59.680000,S,0.566,1.6209140767386998e-06,-1,-1.0,20210609T160000_-1
AV.PVV..SH,2021-06-09T17:11:08.920000,S,0.429,6.303454256340046e-07,-1,-1.0,20210609T160000_-1
AV.PVV..SH,2021-06-09T17:13:42.560000,S,0.459,6.087325914450048e-07,-1,-1.0,20210609T160000_-1
AV.PVV..SH,2021-06-09T17:14:03.320000,S,0.411,8.163425491147791e-07,-1,-1.0,20210609T160000_-1
AV.PVV..SH,2021-06-09T17:14:18.640000,S,0.667,1.0081007530970965e-06,-1,-1.0,20210609T160000_-1
AV.PVV..SH,2021-06-09T17:14:48.640000,S,0.367,1.1684248875099e-06,-1,-1.0,20210609T160000_-1
AV.PVV..SH,2021-06-09T17:21:56.640000,S,0.389,1.0123176252818666e-06,-1,-1.0,20210609T160000_-1
AV.PVV..SH,2021-06-09T17:25:59.440000,S,0.373,1.044811142492108e-06,-1,-1.0,20210609T160000_-1
AV.PVV..SH,2021-06-09T17:27:31.680000,S,0.712,3.310978399895248e-06,-1,-1.0,20210609T160000_-1
AV.PVV..SH,2021-06-09T17:29:32.640000,S,0.49,4.077473079178162e-07,-1,-1.0,20210609T160000_-1
AV.PVV..SH,2021-06-09T17:29:54.500000,S,0.715,3.683099407680857e-07,-1,-1.0,20210609T160000_-1
AV.PVV..SH,2021-06-09T17:46:35.780000,S,0.655,8.1753955782915e-07,-1,-1.0,20210609T160000_-1
AV.PVV..SH,2021-06-09T17:53:17.980000,S,0.412,7.753395721010747e-07,-1,-1.0,20210609T160000_-1
AV.PVV..SH,2021-06-09T17:57:37.820000,S,0.487,4.355646581188921e-07,-1,-1.0,20210609T160000_-1
AV.PVV..SH,2021-06-09T17:58:21.200000,S,0.662,5.353476808522828e-07,-1,-1.0,20210609T160000_-1
AV.PVV..SH,2021-06-09T18:00:36.520000,S,0.33,2.558323785706307e-06,-1,-1.0,20210609T160000_-1
AV.PVV..SH,2021-06-09T18:12:04.940000,S,0.387,6.160661314424942e-07,-1,-1.0,20210609T160000_-1
AV.PVV..SH,2021-06-09T18:13:17.500000,S,0.656,6.544073016812035e-07,-1,-1.0,20210609T160000_-1
AV.PVV..SH,2021-06-09T18:15:49.180000,S,0.456,3.7617405723722186e-07,-1,-1.0,20210609T160000_-1
AV.PVV..SH,2021-06-09T18:25:50.560000,S,0.683,9.265804692404344e-07,-1,-1.0,20210609T160000_-1
AV.PVV..SH,2021-06-09T18:28:41.360000,S,0.342,5.601622206086176e-07,-1,-1.0,20210609T160000_-1
AV.PVV..SH,2021-06-09T18:29:07.640000,S,0.529,4.283430428131396e-07,-1,-1.0,20210609T160000_-1
AV.PVV..SH,2021-06-09T20:22:55.040000,S,0.325,1.0740667448772e-06,1,8.510191449325674e-05,20210609T160000_1
AV.PVV..SH,2021-06-09T21:01:04.600000,S,0.305,3.153466821004258e-07,-1,-1.0,20210609T160000_-1
AV.PVV..SH,2021-06-09T21:14:48.560000,S,0.584,8.381394991374691e-07,-1,-1.0,20210609T160000_-1
AV.PVV..SH,2021-06-09T23:58:03.100000,S,0.628,3.278386770944053e-07,4,0.000276151802995,20210609T160000_4
AV.S12K..BH,2021-06-09T23:57:44.380000,P,0.479,1.8271127828484168e-06,3,0.0003020993902289,20210609T160000_3
AV.S12K..BH,2021-06-09T23:58:02.160000,S,0.513,3.3366347906849114e-06,4,0.0003020993902289,20210609T160000_4
AV.DEER..BH,2021-06-10T00:00:00.020000,P,0.36,1.789022121556627e-06,-1,-1.0,20210610T000000_-1
AV.DEER..BH,2021-06-10T05:16:10.280000,P,0.646,1.3388381603363086e-06,-1,-1.0,20210610T000000_-1
AV.DEER..BH,2021-06-10T07:00:30.120000,P,0.808,1.1969244724241437e-06,-1,-1.0,20210610T000000_-1
AV.DEER..BH,2021-06-10T03:13:40.660000,S,0.551,1.893225885396532e-06,2,0.0031017620436672,20210610T000000_2
AV.DEER..BH,2021-06-10T07:00:41.820000,S,0.833,8.290193136417656e-07,-1,-1.0,20210610T000000_-1
AV.DOL..BH,2021-06-10T03:12:36.620000,P,0.84,1.447732074666419e-06,1,0.0031017620436672,20210610T000000_1
AV.DOL..BH,2021-06-10T03:13:35.660000,S,0.559,2.8664771889452823e-06,2,0.0005991679135312,20210610T000000_2
AV.DT1..BH,2021-06-10T05:16:11.240000,P,0.531,1.2805387541448e-06,-1,-1.0,20210610T000000_-1
AV.DT1..BH,2021-06-10T07:00:31.440000,P,0.518,1.0754757795439218e-06,-1,-1.0,20210610T000000_-1
AV.DT1..BH,2021-06-10T03:13:40.960000,S,0.568,1.749454213495483e-06,2,0.000260856137943,20210610T000000_2
AV.DT1..BH,2021-06-10T07:00:44.460000,S,0.432,1.0869772495425425e-06,-1,-1.0,20210610T000000_-1
AV.DTN..BH,2021-06-10T00:00:00.020000,P,0.396,2.5631472908571595e-06,-1,-1.0,20210610T000000_-1
AV.HAG..SH,2021-06-10T01:40:51.440000,P,0.315,8.039220347200171e-07,-1,-1.0,20210610T000000_-1
AV.HAG..SH,2021-06-10T01:50:41.200000,P,0.34,8.675904723531858e-07,-1,-1.0,20210610T000000_-1
AV.HAG..SH,2021-06-10T01:59:12.940000,P,0.347,1.0059686701424653e-06,-1,-1.0,20210610T000000_-1
AV.HAG..SH,2021-06-10T02:01:14.000000,P,0.469,1.049830189003842e-06,-1,-1.0,20210610T000000_-1
AV.HAG..SH,2021-06-10T02:23:55.940000,P,0.363,1.1787510629801543e-06,-1,-1.0,20210610T000000_-1
AV.HAG..SH,2021-06-10T02:52:21.840000,P,0.588,1.2258955166544183e-06,-1,-1.0,20210610T000000_-1
AV.HAG..SH,2021-06-10T02:57:50.640000,P,0.492,8.21734431610821e-07,-1,-1.0,20210610T000000_-1
AV.HAG..SH,2021-06-10T03:00:28.920000,P,0.497,9.813218184717698e-07,-1,-1.0,20210610T000000_-1
AV.HAG..SH,2021-06-10T03:12:38.860000,P,0.422,8.769324608692841e-07,1,0.0005991679135312,20210610T000000_1
AV.HAG..SH,2021-06-10T01:00:43.040000,S,0.331,4.748978028601414e-07,-1,-1.0,20210610T000000_-1
AV.HAG..SH,2021-06-10T01:50:47.020000,S,0.367,8.675904723531858e-07,-1,-1.0,20210610T000000_-1
AV.PN7A..BH,2021-06-10T02:11:15.240000,P,0.726,2.7688270165526774e-06,-1,-1.0,20210610T000000_-1
AV.PN7A..BH,2021-06-10T02:11:16.840000,S,0.377,2.7688270165526774e-06,-1,-1.0,20210610T000000_-1
AV.PS1A..BH,2021-06-10T05:38:42.520000,P,0.485,4.782033556693932e-06,-1,-1.0,20210610T000000_-1
AV.PV6A..SH,2021-06-10T00:00:00.020000,P,0.381,2.98769805340271e-07,-1,-1.0,20210610T000000_-1
AV.PV6A..SH,2021-06-10T02:05:56.720000,P,0.476,2.818793802816799e-07,-1,-1.0,20210610T000000_-1
AV.PV6A..SH,2021-06-10T03:12:40.760000,P,0.864,3.7961711996104e-07,1,0.000260856137943,20210610T000000_1
AV.PV6A..SH,2021-06-10T03:30:29.720000,P,0.308,4.811830649487092e-07,-1,-1.0,20210610T000000_-1
AV.PV6A..SH,2021-06-10T05:14:09.780000,P,0.334,2.19894914721408e-07,-1,-1.0,20210610T000000_-1
AV.PV6A..SH,2021-06-10T05:26:57.340000,P,0.311,2.545887696214777e-07,-1,-1.0,20210610T000000_-1
AV.PV6A..SH,2021-06-10T06:09:31.160000,P,0.444,2.6648967832443304e-07,-1,-1.0,20210610T000000_-1
AV.PV6A..SH,2021-06-10T02:06:09.500000,S,0.489,2.3423986306170266e-07,-1,-1.0,20210610T000000_-1
AV.PV6A..SH,2021-06-10T02:06:10.180000,S,0.55,4.00915183718098e-07,-1,-1.0,20210610T000000_-1
AV.PV6A..SH,2021-06-10T03:13:43.500000,S,0.532,5.902236352994805e-07,2,0.0034198704337746,20210610T000000_2
AV.PV6A..SH,2021-06-10T05:44:47.240000,S,0.426,4.410326255310793e-07,-1,-1.0,20210610T000000_-1
AV.PV6A..SH,2021-06-10T06:13:17.580000,S,0.331,4.397708721626259e-07,-1,-1.0,20210610T000000_-1
AV.PVV..SH,2021-06-10T00:22:36.560000,P,0.348,2.700020900192613e-07,-1,-1.0,20210610T000000_-1
AV.PVV..SH,2021-06-10T00:46:13.800000,P,0.557,7.180582315413631e-07,-1,-1.0,20210610T000000_-1
AV.PVV..SH,2021-06-10T02:06:06.600000,P,0.746,3.323872590499377e-07,-1,-1.0,20210610T000000_-1
AV.PVV..SH,2021-06-10T02:58:54.860000,P,0.469,6.140085702099896e-07,-1,-1.0,20210610T000000_-1
AV.PVV..SH,2021-06-10T03:12:38.360000,P,0.934,4.144385457038881e-07,1,0.0034198704337746,20210610T000000_1
AV.PVV..SH,2021-06-10T00:46:18.400000,S,0.724,7.180582315413631e-07,-1,-1.0,20210610T000000_-1
AV.PVV..SH,2021-06-10T02:58:58.800000,S,0.306,6.140085702099896e-07,-1,-1.0,20210610T000000_-1
AV.DEER..BH,2021-06-10T15:02:57.440000,S,0.469,1.4673546502308454e-06,2,0.0020138648848089,20210610T080000_2
AV.DOL..BH,2021-06-10T15:02:57.340000,S,0.6,1.76255457517982e-06,2,0.0053370069741755,20210610T080000_2
AV.DOL..BH,2021-06-10T15:45:48.160000,S,0.326,2.015340669458965e-06,-1,-1.0,20210610T080000_-1
AV.DT1..BH,2021-06-10T08:22:20.520000,P,0.555,1.4165105994834448e-06,-1,-1.0,20210610T080000_-1
AV.DT1..BH,2021-06-10T13:04:11.180000,P,0.444,9.444504485145444e-07,-1,-1.0,20210610T080000_-1
AV.DT1..BH,2021-06-10T15:02:59.440000,S,0.61,1.6033783367674914e-06,2,6.772454093584229e-05,20210610T080000_2
AV.DT1..BH,2021-06-10T15:45:44.680000,S,0.526,1.7346552567687468e-06,-1,-1.0,20210610T080000_-1
AV.DTN..BH,2021-06-10T15:25:05.660000,P,0.346,2.5056108370336005e-06,-1,-1.0,20210610T080000_-1
AV.DTN..BH,2021-06-10T15:03:00.660000,S,0.541,2.639546664795489e-06,2,0.0043556957774143,20210610T080000_2
AV.HAG..SH,2021-06-10T10:20:02.180000,P,0.613,5.463174943542981e-07,-1,-1.0,20210610T080000_-1
AV.HAG..SH,2021-06-10T15:45:15.200000,P,0.38,4.876115440310969e-07,-1,-1.0,20210610T080000_-1
AV.HAG..SH,2021-06-10T08:03:00.880000,S,0.403,7.965003874232934e-07,-1,-1.0,20210610T080000_-1
AV.PN7A..BH,2021-06-10T10:19:58.380000,P,0.345,2.2035924303054344e-06,1,0.0020138648848089,20210610T080000_1
AV.PS1A..BH,2021-06-10T08:00:00.020000,P,0.448,3.5566260976338526e-06,-1,-1.0,20210610T080000_-1
AV.PS1A..BH,2021-06-10T08:22:20.520000,P,0.694,3.443682317083585e-06,-1,-1.0,20210610T080000_-1
AV.PS1A..BH,2021-06-10T10:19:57.820000,P,0.481,2.3754441826895345e-06,1,0.0053370069741755,20210610T080000_1
AV.PS1A..BH,2021-06-10T15:45:17.400000,P,0.335,2.5887982246786123e-06,-1,-1.0,20210610T080000_-1
AV.PS1A..BH,2021-06-10T10:20:01.320000,S,0.45,2.3754441826895345e-06,1,6.772454093584229e-05,20210610T080000_1
AV.PS1A..BH,2021-06-10T15:03:04.000000,S,0.528,3.216066033928655e-06,2,0.0002059723686154,20210610T080000_2
AV.PV6A..SH,2021-06-10T08:00:00.020000,P,0.421,1.822170929699496e-07,-1,-1.0,20210610T080000_-1
AV.PV6A..SH,2021-06-10T08:02:57.200000,P,0.336,1.248580474566552e-06,-1,-1.0,20210610T080000_-1
AV.PV6A..SH,2021-06-10T12:53:34.400000,P,0.521,3.764527605198964e-07,-1,-1.0,20210610T080000_-1
AV.PV6A..SH,2021-06-10T12:58:46.240000,P,0.356,1.89740347877887e-07,-1,-1.0,20210610T080000_-1
AV.PV6A..SH,2021-06-10T15:25:31.520000,P,0.344,2.130695122559701e-07,-1,-1.0,20210610T080000_-1
AV.PV6A..SH,2021-06-10T08:22:35.260000,S,0.373,2.447911242597911e-07,-1,-1.0,20210610T080000_-1
AV.PV6A..SH,2021-06-10T10:20:01.320000,S,0.409,7.926798275548208e-07,1,0.0043556957774143,20210610T080000_1
AV.PV6A..SH,2021-06-10T15:03:07.700000,S,0.467,2.57232301237309e-07,2,0.0056765002462327,20210610T080000_2
AV.PVV..SH,2021-06-10T08:02:55.080000,P,0.912,1.1277087423877674e-06,-1,-1.0,20210610T080000_-1
AV.PVV..SH,2021-06-10T08:55:30.600000,P,0.598,4.973584282197407e-07,-1,-1.0,20210610T080000_-1
AV.PVV..SH,2021-06-10T09:51:14.800000,P,0.6,2.647242354214541e-07,-1,-1.0,20210610T080000_-1
AV.PVV..SH,2021-06-10T10:19:57.760000,P,0.567,3.848999199362879e-07,1,0.0002059723686154,20210610T080000_1
AV.PVV..SH,2021-06-10T11:07:58.520000,P,0.496,2.1751451129148339e-07,-1,-1.0,20210610T080000_-1
AV.PVV..SH,2021-06-10T11:08:17.740000,P,0.627,3.007762074958009e-07,-1,-1.0,20210610T080000_-1
AV.PVV..SH,2021-06-10T14:40:39.880000,P,0.353,1.388035286709055e-07,-1,-1.0,20210610T080000_-1
AV.PVV..SH,2021-06-10T14:40:42.540000,P,0.304,2.106567222881495e-07,-1,-1.0,20210610T080000_-1
AV.PVV..SH,2021-06-10T15:45:54.600000,P,0.372,2.990267944369407e-07,-1,-1.0,20210610T080000_-1
AV.PVV..SH,2021-06-10T08:55:32.280000,S,0.379,4.973584282197407e-07,-1,-1.0,20210610T080000_-1
AV.PVV..SH,2021-06-10T09:51:17.600000,S,0.369,2.426222351914476e-07,-1,-1.0,20210610T080000_-1
AV.PVV..SH,2021-06-10T10:20:02.720000,S,0.443,3.848999199362879e-07,1,0.0056765002462327,20210610T080000_1
AV.PVV..SH,2021-06-10T11:08:01.440000,S,0.462,2.1309766395916085e-07,-1,-1.0,20210610T080000_-1
AV.PVV..SH,2021-06-10T14:40:46.520000,S,0.471,2.143487165540137e-07,-1,-1.0,20210610T080000_-1
AV.S12K..BH,2021-06-10T10:19:58.920000,P,0.413,3.293916961411014e-06,1,0.0001092412517998,20210610T080000_1
AV.S12K..BH,2021-06-10T10:20:04.620000,S,0.701,3.293916961411014e-06,1,5.097244395226364e-05,20210610T080000_1
AV.DEER..BH,2021-06-10T17:28:07.940000,P,0.974,1.1211785022169352e-05,1,0.0773647100181644,20210610T160000_1
AV.DEER..BH,2021-06-10T20:23:23.820000,P,0.843,9.940041536538049e-07,3,0.0773647100181644,20210610T160000_3
AV.DEER..BH,2021-06-10T22:22:30.540000,P,0.873,1.3055689578322929e-06,6,0.0773647100181644,20210610T160000_6
AV.DEER..BH,2021-06-10T17:28:16.100000,S,0.723,1.1211785022169352e-05,1,0.0111210228222485,20210610T160000_1
AV.DEER..BH,2021-06-10T20:23:37.840000,S,0.501,1.637833520362619e-06,2,0.0773647100181644,20210610T160000_2
AV.DEER..BH,2021-06-10T22:22:39.080000,S,0.934,1.3055689578322929e-06,6,0.0111210228222485,20210610T160000_6
AV.DOL..BH,2021-06-10T17:28:10.560000,P,0.984,3.104859933955595e-05,1,0.0004238859897693,20210610T160000_1
AV.DOL..BH,2021-06-10T20:10:02.280000,P,0.659,1.112002109948662e-06,-1,-1.0,20210610T160000_-1
AV.DOL..BH,2021-06-10T20:23:22.680000,P,0.986,2.26322526941658e-06,2,0.0111210228222485,20210610T160000_2
AV.DOL..BH,2021-06-10T20:58:25.560000,P,0.427,1.0724073717938154e-06,4,0.0773647100181644,20210610T160000_4
AV.DOL..BH,2021-06-10T22:28:02.540000,P,0.683,1.000982024379482e-06,-1,-1.0,20210610T160000_-1
AV.DOL..BH,2021-06-10T17:28:20.640000,S,0.928,3.104859933955595e-05,1,0.057928112131068,20210610T160000_1
AV.DOL..BH,2021-06-10T20:23:34.620000,S,0.682,3.4291283554921392e-06,2,0.0004238859897693,20210610T160000_2
AV.DOL..BH,2021-06-10T20:58:42.980000,S,0.729,1.5124159062906983e-06,5,0.0773647100181644,20210610T160000_5
AV.DOL..BH,2021-06-10T22:22:40.820000,S,0.583,1.318485942647385e-06,6,0.0004238859897693,20210610T160000_6
AV.DOL..BH,2021-06-10T22:28:13.760000,S,0.561,8.353094358426461e-07,-1,-1.0,20210610T160000_-1
AV.DT1..BH,2021-06-10T17:28:09.080000,P,0.967,2.4356486392207444e-05,1,0.0048629821508835,20210610T160000_1
AV.DT1..BH,2021-06-10T20:23:24.660000,P,0.974,1.83402050879522e-06,3,0.0111210228222485,20210610T160000_3
AV.DT1..BH,2021-06-10T20:58:28.460000,P,0.901,9.08909612462594e-07,4,0.0111210228222485,20210610T160000_4
AV.DT1..BH,2021-06-10T17:28:17.940000,S,0.889,2.4356486392207444e-05,1,0.0007085330002233,20210610T160000_1
AV.DT1..BH,2021-06-10T20:23:38.560000,S,0.404,1.3687824775843185e-06,2,0.057928112131068,20210610T160000_2
AV.DT1..BH,2021-06-10T20:58:48.020000,S,0.503,1.0775362397907884e-06,5,0.0111210228222485,20210610T160000_5
AV.DT1..BH,2021-06-10T22:22:41.320000,S,0.36,1.314670043939259e-06,6,0.057928112131068,20210610T160000_6
AV.DTN..BH,2021-06-10T17:28:09.660000,P,0.984,2.290632255608216e-05,1,0.0232420021051621,20210610T160000_1
AV.DTN..BH,2021-06-10T20:09:59.980000,P,0.326,1.3532170441976632e-06,-1,-1.0,20210610T160000_-1
AV.DTN..BH,2021-06-10T20:23:25.180000,P,0.959,1.494196908424783e-06,3,0.0004238859897693,20210610T160000_3
AV.DTN..BH,2021-06-10T20:58:29.100000,P,0.814,1.2908679991596728e-06,4,0.0004238859897693,20210610T160000_4
AV.DTN..BH,2021-06-10T17:28:19.120000,S,0.923,2.290632255608216e-05,1,0.0008015735088019,20210610T160000_1
AV.DTN..BH,2021-06-10T20:23:39.780000,S,0.706,2.418493068034877e-06,2,0.0048629821508835,20210610T160000_2
AV.DTN..BH,2021-06-10T20:58:47.800000,S,0.427,1.6772995650171652e-06,5,0.0004238859897693,20210610T160000_5
AV.HAG..SH,2021-06-10T17:28:12.420000,P,0.978,2.618141934362938e-06,1,0.005333732955418,20210610T160000_1
AV.HAG..SH,2021-06-10T20:23:25.440000,P,0.956,1.0379941386418068e-06,2,0.0007085330002233,20210610T160000_2
AV.HAG..SH,2021-06-10T20:58:27.640000,P,0.963,6.201685778250976e-07,4,0.057928112131068,20210610T160000_4
AV.HAG..SH,2021-06-10T17:28:24.300000,S,0.595,5.952184437774122e-06,1,0.0029609971019264,20210610T160000_1
AV.HAG..SH,2021-06-10T20:23:39.900000,S,0.466,1.4135465562503668e-06,3,0.057928112131068,20210610T160000_3
AV.HAG..SH,2021-06-10T20:58:47.920000,S,0.798,9.997253300753073e-07,-1,-1.0,20210610T160000_-1
AV.HAG..SH,2021-06-10T22:23:31.900000,S,0.682,7.941217177176441e-07,7,0.0773647100181644,20210610T160000_7
AV.PN7A..BH,2021-06-10T16:00:00.020000,P,0.388,1.3371557088248665e-06,-1,-1.0,20210610T160000_-1
AV.PN7A..BH,2021-06-10T17:28:13.560000,P,0.953,2.0290126485633664e-06,1,2.193299197502822e-05,20210610T160000_1
AV.PN7A..BH,2021-06-10T16:49:50.880000,S,0.322,1.355070708086714e-06,-1,-1.0,20210610T160000_-1
AV.PN7A..BH,2021-06-10T17:28:26.740000,S,0.735,1.4905738225934329e-06,1,0.0102596489923851,20210610T160000_1
AV.PS1A..BH,2021-06-10T16:00:00.020000,P,0.317,1.611856532690581e-06,-1,-1.0,20210610T160000_-1
AV.PS1A..BH,2021-06-10T17:28:13.940000,P,0.929,2.450486135785468e-06,1,0.0078003637501457,20210610T160000_1
AV.PS1A..BH,2021-06-10T20:23:25.880000,P,0.48,2.418768190182164e-06,2,0.0232420021051621,20210610T160000_2
AV.PS1A..BH,2021-06-10T20:58:27.180000,P,0.83,1.6275483858407824e-06,4,0.0048629821508835,20210610T160000_4
AV.PS1A..BH,2021-06-10T22:23:27.720000,P,0.824,3.854935130220838e-06,7,0.0111210228222485,20210610T160000_7
AV.PS1A..BH,2021-06-10T17:28:27.220000,S,0.797,3.58532406607992e-06,1,0.0025509607888202,20210610T160000_1
AV.PS1A..BH,2021-06-10T20:23:41.240000,S,0.305,1.7892681398734569e-06,3,0.0048629821508835,20210610T160000_3
AV.PS1A..BH,2021-06-10T20:58:45.740000,S,0.535,3.071549372180016e-06,5,0.057928112131068,20210610T160000_5
AV.PS4A..BH,2021-06-10T17:28:12.680000,P,0.978,7.702892617089674e-06,1,0.0004446906687103,20210610T160000_1
AV.PS4A..BH,2021-06-10T17:28:24.640000,S,0.857,7.722945156274363e-06,1,5.955418510592971e-06,20210610T160000_1
AV.PS4A..BH,2021-06-10T20:23:39.960000,S,0.317,3.14635576614819e-06,3,0.0007085330002233,20210610T160000_3
AV.PV6A..SH,2021-06-10T17:28:14.660000,P,0.912,7.350681130446901e-07,1,0.049613252294236,20210610T160000_1
AV.PV6A..SH,2021-06-10T17:51:15.680000,P,0.346,2.782931289857516e-07,-1,-1.0,20210610T160000_-1
AV.PV6A..SH,2021-06-10T20:23:28.740000,P,0.777,3.439519957737503e-07,3,0.0232420021051621,20210610T160000_3
AV.PV6A..SH,2021-06-10T20:25:02.540000,P,0.322,1.546295038679091e-07,-1,-1.0,20210610T160000_-1
AV.PV6A..SH,2021-06-10T20:58:30.040000,P,0.853,2.8872469215457386e-07,4,0.0007085330002233,20210610T160000_4
AV.PV6A..SH,2021-06-10T22:23:28.580000,P,0.852,9.818572834774386e-07,7,0.0004238859897693,20210610T160000_7
AV.PV6A..SH,2021-06-10T17:04:44.200000,S,0.353,3.124445697721967e-07,-1,-1.0,20210610T160000_-1
AV.PV6A..SH,2021-06-10T17:28:28.460000,S,0.763,7.925741556391586e-07,1,0.0153289916874921,20210610T160000_1
AV.PV6A..SH,2021-06-10T20:58:50.520000,S,0.578,6.284632831921044e-07,5,0.0048629821508835,20210610T160000_5
AV.PVV..SH,2021-06-10T17:04:38.280000,P,0.31,1.760190997401878e-07,-1,-1.0,20210610T160000_-1
AV.PVV..SH,2021-06-10T17:23:20.560000,P,0.336,6.430107646338001e-07,-1,-1.0,20210610T160000_-1
AV.PVV..SH,2021-06-10T17:28:13.160000,P,0.94,1.2514608442870667e-06,1,0.0050152222541782,20210610T160000_1
AV.PVV..SH,2021-06-10T20:23:25.400000,P,0.962,9.0990926082668e-07,2,0.0008015735088019,20210610T160000_2
AV.PVV..SH,2021-06-10T20:58:26.900000,P,0.862,3.362109453064477e-07,4,0.0232420021051621,20210610T160000_4
AV.PVV..SH,2021-06-10T22:23:27.080000,P,0.802,1.1065054650316597e-06,7,0.057928112131068,20210610T160000_7
AV.PVV..SH,2021-06-10T23:28:23.400000,P,0.49,3.023887984454632e-07,-1,-1.0,20210610T160000_-1
AV.PVV..SH,2021-06-10T17:23:24.900000,S,0.466,6.430107646338001e-07,-1,-1.0,20210610T160000_-1
AV.PVV..SH,2021-06-10T17:28:25.800000,S,0.784,1.9481522031128407e-06,1,0.0381038298038516,20210610T160000_1
AV.PVV..SH,2021-06-10T20:23:26.720000,S,0.806,8.772746582508262e-07,-1,-1.0,20210610T160000_-1
AV.PVV..SH,2021-06-10T20:23:39.640000,S,0.382,5.69931387417455e-07,-1,-1.0,20210610T160000_-1
AV.PVV..SH,2021-06-10T20:23:40.280000,S,0.363,6.170666893012822e-07,3,0.0008015735088019,20210610T160000_3
AV.PVV..SH,2021-06-10T20:58:45.580000,S,0.838,3.224902513920825e-07,5,0.0007085330002233,20210610T160000_5
AV.PVV..SH,2021-06-10T22:45:27.360000,S,0.401,2.223772526122048e-07,-1,-1.0,20210610T160000_-1
AV.PVV..SH,2021-06-10T23:28:29.240000,S,0.317,3.023887984454632e-07,-1,-1.0,20210610T160000_-1
AV.S12K..BH,2021-06-10T17:28:16.160000,P,0.791,1.5342645838245517e-06,1,0.0060023235319539,20210610T160000_1
AV.S12K..BH,2021-06-10T20:23:32.100000,P,0.757,1.564801550557604e-06,3,0.005333732955418,20210610T160000_3
AV.S12K..BH,2021-06-10T17:28:30.060000,S,0.903,2.8905462841066765e-06,1,0.0017556458718599,20210610T160000_1
AV.S12K..BH,2021-06-10T20:23:49.960000,S,0.401,1.860107090578822e-06,-1,-1.0,20210610T160000_-1
AV.DEER..BH,2021-06-11T02:35:48.080000,P,0.832,1.8267070345245884e-06,1,0.0392618468825746,20210611T000000_1
AV.DEER..BH,2021-06-11T07:03:24.840000,P,0.695,1.3919527646066854e-06,5,0.0392618468825746,20210611T000000_5
AV.DEER..BH,2021-06-11T07:03:33.700000,S,0.9,1.3919527646066854e-06,5,0.002720415027594,20210611T000000_5
AV.DOL..BH,2021-06-11T02:35:49.760000,P,0.745,2.3860870896896813e-06,1,0.002720415027594,20210611T000000_1
AV.DOL..BH,2021-06-11T04:28:51.460000,P,0.965,2.329055860172957e-06,3,0.0392618468825746,20210611T000000_3
AV.DOL..BH,2021-06-11T04:28:54.780000,S,0.913,2.329055860172957e-06,3,0.002720415027594,20210611T000000_3
AV.DOL..BH,2021-06-11T07:03:33.080000,S,0.419,1.4254650295697502e-06,5,0.0047939477545874,20210611T000000_5
AV.DT1..BH,2021-06-11T02:35:48.320000,P,0.586,1.0635274065862177e-06,1,0.0047939477545874,20210611T000000_1
AV.DT1..BH,2021-06-11T04:28:53.080000,P,0.956,3.319865527373622e-06,3,0.0047939477545874,20210611T000000_3
AV.DT1..BH,2021-06-11T07:03:25.740000,P,0.87,1.1806564543803688e-06,5,0.0497373371227658,20210611T000000_5
AV.DT1..BH,2021-06-11T04:28:57.560000,S,0.913,3.319865527373622e-06,3,0.0497373371227658,20210611T000000_3
AV.DT1..BH,2021-06-11T07:03:34.940000,S,0.851,1.1806564543803688e-06,5,0.0202872926617566,20210611T000000_5
AV.DTN..BH,2021-06-11T00:00:00.020000,P,0.459,1.1315241863485426e-06,-1,-1.0,20210611T000000_-1
AV.DTN..BH,2021-06-11T02:35:48.680000,P,0.525,3.335088649691897e-06,1,0.0497373371227658,20210611T000000_1
AV.DTN..BH,2021-06-11T04:28:53.500000,P,0.804,1.228650603479764e-06,3,0.0202872926617566,20210611T000000_3
AV.DTN..BH,2021-06-11T04:28:58.580000,S,0.439,1.228650603479764e-06,3,0.0191799811979887,20210611T000000_3
AV.HAG..SH,2021-06-11T02:35:50.140000,P,0.73,2.111167759721866e-06,1,0.0202872926617566,20210611T000000_1
AV.HAG..SH,2021-06-11T04:28:55.080000,P,0.595,3.702059245824785e-07,3,0.0022710915608955,20210611T000000_3
AV.HAG..SH,2021-06-11T03:02:42.400000,S,0.577,9.355998145110788e-07,-1,-1.0,20210611T000000_-1
AV.HAG..SH,2021-06-11T03:56:38.400000,S,0.348,4.559188653274761e-07,2,0.0392618468825746,20210611T000000_2
AV.HAG..SH,2021-06-11T04:29:01.980000,S,0.704,3.702059245824785e-07,3,0.0352909241588765,20210611T000000_3
AV.HAG..SH,2021-06-11T05:59:33.920000,S,0.391,6.110694243943726e-07,4,0.0392618468825746,20210611T000000_4
AV.PN7A..BH,2021-06-11T02:35:50.400000,P,0.669,2.582773504400393e-06,1,0.0191799811979887,20210611T000000_1
AV.PN7A..BH,2021-06-11T07:44:17.260000,P,0.308,1.416302666257252e-06,-1,-1.0,20210611T000000_-1
AV.PN7A..BH,2021-06-11T07:59:29.960000,P,0.509,1.6009591945476132e-06,-1,-1.0,20210611T000000_-1
AV.PS1A..BH,2021-06-11T00:00:00.020000,P,0.34,2.0933800897182664e-06,-1,-1.0,20210611T000000_-1
AV.PS1A..BH,2021-06-11T02:35:50.680000,P,0.69,3.0759792934986763e-06,1,0.0022710915608955,20210611T000000_1
AV.PS1A..BH,2021-06-11T05:59:29.680000,P,0.51,2.5122146780631738e-06,4,0.002720415027594,20210611T000000_4
AV.PS1A..BH,2021-06-11T07:03:28.040000,P,0.895,2.00458839572093e-06,5,0.0191799811979887,20210611T000000_5
AV.PS4A..BH,2021-06-11T02:35:50.240000,P,0.803,7.574686605948955e-06,1,0.0352909241588765,20210611T000000_1
AV.PV6A..SH,2021-06-11T00:00:00.020000,P,0.425,1.9249482363647985e-07,-1,-1.0,20210611T000000_-1
AV.PV6A..SH,2021-06-11T00:56:24.460000,P,0.392,2.2726558768226826e-07,-1,-1.0,20210611T000000_-1
AV.PV6A..SH,2021-06-11T01:07:57.600000,P,0.413,1.3956646682800058e-07,-1,-1.0,20210611T000000_-1
AV.PV6A..SH,2021-06-11T02:35:50.560000,P,0.493,2.560523739703058e-07,-1,-1.0,20210611T000000_-1
AV.PV6A..SH,2021-06-11T02:35:51.180000,P,0.303,6.52700066439138e-07,1,0.0187856761499303,20210611T000000_1
AV.PV6A..SH,2021-06-11T03:56:33.800000,P,0.45,6.379877959261648e-07,2,0.002720415027594,20210611T000000_2
AV.PV6A..SH,2021-06-11T04:22:16.080000,P,0.695,4.928143653160078e-07,-1,-1.0,20210611T000000_-1
AV.PV6A..SH,2021-06-11T05:03:11.320000,P,0.332,2.2499419571886397e-07,-1,-1.0,20210611T000000_-1
AV.PV6A..SH,2021-06-11T05:59:30.880000,P,0.639,1.125979451899184e-06,4,0.0047939477545874,20210611T000000_4
AV.PV6A..SH,2021-06-11T06:49:01.920000,P,0.339,3.41145693028011e-07,-1,-1.0,20210611T000000_-1
AV.PV6A..SH,2021-06-11T07:20:33.560000,P,0.457,3.3179387060044974e-07,-1,-1.0,20210611T000000_-1
AV.PV6A..SH,2021-06-11T05:04:03.880000,S,0.358,2.699485435186944e-07,-1,-1.0,20210611T000000_-1
AV.PV6A..SH,2021-06-11T05:59:37.720000,S,0.609,1.125979451899184e-06,4,0.0497373371227658,20210611T000000_4
AV.PV6A..SH,2021-06-11T06:58:30.280000,S,0.346,2.4159143663382565e-07,-1,-1.0,20210611T000000_-1
AV.PVV..SH,2021-06-11T02:35:50.280000,P,0.882,1.0488912494110991e-06,1,0.0047614067091421,20210611T000000_1
AV.PVV..SH,2021-06-11T03:56:32.060000,P,0.683,4.726363158624736e-07,2,0.0047939477545874,20210611T000000_2
AV.PVV..SH,2021-06-11T05:59:29.220000,P,0.736,7.01976603068033e-07,4,0.0202872926617566,20210611T000000_4
AV.PVV..SH,2021-06-11T07:44:17.080000,P,0.348,2.478530518601474e-07,-1,-1.0,20210611T000000_-1
AV.PVV..SH,2021-06-11T03:56:38.780000,S,0.353,4.726363158624736e-07,2,0.0497373371227658,20210611T000000_2
AV.PVV..SH,2021-06-11T05:59:35.740000,S,0.681,7.01976603068033e-07,4,0.0191799811979887,20210611T000000_4
AV.DEER..BH,2021-06-11T08:00:00.020000,P,0.473,8.584755164520175e-07,1,0.0041135708908711,20210611T080000_1
AV.DEER..BH,2021-06-11T08:37:08.200000,P,0.733,7.677493840674288e-07,2,0.0041135708908711,20210611T080000_2
AV.DEER..BH,2021-06-11T10:14:35.500000,P,0.886,5.847696229466237e-07,3,0.0041135708908711,20210611T080000_3
AV.DEER..BH,2021-06-11T11:35:44.360000,P,0.365,7.493234761568601e-07,-1,-1.0,20210611T080000_-1
AV.DEER..BH,2021-06-11T14:44:43.240000,P,0.671,7.167418516473845e-07,4,0.0041135708908711,20210611T080000_4
AV.DEER..BH,2021-06-11T08:37:16.680000,S,0.33,9.71025997387187e-07,-1,-1.0,20210611T080000_-1
AV.DEER..BH,2021-06-11T08:38:29.920000,S,0.403,1.1448677241787664e-06,-1,-1.0,20210611T080000_-1
AV.DEER..BH,2021-06-11T10:14:45.960000,S,0.484,6.931779239494062e-07,3,0.010681191307237,20210611T080000_3
AV.DEER..BH,2021-06-11T14:44:52.980000,S,0.665,5.535220566343924e-07,4,0.010681191307237,20210611T080000_4
AV.DOL..BH,2021-06-11T08:00:00.020000,P,0.42,9.69236907621962e-07,1,0.010681191307237,20210611T080000_1
AV.DOL..BH,2021-06-11T08:37:04.300000,P,0.802,1.136617811425822e-06,2,0.010681191307237,20210611T080000_2
AV.DOL..BH,2021-06-11T08:48:24.760000,P,0.823,1.0327306654289714e-06,-1,-1.0,20210611T080000_-1
AV.DOL..BH,2021-06-11T10:14:37.120000,P,0.354,9.62260514825175e-07,3,0.0034944592768446,20210611T080000_3
AV.DOL..BH,2021-06-11T11:01:56.840000,P,0.617,7.601048537253519e-07,-1,-1.0,20210611T080000_-1
AV.DOL..BH,2021-06-11T14:44:48.440000,P,0.443,1.052377228916157e-06,4,0.0034944592768446,20210611T080000_4
AV.DOL..BH,2021-06-11T08:37:15.740000,S,0.765,1.7596750012671691e-06,2,0.0034944592768446,20210611T080000_2
AV.DOL..BH,2021-06-11T08:48:42.400000,S,0.761,1.2919805385536165e-06,-1,-1.0,20210611T080000_-1
AV.DOL..BH,2021-06-11T10:14:47.520000,S,0.482,8.698259534867248e-07,3,0.0003056831694816,20210611T080000_3
AV.DOL..BH,2021-06-11T11:02:09.640000,S,0.453,1.0126279903488469e-06,-1,-1.0,20210611T080000_-1
AV.DOL..BH,2021-06-11T12:23:20.860000,S,0.709,1.078892637451645e-06,-1,-1.0,20210611T080000_-1
AV.DOL..BH,2021-06-11T14:45:02.620000,S,0.827,1.296481968893204e-06,-1,-1.0,20210611T080000_-1
AV.DT1..BH,2021-06-11T08:37:07.440000,P,0.38,6.908970249241975e-07,2,0.0003056831694816,20210611T080000_2
AV.DT1..BH,2021-06-11T08:37:08.240000,P,0.393,7.33328874957806e-07,-1,-1.0,20210611T080000_-1
AV.DT1..BH,2021-06-11T08:38:27.500000,P,0.398,1.1241663742111996e-06,-1,-1.0,20210611T080000_-1
AV.DT1..BH,2021-06-11T08:48:21.700000,P,0.898,1.4739229072802118e-06,-1,-1.0,20210611T080000_-1
AV.DT1..BH,2021-06-11T10:14:36.600000,P,0.447,5.852080562362971e-07,3,0.0009266845309989,20210611T080000_3
AV.DT1..BH,2021-06-11T11:35:45.500000,P,0.71,9.422417406312888e-07,-1,-1.0,20210611T080000_-1
AV.DT1..BH,2021-06-11T14:44:44.960000,P,0.927,8.903891739464598e-07,4,0.0003056831694816,20210611T080000_4
AV.DT1..BH,2021-06-11T08:37:17.860000,S,0.458,8.166082352545345e-07,2,0.0009266845309989,20210611T080000_2
AV.DT1..BH,2021-06-11T08:38:29.480000,S,0.313,1.1241663742111996e-06,-1,-1.0,20210611T080000_-1
AV.DT1..BH,2021-06-11T08:48:36.940000,S,0.707,1.3346332252694992e-06,-1,-1.0,20210611T080000_-1
AV.DT1..BH,2021-06-11T10:14:48.360000,S,0.579,8.233470794039022e-07,-1,-1.0,20210611T080000_-1
AV.DT1..BH,2021-06-11T14:44:56.020000,S,0.819,8.903891739464598e-07,4,0.0009266845309989,20210611T080000_4
AV.DTN..BH,2021-06-11T08:36:45.800000,P,0.346,1.094864387596317e-06,-1,-1.0,20210611T080000_-1
AV.DTN..BH,2021-06-11T08:37:07.440000,P,0.795,1.5834933719816036e-06,2,0.0002398975679996,20210611T080000_2
AV.DTN..BH,2021-06-11T08:48:22.460000,P,0.888,1.2809465488317071e-06,-1,-1.0,20210611T080000_-1
AV.DTN..BH,2021-06-11T11:10:03.320000,P,0.515,1.161016371042933e-06,-1,-1.0,20210611T080000_-1
AV.DTN..BH,2021-06-11T14:44:45.820000,P,0.697,1.201852228405187e-06,4,0.0002398975679996,20210611T080000_4
AV.DTN..BH,2021-06-11T15:13:01.960000,P,0.536,1.2450751682990813e-06,-1,-1.0,20210611T080000_-1
AV.DTN..BH,2021-06-11T08:37:17.900000,S,0.302,1.1206917633899138e-06,2,0.0014097543332699,20210611T080000_2
AV.DTN..BH,2021-06-11T08:48:37.960000,S,0.388,1.269060362574237e-06,-1,-1.0,20210611T080000_-1
AV.DTN..BH,2021-06-11T15:13:03.220000,S,0.75,1.2450751682990813e-06,-1,-1.0,20210611T080000_-1
AV.PN7A..BH,2021-06-11T08:00:00.020000,P,0.378,1.2335394785623066e-06,1,0.0034944592768446,20210611T080000_1
AV.PN7A..BH,2021-06-11T10:26:16.600000,P,0.481,1.4579602520825574e-06,-1,-1.0,20210611T080000_-1
AV.PS1A..BH,2021-06-11T11:10:02.600000,P,0.59,1.7613097043067685e-06,-1,-1.0,20210611T080000_-1
AV.PS1A..BH,2021-06-11T15:11:53.960000,P,0.525,3.37941992256674e-06,5,0.0041135708908711,20210611T080000_5
AV.PS1A..BH,2021-06-11T15:11:57.000000,S,0.308,3.746075890376233e-06,5,0.010681191307237,20210611T080000_5
AV.PS4A..BH,2021-06-11T08:38:22.220000,P,0.316,3.4511413105065003e-06,-1,-1.0,20210611T080000_-1
AV.PS4A..BH,2021-06-11T15:11:55.520000,P,0.468,2.492825842637103e-06,5,0.0034944592768446,20210611T080000_5
AV.PV6A..SH,2021-06-11T08:00:00.020000,P,0.66,2.557563618665881e-07,1,0.0003056831694816,20210611T080000_1
AV.PV6A..SH,2021-06-11T08:14:50.800000,P,0.435,2.939701744253398e-07,-1,-1.0,20210611T080000_-1
AV.PV6A..SH,2021-06-11T08:47:31.080000,P,0.311,1.9461550948562945e-07,-1,-1.0,20210611T080000_-1
AV.PV6A..SH,2021-06-11T11:00:08.480000,P,0.582,2.364581774827457e-07,-1,-1.0,20210611T080000_-1
AV.PV6A..SH,2021-06-11T11:40:20.800000,P,0.513,3.234523262563016e-07,-1,-1.0,20210611T080000_-1
AV.PV6A..SH,2021-06-11T11:43:27.440000,P,0.326,2.115548056735861e-07,-1,-1.0,20210611T080000_-1
AV.PV6A..SH,2021-06-11T11:45:48.800000,P,0.369,1.5166277478328993e-07,-1,-1.0,20210611T080000_-1
AV.PV6A..SH,2021-06-11T12:20:04.200000,P,0.337,2.184795704351928e-07,-1,-1.0,20210611T080000_-1
AV.PV6A..SH,2021-06-11T13:01:54.920000,P,0.501,2.816225901369762e-07,-1,-1.0,20210611T080000_-1
AV.PV6A..SH,2021-06-11T13:05:56.540000,P,0.62,2.6765567895381537e-07,-1,-1.0,20210611T080000_-1
AV.PV6A..SH,2021-06-11T13:49:01.840000,P,0.322,2.124044300444439e-07,-1,-1.0,20210611T080000_-1
AV.PV6A..SH,2021-06-11T13:51:45.160000,P,0.382,2.791514361888403e-07,-1,-1.0,20210611T080000_-1
AV.PV6A..SH,2021-06-11T14:00:37.560000,P,0.329,2.766256841368886e-07,-1,-1.0,20210611T080000_-1
AV.PV6A..SH,2021-06-11T14:17:01.680000,P,0.463,2.3548129490791325e-07,-1,-1.0,20210611T080000_-1
AV.PV6A..SH,2021-06-11T15:11:55.760000,P,0.624,8.200060506169393e-07,5,0.0003056831694816,20210611T080000_5
AV.PV6A..SH,2021-06-11T15:42:12.480000,P,0.414,1.9699261599726015e-07,-1,-1.0,20210611T080000_-1
AV.PV6A..SH,2021-06-11T15:51:42.400000,P,0.349,2.2460460513684666e-07,-1,-1.0,20210611T080000_-1
AV.PV6A..SH,2021-06-11T10:50:07.600000,S,0.32,2.276236870102366e-07,-1,-1.0,20210611T080000_-1
AV.PVV..SH,2021-06-11T08:37:03.280000,P,0.367,3.990914478890773e-07,2,0.003022197365528,20210611T080000_2
AV.PVV..SH,2021-06-11T09:07:17.800000,P,0.302,2.264917071670425e-07,-1,-1.0,20210611T080000_-1
AV.PVV..SH,2021-06-11T10:26:15.680000,P,0.464,3.517471611758083e-07,-1,-1.0,20210611T080000_-1
AV.PVV..SH,2021-06-11T11:17:28.800000,P,0.397,1.996896656919489e-07,-1,-1.0,20210611T080000_-1
AV.PVV..SH,2021-06-11T11:55:41.120000,P,0.442,1.7563988876645451e-06,-1,-1.0,20210611T080000_-1
AV.PVV..SH,2021-06-11T15:11:53.800000,P,0.887,6.715737868034921e-07,5,0.0009266845309989,20210611T080000_5
AV.PVV..SH,2021-06-11T15:51:41.100000,P,0.365,1.957572806077224e-07,-1,-1.0,20210611T080000_-1
AV.PVV..SH,2021-06-11T15:12:00.240000,S,0.733,6.715737868034921e-07,5,0.0002398975679996,20210611T080000_5
AV.S12K..BH,2021-06-11T10:06:25.960000,P,0.486,8.100035984170972e-07,-1,-1.0,20210611T080000_-1
AV.S12K..BH,2021-06-11T12:23:29.280000,S,0.501,1.239795324181614e-06,-1,-1.0,20210611T080000_-1
AV.DEER..BH,2021-06-11T16:35:04.300000,P,0.854,8.987283308670158e-07,1,0.0037050785123291,20210611T160000_1
AV.DEER..BH,2021-06-11T19:19:40.200000,P,0.852,1.0131161616300233e-06,-1,-1.0,20210611T160000_-1
AV.DEER..BH,2021-06-11T19:26:36.140000,P,0.77,5.819289867758926e-07,5,0.0037050785123291,20210611T160000_5
AV.DEER..BH,2021-06-11T19:41:39.240000,P,0.61,5.90327147165226e-07,6,0.0037050785123291,20210611T160000_6
AV.DEER..BH,2021-06-11T19:50:03.220000,P,0.936,5.209263349570392e-07,7,0.0037050785123291,20210611T160000_7
AV.DEER..BH,2021-06-11T21:53:02.280000,P,0.509,5.168590746507107e-07,8,0.0037050785123291,20210611T160000_8
AV.DEER..BH,2021-06-11T16:35:16.940000,S,0.451,8.791374739303137e-07,-1,-1.0,20210611T160000_-1
AV.DEER..BH,2021-06-11T16:35:17.760000,S,0.303,2.507989620426088e-06,1,0.0001468477309197,20210611T160000_1
AV.DEER..BH,2021-06-11T19:19:57.160000,S,0.388,6.330338351290266e-07,-1,-1.0,20210611T160000_-1
AV.DEER..BH,2021-06-11T19:26:55.500000,S,0.699,1.2091358030374977e-06,-1,-1.0,20210611T160000_-1
AV.DEER..BH,2021-06-11T19:50:15.020000,S,0.784,8.25812946914084e-07,7,0.0001468477309197,20210611T160000_7
AV.DEER..BH,2021-06-11T23:14:39.080000,S,0.608,7.666969281672209e-07,-1,-1.0,20210611T160000_-1
AV.DOL..BH,2021-06-11T16:35:04.580000,P,0.871,7.757752769066428e-07,1,0.003257900974308,20210611T160000_1
AV.DOL..BH,2021-06-11T18:17:25.420000,P,0.798,7.959645245136926e-07,2,0.0037050785123291,20210611T160000_2
AV.DOL..BH,2021-06-11T18:52:18.280000,P,0.493,7.886866910666868e-07,-1,-1.0,20210611T160000_-1
AV.DOL..BH,2021-06-11T19:19:40.200000,P,0.812,5.068659447715618e-07,-1,-1.0,20210611T160000_-1
AV.DOL..BH,2021-06-11T19:26:40.660000,P,0.895,1.058115799423831e-06,5,0.0001468477309197,20210611T160000_5
AV.DOL..BH,2021-06-11T19:41:37.580000,P,0.731,8.728616762709862e-07,6,0.0001468477309197,20210611T160000_6
AV.DOL..BH,2021-06-11T19:50:03.260000,P,0.916,8.834829827719659e-07,7,0.003257900974308,20210611T160000_7
AV.DOL..BH,2021-06-11T21:53:00.740000,P,0.921,1.0009900961449605e-06,8,0.0001468477309197,20210611T160000_8
AV.DOL..BH,2021-06-11T22:46:08.540000,P,0.307,7.819576239853632e-07,-1,-1.0,20210611T160000_-1
AV.DOL..BH,2021-06-11T16:35:17.760000,S,0.421,1.1008487490471452e-06,-1,-1.0,20210611T160000_-1
AV.DOL..BH,2021-06-11T18:17:43.600000,S,0.774,1.8988123429153347e-06,3,0.0037050785123291,20210611T160000_3
AV.DOL..BH,2021-06-11T19:19:57.080000,S,0.469,1.0074821830130531e-06,-1,-1.0,20210611T160000_-1
AV.DOL..BH,2021-06-11T19:27:03.580000,S,0.745,3.3403939596610144e-06,-1,-1.0,20210611T160000_-1
AV.DOL..BH,2021-06-11T19:41:56.340000,S,0.603,1.111166625378246e-06,-1,-1.0,20210611T160000_-1
AV.DOL..BH,2021-06-11T19:50:16.020000,S,0.688,1.143405825132504e-06,7,0.0019567186740325,20210611T160000_7
AV.DOL..BH,2021-06-11T21:53:09.140000,S,0.723,1.0009900961449605e-06,8,0.003257900974308,20210611T160000_8
AV.DOL..BH,2021-06-11T22:46:17.480000,S,0.575,8.99579276847362e-07,-1,-1.0,20210611T160000_-1
AV.DT1..BH,2021-06-11T16:35:05.400000,P,0.327,8.044571018217539e-07,1,0.0019567186740325,20210611T160000_1
AV.DT1..BH,2021-06-11T18:17:28.040000,P,0.823,1.0899698281718884e-06,2,0.0001468477309197,20210611T160000_2
AV.DT1..BH,2021-06-11T19:26:37.600000,P,0.855,1.3768459439233991e-06,5,0.003257900974308,20210611T160000_5
AV.DT1..BH,2021-06-11T19:41:40.140000,P,0.908,8.286125989798165e-07,6,0.003257900974308,20210611T160000_6
AV.DT1..BH,2021-06-11T19:50:03.020000,P,0.894,8.401568152294203e-07,7,0.002118899061395,20210611T160000_7
AV.DT1..BH,2021-06-11T21:53:02.420000,P,0.926,1.3826735312250094e-06,8,0.0019567186740325,20210611T160000_8
AV.DT1..BH,2021-06-11T16:35:18.440000,S,0.498,9.630293789086863e-07,1,0.002118899061395,20210611T160000_1
AV.DT1..BH,2021-06-11T18:17:48.720000,S,0.694,1.1195369324923377e-06,3,0.0001468477309197,20210611T160000_3
AV.DT1..BH,2021-06-11T19:26:58.500000,S,0.566,1.6593924101471202e-06,-1,-1.0,20210611T160000_-1
AV.DT1..BH,2021-06-11T19:42:00.600000,S,0.771,7.118650842130592e-07,-1,-1.0,20210611T160000_-1
AV.DT1..BH,2021-06-11T19:50:14.560000,S,0.792,7.575825975436601e-07,7,0.0020661009454731,20210611T160000_7
AV.DT1..BH,2021-06-11T21:53:11.700000,S,0.907,1.3826735312250094e-06,8,0.002118899061395,20210611T160000_8
AV.DT1..BH,2021-06-11T23:14:41.340000,S,0.597,6.046150815564033e-07,-1,-1.0,20210611T160000_-1
AV.DTN..BH,2021-06-11T16:35:05.960000,P,0.729,1.2729251466225833e-06,1,0.0020661009454731,20210611T160000_1
AV.DTN..BH,2021-06-11T18:17:28.520000,P,0.314,1.260646854461811e-06,2,0.003257900974308,20210611T160000_2
AV.DTN..BH,2021-06-11T18:52:21.480000,P,0.414,8.692935011822556e-07,-1,-1.0,20210611T160000_-1
AV.DTN..BH,2021-06-11T19:26:38.140000,P,0.433,1.168714447885577e-06,5,0.0019567186740325,20210611T160000_5
AV.DTN..BH,2021-06-11T21:53:02.620000,P,0.953,8.977164611678745e-07,8,0.0020661009454731,20210611T160000_8
AV.DTN..BH,2021-06-11T22:46:10.920000,P,0.43,1.085395297195646e-06,-1,-1.0,20210611T160000_-1
AV.DTN..BH,2021-06-11T23:15:55.820000,P,0.823,9.275084380533372e-07,-1,-1.0,20210611T160000_-1
AV.DTN..BH,2021-06-11T16:35:20.220000,S,0.471,1.1064059890486533e-06,-1,-1.0,20210611T160000_-1
AV.DTN..BH,2021-06-11T18:17:49.300000,S,0.582,2.2645101580565097e-06,3,0.003257900974308,20210611T160000_3
AV.DTN..BH,2021-06-11T21:53:12.180000,S,0.852,1.0605430134091876e-06,8,0.0029232408795189,20210611T160000_8
AV.DTN..BH,2021-06-11T23:16:10.180000,S,0.759,1.1460606401669793e-06,-1,-1.0,20210611T160000_-1
AV.HAG..SH,2021-06-11T16:00:00.020000,P,0.594,2.435294845781755e-07,-1,-1.0,20210611T160000_-1
AV.HAG..SH,2021-06-11T16:24:14.700000,P,0.633,3.9402789298037533e-07,-1,-1.0,20210611T160000_-1
AV.HAG..SH,2021-06-11T18:17:28.400000,P,0.765,6.183867071740679e-07,2,0.0019567186740325,20210611T160000_2
AV.HAG..SH,2021-06-11T18:41:21.080000,P,0.423,4.130922661715886e-07,4,0.0037050785123291,20210611T160000_4
AV.HAG..SH,2021-06-11T19:41:39.900000,P,0.621,4.462586389308854e-07,6,0.0019567186740325,20210611T160000_6
AV.HAG..SH,2021-06-11T22:53:07.520000,P,0.694,5.50717459191219e-07,9,0.0037050785123291,20210611T160000_9
AV.HAG..SH,2021-06-11T18:17:47.980000,S,0.679,1.085207827600243e-06,3,0.0019567186740325,20210611T160000_3
AV.HAG..SH,2021-06-11T18:41:24.780000,S,0.439,4.130922661715886e-07,4,0.0001468477309197,20210611T160000_4
AV.HAG..SH,2021-06-11T22:53:11.200000,S,0.794,5.50717459191219e-07,9,0.0001468477309197,20210611T160000_9
AV.PN7A..BH,2021-06-11T19:19:40.140000,P,0.557,1.2365939028313733e-06,-1,-1.0,20210611T160000_-1
AV.PN7A..BH,2021-06-11T19:21:44.220000,P,0.303,1.4956882523620152e-06,-1,-1.0,20210611T160000_-1
AV.PN7A..BH,2021-06-11T22:53:06.960000,P,0.675,2.7823170967167243e-06,9,0.003257900974308,20210611T160000_9
AV.PN7A..BH,2021-06-11T16:13:13.740000,S,0.586,2.400445964667597e-06,-1,-1.0,20210611T160000_-1
AV.PN7A..BH,2021-06-11T18:41:19.880000,S,0.311,2.1955722786515253e-06,-1,-1.0,20210611T160000_-1
AV.PS1A..BH,2021-06-11T16:00:01.280000,P,0.399,1.6691502651156045e-06,-1,-1.0,20210611T160000_-1
AV.PS1A..BH,2021-06-11T16:35:09.160000,P,0.602,2.1483490399987204e-06,-1,-1.0,20210611T160000_-1
AV.PS1A..BH,2021-06-11T18:17:27.480000,P,0.584,1.8143723536923064e-06,2,0.002118899061395,20210611T160000_2
AV.PS1A..BH,2021-06-11T18:36:28.200000,P,0.52,1.5102721135917818e-06,-1,-1.0,20210611T160000_-1
AV.PS1A..BH,2021-06-11T18:40:07.280000,P,0.364,1.324785216638702e-06,-1,-1.0,20210611T160000_-1
AV.PS1A..BH,2021-06-11T18:41:18.760000,P,0.457,2.298685330970329e-06,4,0.003257900974308,20210611T160000_4
AV.PS1A..BH,2021-06-11T18:52:19.560000,P,0.534,1.4590669934477771e-06,-1,-1.0,20210611T160000_-1
AV.PS1A..BH,2021-06-11T19:26:44.520000,P,0.367,1.1139862863274177e-06,5,0.002118899061395,20210611T160000_5
AV.PS1A..BH,2021-06-11T21:53:03.400000,P,0.404,1.0767317917270702e-06,8,0.0020011895868867,20210611T160000_8
AV.PS1A..BH,2021-06-11T22:53:07.020000,P,0.804,2.656140395629336e-06,9,0.0019567186740325,20210611T160000_9
AV.PS1A..BH,2021-06-11T18:17:47.520000,S,0.478,1.5682535376981832e-06,3,0.002118899061395,20210611T160000_3
AV.PS4A..BH,2021-06-11T22:53:08.640000,P,0.397,3.758164211831172e-06,9,0.002118899061395,20210611T160000_9
AV.PS4A..BH,2021-06-11T18:17:47.760000,S,0.354,2.0333111478976207e-06,3,0.0020661009454731,20210611T160000_3
AV.PS4A..BH,2021-06-11T22:53:08.800000,S,0.348,3.758164211831172e-06,9,0.0020661009454731,20210611T160000_9
AV.PV6A..SH,2021-06-11T16:00:00.020000,P,0.582,3.234337384583341e-07,-1,-1.0,20210611T160000_-1
AV.PV6A..SH,2021-06-11T16:16:47.280000,P,0.31,3.141403794870712e-07,-1,-1.0,20210611T160000_-1
AV.PV6A..SH,2021-06-11T16:41:42.080000,P,0.457,2.4648454655107344e-07,-1,-1.0,20210611T160000_-1
AV.PV6A..SH,2021-06-11T17:44:38.520000,P,0.415,2.077158001156932e-07,-1,-1.0,20210611T160000_-1
AV.PV6A..SH,2021-06-11T18:17:30.300000,P,0.8,4.074646540175309e-07,2,0.0020661009454731,20210611T160000_2
AV.PV6A..SH,2021-06-11T18:40:10.100000,P,0.925,1.5755989579702145e-07,-1,-1.0,20210611T160000_-1
AV.PV6A..SH,2021-06-11T18:41:20.080000,P,0.428,8.006654752534814e-07,4,0.0019567186740325,20210611T160000_4
AV.PV6A..SH,2021-06-11T19:09:53.100000,P,0.604,1.2157899220710533e-07,-1,-1.0,20210611T160000_-1
AV.PV6A..SH,2021-06-11T19:25:45.280000,P,0.337,1.291590763230488e-07,-1,-1.0,20210611T160000_-1
AV.PV6A..SH,2021-06-11T19:26:44.920000,P,0.384,2.3111761038308037e-07,5,0.0020661009454731,20210611T160000_5
AV.PV6A..SH,2021-06-11T19:41:42.780000,P,0.688,2.0577647319441894e-07,6,0.002118899061395,20210611T160000_6
AV.PV6A..SH,2021-06-11T19:42:05.580000,P,0.353,3.434963673498715e-07,-1,-1.0,20210611T160000_-1
AV.PV6A..SH,2021-06-11T19:57:51.680000,P,0.314,2.0512847243026044e-07,-1,-1.0,20210611T160000_-1
AV.PV6A..SH,2021-06-11T20:00:55.840000,P,0.507,1.6682710679560844e-07,-1,-1.0,20210611T160000_-1
AV.PV6A..SH,2021-06-11T20:04:25.720000,P,0.456,2.437978707803268e-07,-1,-1.0,20210611T160000_-1
AV.PV6A..SH,2021-06-11T20:23:36.040000,P,0.412,2.759027779575263e-07,-1,-1.0,20210611T160000_-1
AV.PV6A..SH,2021-06-11T20:59:13.120000,P,0.387,1.7971844101793977e-07,-1,-1.0,20210611T160000_-1
AV.PV6A..SH,2021-06-11T21:21:48.480000,P,0.355,1.0877547396148657e-07,-1,-1.0,20210611T160000_-1
AV.PV6A..SH,2021-06-11T21:21:49.200000,P,0.384,2.2366016594332905e-07,-1,-1.0,20210611T160000_-1
AV.PV6A..SH,2021-06-11T21:23:32.440000,P,0.523,2.0912392528771306e-07,-1,-1.0,20210611T160000_-1
AV.PV6A..SH,2021-06-11T21:24:40.140000,P,0.333,2.3164216145232785e-07,-1,-1.0,20210611T160000_-1
AV.PV6A..SH,2021-06-11T21:48:18.620000,P,0.419,2.644254379902123e-07,-1,-1.0,20210611T160000_-1
AV.PV6A..SH,2021-06-11T22:22:47.360000,P,0.426,2.425805405437132e-07,-1,-1.0,20210611T160000_-1
AV.PV6A..SH,2021-06-11T22:29:58.380000,P,0.366,2.677584518551157e-07,-1,-1.0,20210611T160000_-1
AV.PV6A..SH,2021-06-11T22:53:08.000000,P,0.591,1.1631293546088273e-06,9,0.0029232408795189,20210611T160000_9
AV.PV6A..SH,2021-06-11T22:56:58.640000,P,0.343,1.403747091899277e-07,-1,-1.0,20210611T160000_-1
AV.PV6A..SH,2021-06-11T23:14:51.520000,P,0.307,1.681001862152698e-07,-1,-1.0,20210611T160000_-1
AV.PV6A..SH,2021-06-11T23:58:25.420000,P,0.394,1.7237282179394245e-07,-1,-1.0,20210611T160000_-1
AV.PV6A..SH,2021-06-11T18:17:52.240000,S,0.85,6.972284722905897e-07,3,0.0029232408795189,20210611T160000_3
AV.PV6A..SH,2021-06-11T18:40:16.020000,S,0.737,1.7091966242333e-07,-1,-1.0,20210611T160000_-1
AV.PV6A..SH,2021-06-11T18:40:33.960000,S,0.356,2.4724417357901984e-07,-1,-1.0,20210611T160000_-1
AV.PV6A..SH,2021-06-11T19:36:58.240000,S,0.345,2.284079414494045e-07,-1,-1.0,20210611T160000_-1
AV.PV6A..SH,2021-06-11T19:41:49.260000,S,0.41,2.0577647319441894e-07,6,0.0020661009454731,20210611T160000_6
AV.PV6A..SH,2021-06-11T19:42:12.780000,S,0.626,3.434963673498715e-07,-1,-1.0,20210611T160000_-1
AV.PV6A..SH,2021-06-11T22:53:14.840000,S,0.44,1.1631293546088273e-06,-1,-1.0,20210611T160000_-1
AV.PVV..SH,2021-06-11T16:02:22.520000,P,0.381,2.079924854569981e-07,-1,-1.0,20210611T160000_-1
AV.PVV..SH,2021-06-11T16:14:15.040000,P,0.519,2.156397016506162e-07,-1,-1.0,20210611T160000_-1
AV.PVV..SH,2021-06-11T18:17:27.320000,P,0.683,2.9147028612896975e-07,2,0.0029232408795189,20210611T160000_2
AV.PVV..SH,2021-06-11T18:17:53.400000,P,0.631,4.557284398742922e-07,-1,-1.0,20210611T160000_-1
AV.PVV..SH,2021-06-11T18:40:29.600000,P,0.3,2.1306878750237962e-07,-1,-1.0,20210611T160000_-1
AV.PVV..SH,2021-06-11T18:41:18.960000,P,0.786,3.899117473338265e-07,4,0.002118899061395,20210611T160000_4
AV.PVV..SH,2021-06-11T19:50:16.880000,P,0.334,2.037367039520177e-07,-1,-1.0,20210611T160000_-1
AV.PVV..SH,2021-06-11T20:46:44.280000,P,0.425,2.048008695965109e-07,-1,-1.0,20210611T160000_-1
AV.PVV..SH,2021-06-11T21:21:48.280000,P,0.407,1.6681646286542673e-07,-1,-1.0,20210611T160000_-1
AV.PVV..SH,2021-06-11T22:53:06.380000,P,0.816,5.967067977508123e-07,9,0.0020011895868867,20210611T160000_9
AV.PVV..SH,2021-06-11T18:17:46.820000,S,0.617,4.64939176936241e-07,3,0.0020011895868867,20210611T160000_3
AV.PVV..SH,2021-06-11T18:40:34.880000,S,0.598,1.8157986403366522e-07,-1,-1.0,20210611T160000_-1
AV.PVV..SH,2021-06-11T18:41:25.120000,S,0.491,3.899117473338265e-07,4,0.0020661009454731,20210611T160000_4
AV.S12K..BH,2021-06-11T18:17:34.380000,P,0.479,8.261569064416108e-07,2,0.0020011895868867,20210611T160000_2
AV.S12K..BH,2021-06-11T18:17:57.580000,S,0.722,9.613937663743857e-07,3,0.000596704691372,20210611T160000_3
AV.DEER..BH,2021-06-12T05:10:39.340000,P,0.835,7.834769917280937e-07,-1,-1.0,20210612T000000_-1
AV.DEER..BH,2021-06-12T05:10:48.660000,S,0.614,6.556064704454911e-07,-1,-1.0,20210612T000000_-1
AV.DEER..BH,2021-06-12T05:11:04.360000,S,0.441,6.970049071242101e-07,4,0.0019026379824705,20210612T000000_4
AV.DOL..BH,2021-06-12T01:25:09.700000,P,0.969,7.219632607302628e-07,-1,-1.0,20210612T000000_-1
AV.DOL..BH,2021-06-12T01:28:26.280000,P,0.391,8.933719755077618e-07,-1,-1.0,20210612T000000_-1
AV.DOL..BH,2021-06-12T05:46:20.220000,P,0.916,1.2273675338292378e-06,5,0.0019026379824705,20210612T000000_5
AV.DOL..BH,2021-06-12T07:11:01.740000,P,0.443,7.093599379004445e-07,-1,-1.0,20210612T000000_-1
AV.DOL..BH,2021-06-12T00:25:07.160000,S,0.511,1.1539236766111571e-06,-1,-1.0,20210612T000000_-1
AV.DOL..BH,2021-06-12T01:25:28.860000,S,0.726,9.519405921309954e-07,-1,-1.0,20210612T000000_-1
AV.DOL..BH,2021-06-12T05:11:02.880000,S,0.351,9.180427014143788e-07,4,0.0014983421139195,20210612T000000_4
AV.DOL..BH,2021-06-12T05:46:38.340000,S,0.817,1.8687867395783544e-06,-1,-1.0,20210612T000000_-1
AV.DOL..BH,2021-06-12T07:11:15.380000,S,0.719,8.231502874878061e-07,-1,-1.0,20210612T000000_-1
AV.DT1..BH,2021-06-12T01:33:18.540000,P,0.327,6.139441097730014e-07,-1,-1.0,20210612T000000_-1
AV.DT1..BH,2021-06-12T05:46:23.160000,P,0.97,5.284575195219077e-07,5,0.0014983421139195,20210612T000000_5
AV.DT1..BH,2021-06-12T05:11:05.620000,S,0.768,6.284298592618143e-07,4,0.0014347551798783,20210612T000000_4
AV.DT1..BH,2021-06-12T05:46:43.180000,S,0.845,1.4943693713576067e-06,-1,-1.0,20210612T000000_-1
AV.DTN..BH,2021-06-12T00:00:00.020000,P,0.443,1.1175984582223464e-06,1,0.0019026379824705,20210612T000000_1
AV.DTN..BH,2021-06-12T01:28:25.260000,P,0.395,1.1560231314433622e-06,-1,-1.0,20210612T000000_-1
AV.DTN..BH,2021-06-12T01:32:52.860000,P,0.57,7.155651360335469e-07,-1,-1.0,20210612T000000_-1
AV.DTN..BH,2021-06-12T05:10:41.080000,P,0.759,9.787997896637537e-07,-1,-1.0,20210612T000000_-1
AV.DTN..BH,2021-06-12T05:46:23.500000,P,0.797,1.250070226888056e-06,5,0.0014347551798783,20210612T000000_5
AV.DTN..BH,2021-06-12T06:19:21.320000,P,0.405,9.315046440860896e-07,-1,-1.0,20210612T000000_-1
AV.DTN..BH,2021-06-12T07:10:58.520000,P,0.395,9.913774192682467e-07,-1,-1.0,20210612T000000_-1
AV.DTN..BH,2021-06-12T05:11:08.140000,S,0.735,7.659673997295613e-07,4,0.0022668434519075,20210612T000000_4
AV.DTN..BH,2021-06-12T05:46:43.580000,S,0.651,1.7469144495407818e-06,-1,-1.0,20210612T000000_-1
AV.DTN..BH,2021-06-12T07:11:14.420000,S,0.353,1.1029561619579908e-06,-1,-1.0,20210612T000000_-1
AV.HAG..SH,2021-06-12T00:00:00.020000,P,0.398,1.7912742578118928e-07,1,0.0014983421139195,20210612T000000_1
AV.HAG..SH,2021-06-12T01:25:12.140000,P,0.953,4.403164268751425e-07,-1,-1.0,20210612T000000_-1
AV.HAG..SH,2021-06-12T01:28:29.480000,P,0.864,3.9298188880820817e-07,-1,-1.0,20210612T000000_-1
AV.HAG..SH,2021-06-12T03:03:19.480000,P,0.464,5.25471307355474e-07,-1,-1.0,20210612T000000_-1
AV.HAG..SH,2021-06-12T05:46:22.520000,P,0.908,1.015948782878695e-06,5,0.0022668434519075,20210612T000000_5
AV.HAG..SH,2021-06-12T01:25:33.000000,S,0.494,3.736117264452332e-07,-1,-1.0,20210612T000000_-1
AV.HAG..SH,2021-06-12T05:46:45.000000,S,0.336,1.095960101338278e-06,6,0.0019026379824705,20210612T000000_6
AV.PN7A..BH,2021-06-12T00:01:46.520000,P,0.533,1.3075043625576654e-06,2,0.0019026379824705,20210612T000000_2
AV.PN7A..BH,2021-06-12T05:24:32.560000,P,0.386,2.978198153869016e-06,-1,-1.0,20210612T000000_-1
AV.PN7A..BH,2021-06-12T05:46:24.800000,P,0.533,1.4764120805921266e-06,5,0.0017569236492725,20210612T000000_5
AV.PN7A..BH,2021-06-12T03:58:39.960000,S,0.323,2.0837082956859376e-06,3,0.0019026379824705,20210612T000000_3
AV.PS1A..BH,2021-06-12T00:00:00.020000,P,0.376,1.3498506632458884e-06,1,0.0014347551798783,20210612T000000_1
AV.PS1A..BH,2021-06-12T03:58:36.140000,P,0.683,2.245274572487688e-06,3,0.0014983421139195,20210612T000000_3
AV.PS1A..BH,2021-06-12T05:46:22.140000,P,0.907,1.3536979395212256e-06,5,0.0176382893466271,20210612T000000_5
AV.PS1A..BH,2021-06-12T05:46:41.140000,S,0.381,2.055258619293454e-06,6,0.0014983421139195,20210612T000000_6
AV.PS4A..BH,2021-06-12T00:01:46.560000,P,0.395,1.873861265266896e-06,2,0.0014983421139195,20210612T000000_2
AV.PS4A..BH,2021-06-12T05:46:22.140000,P,0.361,1.7138060002253042e-06,5,4.211391324932689e-05,20210612T000000_5
AV.PS4A..BH,2021-06-12T03:58:38.500000,S,0.421,2.6378079382993747e-06,3,0.0014347551798783,20210612T000000_3
AV.PS4A..BH,2021-06-12T05:46:42.060000,S,0.516,2.3970017082319828e-06,6,0.0014347551798783,20210612T000000_6
AV.PV6A..SH,2021-06-12T00:00:00.020000,P,0.477,1.6820877135614865e-07,1,0.0022668434519075,20210612T000000_1
AV.PV6A..SH,2021-06-12T00:03:00.320000,P,0.521,1.6584759521265369e-07,-1,-1.0,20210612T000000_-1
AV.PV6A..SH,2021-06-12T00:10:57.760000,P,0.396,1.92127117770724e-07,-1,-1.0,20210612T000000_-1
AV.PV6A..SH,2021-06-12T00:30:13.920000,P,0.433,2.599575452677527e-07,-1,-1.0,20210612T000000_-1
AV.PV6A..SH,2021-06-12T00:47:04.960000,P,0.513,1.9112393090381374e-07,-1,-1.0,20210612T000000_-1
AV.PV6A..SH,2021-06-12T00:52:28.640000,P,0.4,2.210020113579958e-07,-1,-1.0,20210612T000000_-1
AV.PV6A..SH,2021-06-12T02:09:21.080000,P,0.507,2.314019411642221e-07,-1,-1.0,20210612T000000_-1
AV.PV6A..SH,2021-06-12T02:46:24.480000,P,0.633,2.655864363987348e-07,-1,-1.0,20210612T000000_-1
AV.PV6A..SH,2021-06-12T02:53:42.400000,P,0.355,1.626187895453768e-07,-1,-1.0,20210612T000000_-1
AV.PV6A..SH,2021-06-12T03:03:47.200000,P,0.336,1.8898255405019881e-07,-1,-1.0,20210612T000000_-1
AV.PV6A..SH,2021-06-12T03:05:02.000000,P,0.424,2.270490284672633e-07,-1,-1.0,20210612T000000_-1
AV.PV6A..SH,2021-06-12T03:58:37.840000,P,0.619,6.980219495744677e-07,3,0.0022668434519075,20210612T000000_3
AV.PV6A..SH,2021-06-12T04:39:34.220000,P,0.502,1.8061760442833482e-07,-1,-1.0,20210612T000000_-1
AV.PV6A..SH,2021-06-12T05:21:30.220000,P,0.337,1.602263779432178e-07,-1,-1.0,20210612T000000_-1
AV.PV6A..SH,2021-06-12T05:46:24.960000,P,0.957,6.735825195391953e-07,5,0.0002891433244431,20210612T000000_5
AV.PV6A..SH,2021-06-12T05:53:37.160000,P,0.401,1.4943935866540414e-07,-1,-1.0,20210612T000000_-1
AV.PV6A..SH,2021-06-12T06:00:58.240000,P,0.539,2.3013637928670505e-07,-1,-1.0,20210612T000000_-1
AV.PV6A..SH,2021-06-12T05:46:46.000000,S,0.487,7.992421728886256e-07,-1,-1.0,20210612T000000_-1
AV.PV6A..SH,2021-06-12T05:49:42.280000,S,0.369,2.1814389583596494e-07,-1,-1.0,20210612T000000_-1
AV.PVV..SH,2021-06-12T00:01:47.520000,P,0.391,4.0169831549974333e-07,2,0.0014347551798783,20210612T000000_2
AV.PVV..SH,2021-06-12T00:49:22.920000,P,0.317,2.160543601803511e-07,-1,-1.0,20210612T000000_-1
AV.PVV..SH,2021-06-12T01:38:00.760000,P,0.312,2.422577267680026e-07,-1,-1.0,20210612T000000_-1
AV.PVV..SH,2021-06-12T03:58:35.520000,P,0.56,5.188389309296326e-07,3,0.0017569236492725,20210612T000000_3
AV.PVV..SH,2021-06-12T04:45:41.280000,P,0.506,1.743104149909414e-07,-1,-1.0,20210612T000000_-1
AV.PVV..SH,2021-06-12T05:46:21.880000,P,0.977,4.981907295587007e-07,5,0.001624203242029,20210612T000000_5
AV.PVV..SH,2021-06-12T05:55:41.880000,P,0.328,1.6068163688487402e-07,-1,-1.0,20210612T000000_-1
AV.PVV..SH,2021-06-12T00:01:50.400000,S,0.545,4.0169831549974333e-07,2,0.0022668434519075,20210612T000000_2
AV.PVV..SH,2021-06-12T03:58:41.640000,S,0.386,5.188389309296326e-07,3,0.0176382893466271,20210612T000000_3
AV.PVV..SH,2021-06-12T05:46:41.120000,S,0.423,4.662667265620257e-07,6,0.0022668434519075,20210612T000000_6
AV.S12K..BH,2021-06-12T05:46:27.480000,P,0.923,9.232149977833616e-07,5,0.0012266314822853,20210612T000000_5
AV.DEER..BH,2021-06-12T10:42:31.520000,P,0.365,6.427609378079069e-07,5,0.001017605352113,20210612T080000_5
AV.DEER..BH,2021-06-12T11:30:18.700000,P,0.964,4.286541297915392e-06,6,0.001017605352113,20210612T080000_6
AV.DEER..BH,2021-06-12T11:31:52.120000,P,0.968,3.410017961869016e-05,7,0.001017605352113,20210612T080000_7
AV.DEER..BH,2021-06-12T11:46:37.500000,P,0.946,0.0006715991767123,-1,-1.0,20210612T080000_-1
AV.DEER..BH,2021-06-12T11:54:45.580000,P,0.968,1.3256511692816275e-06,10,0.001017605352113,20210612T080000_10
AV.DEER..BH,2021-06-12T11:57:50.500000,P,0.961,1.4224142432794906e-06,11,0.001017605352113,20210612T080000_11
AV.DEER..BH,2021-06-12T12:02:24.460000,P,0.621,7.646311814824003e-07,-1,-1.0,20210612T080000_-1
AV.DEER..BH,2021-06-12T12:04:14.860000,P,0.808,5.889965564165323e-07,12,0.001017605352113,20210612T080000_12
AV.DEER..BH,2021-06-12T12:11:04.740000,P,0.977,2.03445215447573e-05,13,0.001017605352113,20210612T080000_13
AV.DEER..BH,2021-06-12T13:42:34.060000,P,0.874,6.033404815752874e-07,-1,-1.0,20210612T080000_-1
AV.DEER..BH,2021-06-12T14:22:05.720000,P,0.717,5.631812882711529e-07,-1,-1.0,20210612T080000_-1
AV.DEER..BH,2021-06-12T14:48:21.320000,P,0.982,4.523948064161232e-06,-1,-1.0,20210612T080000_-1
AV.DEER..BH,2021-06-12T15:14:32.120000,P,0.878,7.89018997693347e-07,-1,-1.0,20210612T080000_-1
AV.DEER..BH,2021-06-12T10:06:26.880000,S,0.575,1.373685222461063e-06,4,0.001017605352113,20210612T080000_4
AV.DEER..BH,2021-06-12T11:30:28.900000,S,0.953,4.286541297915392e-06,6,0.0064554694176877,20210612T080000_6
AV.DEER..BH,2021-06-12T11:32:02.280000,S,0.948,3.410017961869016e-05,7,0.0064554694176877,20210612T080000_7
AV.DEER..BH,2021-06-12T11:46:47.740000,S,0.871,0.0006715991767123,8,0.001017605352113,20210612T080000_8
AV.DEER..BH,2021-06-12T11:54:55.760000,S,0.91,1.3256511692816275e-06,10,0.0064554694176877,20210612T080000_10
AV.DEER..BH,2021-06-12T11:58:00.500000,S,0.928,1.4224142432794906e-06,11,0.0064554694176877,20210612T080000_11
AV.DEER..BH,2021-06-12T12:02:34.500000,S,0.797,7.311970762202691e-07,-1,-1.0,20210612T080000_-1
AV.DEER..BH,2021-06-12T12:04:25.020000,S,0.917,5.25417817698326e-07,12,0.0064554694176877,20210612T080000_12
AV.DEER..BH,2021-06-12T12:11:14.960000,S,0.726,2.03445215447573e-05,13,0.0064554694176877,20210612T080000_13
AV.DEER..BH,2021-06-12T13:42:44.140000,S,0.862,6.297959203038772e-07,-1,-1.0,20210612T080000_-1
AV.DEER..BH,2021-06-12T14:22:15.860000,S,0.504,5.631812882711529e-07,-1,-1.0,20210612T080000_-1
AV.DEER..BH,2021-06-12T14:48:39.580000,S,0.781,2.087448365273304e-06,-1,-1.0,20210612T080000_-1
AV.DEER..BH,2021-06-12T15:14:39.980000,S,0.793,7.89018997693347e-07,-1,-1.0,20210612T080000_-1
AV.DOL..BH,2021-06-12T08:00:00.020000,P,0.349,4.661397667860001e-07,-1,-1.0,20210612T080000_-1
AV.DOL..BH,2021-06-12T10:42:34.360000,P,0.329,7.691490964134573e-07,5,0.0064554694176877,20210612T080000_5
AV.DOL..BH,2021-06-12T11:30:19.220000,P,0.842,1.6891866607693371e-06,-1,-1.0,20210612T080000_-1
AV.DOL..BH,2021-06-12T11:31:52.580000,P,0.924,1.65930250659585e-05,-1,-1.0,20210612T080000_-1
AV.DOL..BH,2021-06-12T11:33:59.400000,P,0.674,5.905075681766903e-07,-1,-1.0,20210612T080000_-1
AV.DOL..BH,2021-06-12T11:46:37.980000,P,0.958,0.0001883127988548,8,0.0064554694176877,20210612T080000_8
AV.DOL..BH,2021-06-12T11:54:46.160000,P,0.672,7.345684593929036e-07,10,0.0066332548486044,20210612T080000_10
AV.DOL..BH,2021-06-12T11:57:51.480000,P,0.859,9.706579930934822e-07,11,0.0066332548486044,20210612T080000_11
AV.DOL..BH,2021-06-12T12:11:05.220000,P,0.978,1.0962692613247782e-05,-1,-1.0,20210612T080000_-1
AV.DOL..BH,2021-06-12T14:48:23.980000,P,0.983,4.520082256931346e-06,-1,-1.0,20210612T080000_-1
AV.DOL..BH,2021-06-12T08:36:40.360000,S,0.55,8.887303692972637e-07,-1,-1.0,20210612T080000_-1
AV.DOL..BH,2021-06-12T09:22:40.900000,S,0.715,1.1092490694863957e-06,-1,-1.0,20210612T080000_-1
AV.DOL..BH,2021-06-12T10:06:19.160000,S,0.489,1.313227585342247e-06,4,0.0064554694176877,20210612T080000_4
AV.DOL..BH,2021-06-12T10:06:21.740000,S,0.323,1.4294607808551518e-06,-1,-1.0,20210612T080000_-1
AV.DOL..BH,2021-06-12T11:30:29.760000,S,0.774,2.0524737465166254e-06,-1,-1.0,20210612T080000_-1
AV.DOL..BH,2021-06-12T11:32:02.900000,S,0.641,2.228133962489665e-05,-1,-1.0,20210612T080000_-1
AV.DOL..BH,2021-06-12T11:34:11.000000,S,0.787,6.807798627050943e-07,-1,-1.0,20210612T080000_-1
AV.DOL..BH,2021-06-12T11:46:48.020000,S,0.683,0.0002352061419514,8,0.0066332548486044,20210612T080000_8
AV.DOL..BH,2021-06-12T11:54:56.740000,S,0.771,9.054664928953572e-07,-1,-1.0,20210612T080000_-1
AV.DOL..BH,2021-06-12T11:58:01.600000,S,0.468,1.0032892987510422e-06,11,0.0007722368178626,20210612T080000_11
AV.DOL..BH,2021-06-12T12:11:16.380000,S,0.628,1.4278056369221304e-05,-1,-1.0,20210612T080000_-1
AV.DOL..BH,2021-06-12T14:48:44.320000,S,0.806,5.811856226500822e-06,-1,-1.0,20210612T080000_-1
AV.DT1..BH,2021-06-12T10:06:03.320000,P,0.628,7.510458317483426e-07,3,0.001017605352113,20210612T080000_3
AV.DT1..BH,2021-06-12T10:42:31.020000,P,0.454,7.591307280563342e-07,5,0.0066332548486044,20210612T080000_5
AV.DT1..BH,2021-06-12T11:30:19.960000,P,0.98,3.872308298014104e-06,6,0.0066332548486044,20210612T080000_6
AV.DT1..BH,2021-06-12T11:31:53.380000,P,0.981,3.038888826267793e-05,7,0.0066332548486044,20210612T080000_7
AV.DT1..BH,2021-06-12T11:46:38.780000,P,0.978,0.0002084408915834,8,0.0007722368178626,20210612T080000_8
AV.DT1..BH,2021-06-12T11:54:46.780000,P,0.944,1.5514996221099864e-06,10,0.0007722368178626,20210612T080000_10
AV.DT1..BH,2021-06-12T11:57:51.580000,P,0.908,1.168530275208468e-06,11,0.001065209482915,20210612T080000_11
AV.DT1..BH,2021-06-12T12:11:06.040000,P,0.984,2.1877414837945253e-05,13,0.0066332548486044,20210612T080000_13
AV.DT1..BH,2021-06-12T14:22:06.840000,P,0.439,5.582641051660175e-07,-1,-1.0,20210612T080000_-1
AV.DT1..BH,2021-06-12T14:48:21.440000,P,0.987,9.540653991280124e-06,-1,-1.0,20210612T080000_-1
AV.DT1..BH,2021-06-12T15:14:33.320000,P,0.878,6.882629577376065e-07,-1,-1.0,20210612T080000_-1
AV.DT1..BH,2021-06-12T10:06:24.780000,S,0.791,1.157134420282091e-06,4,0.0066332548486044,20210612T080000_4
AV.DT1..BH,2021-06-12T11:30:31.060000,S,0.87,3.872308298014104e-06,-1,-1.0,20210612T080000_-1
AV.DT1..BH,2021-06-12T11:32:04.420000,S,0.876,3.038888826267793e-05,-1,-1.0,20210612T080000_-1
AV.DT1..BH,2021-06-12T11:46:49.360000,S,0.789,0.0002084408915834,8,0.001065209482915,20210612T080000_8
AV.DT1..BH,2021-06-12T11:54:57.900000,S,0.904,1.5514996221099864e-06,10,0.001065209482915,20210612T080000_10
AV.DT1..BH,2021-06-12T11:58:02.700000,S,0.915,1.168530275208468e-06,11,0.0009303093876911,20210612T080000_11
AV.DT1..BH,2021-06-12T12:02:36.800000,S,0.32,5.467429673444713e-07,-1,-1.0,20210612T080000_-1
AV.DT1..BH,2021-06-12T12:04:27.180000,S,0.673,6.763578994650743e-07,12,0.0066332548486044,20210612T080000_12
AV.DT1..BH,2021-06-12T12:11:17.200000,S,0.54,2.1877414837945253e-05,-1,-1.0,20210612T080000_-1
AV.DT1..BH,2021-06-12T14:48:39.540000,S,0.911,2.55234385804215e-06,-1,-1.0,20210612T080000_-1
AV.DT1..BH,2021-06-12T15:14:42.060000,S,0.829,5.184876386010728e-07,-1,-1.0,20210612T080000_-1
AV.DTN..BH,2021-06-12T08:28:13.480000,P,0.566,1.1307217846479034e-06,-1,-1.0,20210612T080000_-1
AV.DTN..BH,2021-06-12T09:22:22.520000,P,0.528,1.6084701428553672e-06,2,0.001017605352113,20210612T080000_2
AV.DTN..BH,2021-06-12T10:06:03.420000,P,0.801,1.3236440281616524e-06,3,0.0064554694176877,20210612T080000_3
AV.DTN..BH,2021-06-12T10:42:31.160000,P,0.368,8.97150243872602e-07,5,0.0007722368178626,20210612T080000_5
AV.DTN..BH,2021-06-12T11:30:20.600000,P,0.951,1.3772088323094067e-06,6,0.0007722368178626,20210612T080000_6
AV.DTN..BH,2021-06-12T11:31:54.020000,P,0.978,1.1039692253689282e-05,7,0.0007722368178626,20210612T080000_7
AV.DTN..BH,2021-06-12T11:46:39.420000,P,0.973,0.000222391783609,8,0.0009303093876911,20210612T080000_8
AV.DTN..BH,2021-06-12T11:54:47.500000,P,0.691,1.211963308378472e-06,10,0.0009303093876911,20210612T080000_10
AV.DTN..BH,2021-06-12T11:57:52.360000,P,0.882,1.4875028000460588e-06,11,0.0001077183536655,20210612T080000_11
AV.DTN..BH,2021-06-12T12:04:16.680000,P,0.439,1.6020482007661483e-06,12,0.0007722368178626,20210612T080000_12
AV.DTN..BH,2021-06-12T12:11:06.680000,P,0.982,7.515768629673403e-06,13,0.0007722368178626,20210612T080000_13
AV.DTN..BH,2021-06-12T14:48:21.740000,P,0.957,2.0980069166398607e-06,-1,-1.0,20210612T080000_-1
AV.DTN..BH,2021-06-12T10:06:24.500000,S,0.739,1.4146587545837974e-06,4,0.0007722368178626,20210612T080000_4
AV.DTN..BH,2021-06-12T11:30:32.160000,S,0.741,1.972732889043982e-06,-1,-1.0,20210612T080000_-1
AV.DTN..BH,2021-06-12T11:32:05.600000,S,0.637,2.0684117771452293e-05,-1,-1.0,20210612T080000_-1
AV.DTN..BH,2021-06-12T11:46:50.160000,S,0.521,0.0003936305001843,8,0.0001077183536655,20210612T080000_8
AV.DTN..BH,2021-06-12T11:54:59.040000,S,0.529,1.357426299364306e-06,10,0.0001077183536655,20210612T080000_10
AV.DTN..BH,2021-06-12T11:58:03.740000,S,0.615,1.0713274605222978e-06,11,0.0003234934755832,20210612T080000_11
AV.DTN..BH,2021-06-12T12:02:37.600000,S,0.35,8.764678227635159e-07,-1,-1.0,20210612T080000_-1
AV.DTN..BH,2021-06-12T12:11:18.260000,S,0.723,1.1849580914713442e-05,-1,-1.0,20210612T080000_-1
AV.DTN..BH,2021-06-12T14:48:40.040000,S,0.305,9.154635449704074e-07,-1,-1.0,20210612T080000_-1
AV.DTN..BH,2021-06-12T14:48:41.640000,S,0.313,1.722513957247429e-06,-1,-1.0,20210612T080000_-1
AV.HAG..SH,2021-06-12T08:33:19.680000,P,0.306,3.3612948868722015e-07,-1,-1.0,20210612T080000_-1
AV.HAG..SH,2021-06-12T09:22:22.220000,P,0.381,2.575313260422263e-07,2,0.0064554694176877,20210612T080000_2
AV.HAG..SH,2021-06-12T11:30:23.080000,P,0.817,8.821014603199728e-07,6,0.001065209482915,20210612T080000_6
AV.HAG..SH,2021-06-12T11:31:55.820000,P,0.925,4.542719125311123e-06,7,0.001065209482915,20210612T080000_7
AV.HAG..SH,2021-06-12T11:46:41.080000,P,0.938,7.272946822922677e-05,8,0.0003234934755832,20210612T080000_8
AV.HAG..SH,2021-06-12T12:11:08.280000,P,0.96,8.189268555724993e-06,13,0.001065209482915,20210612T080000_13
AV.HAG..SH,2021-06-12T14:48:24.360000,P,0.966,1.4918906572347623e-06,-1,-1.0,20210612T080000_-1
AV.HAG..SH,2021-06-12T10:06:19.580000,S,0.567,7.420974270644365e-07,4,0.001065209482915,20210612T080000_4
AV.HAG..SH,2021-06-12T11:30:36.460000,S,0.82,1.5090462284206296e-06,6,0.0009303093876911,20210612T080000_6
AV.HAG..SH,2021-06-12T11:32:09.820000,S,0.752,1.2859694834332911e-05,7,0.0009303093876911,20210612T080000_7
AV.HAG..SH,2021-06-12T11:46:55.880000,S,0.309,0.0001176766090793,9,0.001017605352113,20210612T080000_9
AV.HAG..SH,2021-06-12T12:11:23.000000,S,0.393,7.883966645749751e-06,13,0.0009303093876911,20210612T080000_13
AV.HAG..SH,2021-06-12T14:18:17.800000,S,0.469,4.95421772939153e-07,-1,-1.0,20210612T080000_-1
AV.HAG..SH,2021-06-12T14:48:49.180000,S,0.731,1.5141623634917778e-06,-1,-1.0,20210612T080000_-1
AV.PN7A..BH,2021-06-12T11:31:59.180000,P,0.775,2.274397502333158e-06,7,0.0001077183536655,20210612T080000_7
AV.PN7A..BH,2021-06-12T11:46:43.740000,P,0.885,2.7439826226327568e-05,8,0.0037462668436088,20210612T080000_8
AV.PN7A..BH,2021-06-12T12:11:10.940000,P,0.852,2.2521423943544505e-06,13,0.0001077183536655,20210612T080000_13
AV.PN7A..BH,2021-06-12T14:12:26.040000,P,0.768,6.859080258436734e-06,-1,-1.0,20210612T080000_-1
AV.PN7A..BH,2021-06-12T14:48:24.200000,P,0.881,2.4591656710981624e-06,-1,-1.0,20210612T080000_-1
AV.PN7A..BH,2021-06-12T08:33:14.560000,S,0.33,1.9575516034819884e-06,1,0.001017605352113,20210612T080000_1
AV.PN7A..BH,2021-06-12T10:06:20.680000,S,0.459,1.407558784194407e-06,4,0.0009303093876911,20210612T080000_4
AV.PN7A..BH,2021-06-12T11:32:13.280000,S,0.502,3.516895731081604e-06,-1,-1.0,20210612T080000_-1
AV.PN7A..BH,2021-06-12T12:11:27.300000,S,0.533,2.7488533760333667e-06,-1,-1.0,20210612T080000_-1
AV.PN7A..BH,2021-06-12T14:04:43.720000,S,0.316,1.2072639492544113e-06,-1,-1.0,20210612T080000_-1
AV.PN7A..BH,2021-06-12T14:12:39.040000,S,0.448,6.01986766923801e-06,-1,-1.0,20210612T080000_-1
AV.PS1A..BH,2021-06-12T08:00:00.020000,P,0.416,3.208110115338059e-07,-1,-1.0,20210612T080000_-1
AV.PS1A..BH,2021-06-12T08:00:01.680000,P,0.326,1.2812216709789936e-06,-1,-1.0,20210612T080000_-1
AV.PS1A..BH,2021-06-12T09:22:21.520000,P,0.482,9.187008345179492e-07,2,0.0066332548486044,20210612T080000_2
AV.PS1A..BH,2021-06-12T10:05:58.540000,P,0.66,1.6739968486945145e-06,3,0.0066332548486044,20210612T080000_3
AV.PS1A..BH,2021-06-12T11:30:23.960000,P,0.628,1.3712360669160262e-06,6,0.0001077183536655,20210612T080000_6
AV.PS1A..BH,2021-06-12T11:31:57.020000,P,0.893,2.9889254165027523e-06,-1,-1.0,20210612T080000_-1
AV.PS1A..BH,2021-06-12T11:46:42.420000,P,0.877,2.564242277003359e-05,8,1.940070862416681e-07,20210612T080000_8
AV.PS1A..BH,2021-06-12T12:11:09.660000,P,0.949,3.2783182177809067e-06,-1,-1.0,20210612T080000_-1
AV.PS1A..BH,2021-06-12T14:18:13.160000,P,0.58,2.110548621203634e-06,-1,-1.0,20210612T080000_-1
AV.PS1A..BH,2021-06-12T08:33:16.680000,S,0.397,1.74867943769641e-06,1,0.0064554694176877,20210612T080000_1
AV.PS1A..BH,2021-06-12T11:30:38.220000,S,0.482,1.95759093912784e-06,6,0.0003234934755832,20210612T080000_6
AV.PS1A..BH,2021-06-12T11:32:11.000000,S,0.468,8.027570402191486e-06,-1,-1.0,20210612T080000_-1
AV.PS1A..BH,2021-06-12T11:32:11.800000,S,0.45,1.1639249350992031e-05,7,0.0003234934755832,20210612T080000_7
AV.PS1A..BH,2021-06-12T11:46:56.500000,S,0.746,0.0001767958456184,9,0.0064554694176877,20210612T080000_9
AV.PS1A..BH,2021-06-12T12:11:24.640000,S,0.803,7.571029982500477e-06,13,0.0003234934755832,20210612T080000_13
AV.PS4A..BH,2021-06-12T10:05:59.420000,P,0.301,1.451905745852855e-06,3,0.0007722368178626,20210612T080000_3
AV.PS4A..BH,2021-06-12T11:31:56.060000,P,0.924,6.064650278858608e-06,7,0.0037462668436088,20210612T080000_7
AV.PS4A..BH,2021-06-12T11:46:41.260000,P,0.946,7.000829646131024e-05,8,1.6220230996162412e-06,20210612T080000_8
AV.PS4A..BH,2021-06-12T12:11:08.500000,P,0.966,6.235429282241967e-06,-1,-1.0,20210612T080000_-1
AV.PS4A..BH,2021-06-12T14:48:24.600000,P,0.866,3.067458919758792e-06,-1,-1.0,20210612T080000_-1
AV.PS4A..BH,2021-06-12T10:06:18.040000,S,0.415,1.9184662960469723e-06,4,0.0001077183536655,20210612T080000_4
AV.PS4A..BH,2021-06-12T11:32:09.200000,S,0.599,2.271959419886116e-05,7,1.940070862416681e-07,20210612T080000_7
AV.PS4A..BH,2021-06-12T11:46:51.880000,S,0.347,9.128180681727828e-05,8,2.5303564250966534e-06,20210612T080000_8
AV.PS4A..BH,2021-06-12T11:46:54.840000,S,0.33,0.0002044857246801,9,0.0066332548486044,20210612T080000_9
AV.PS4A..BH,2021-06-12T12:11:22.160000,S,0.782,1.487167719460558e-05,13,0.0037462668436088,20210612T080000_13
AV.PS4A..BH,2021-06-12T14:18:15.580000,S,0.474,2.7616288207354955e-06,-1,-1.0,20210612T080000_-1
AV.PV6A..SH,2021-06-12T08:36:43.640000,P,0.638,2.0917984500101738e-07,-1,-1.0,20210612T080000_-1
AV.PV6A..SH,2021-06-12T09:22:24.400000,P,0.522,1.5049580781578697e-07,2,0.0007722368178626,20210612T080000_2
AV.PV6A..SH,2021-06-12T10:06:19.600000,P,0.506,3.015060201505549e-07,4,0.0003234934755832,20210612T080000_4
AV.PV6A..SH,2021-06-12T11:30:26.540000,P,0.778,1.932263273829449e-07,6,0.0037462668436088,20210612T080000_6
AV.PV6A..SH,2021-06-12T11:31:59.480000,P,0.951,1.4089237083680928e-06,7,1.6220230996162412e-06,20210612T080000_7
AV.PV6A..SH,2021-06-12T11:33:24.800000,P,0.432,1.5906641692708945e-07,-1,-1.0,20210612T080000_-1
AV.PV6A..SH,2021-06-12T11:46:44.780000,P,0.817,1.4307934179669246e-05,8,2.382814726051514e-06,20210612T080000_8
AV.PV6A..SH,2021-06-12T12:11:12.120000,P,0.952,1.2243293667779651e-06,13,1.940070862416681e-07,20210612T080000_13
AV.PV6A..SH,2021-06-12T13:28:02.460000,P,0.8,2.581848264071596e-07,-1,-1.0,20210612T080000_-1
AV.PV6A..SH,2021-06-12T14:12:28.960000,P,0.729,3.849069116768078e-07,-1,-1.0,20210612T080000_-1
AV.PV6A..SH,2021-06-12T14:18:14.380000,P,0.63,7.426896218021284e-07,-1,-1.0,20210612T080000_-1
AV.PV6A..SH,2021-06-12T14:48:24.440000,P,0.917,4.118656988794101e-07,-1,-1.0,20210612T080000_-1
AV.PV6A..SH,2021-06-12T15:26:43.840000,P,0.423,3.2307329433933774e-07,-1,-1.0,20210612T080000_-1
AV.PV6A..SH,2021-06-12T08:00:16.520000,S,0.311,9.73869092035784e-08,-1,-1.0,20210612T080000_-1
AV.PV6A..SH,2021-06-12T09:22:46.060000,S,0.848,1.76145334762623e-07,-1,-1.0,20210612T080000_-1
AV.PV6A..SH,2021-06-12T09:52:21.680000,S,0.41,3.90970058106177e-07,-1,-1.0,20210612T080000_-1
AV.PV6A..SH,2021-06-12T10:06:12.560000,S,0.459,2.899378443999012e-07,-1,-1.0,20210612T080000_-1
AV.PV6A..SH,2021-06-12T11:30:41.520000,S,0.745,3.4200863296973694e-07,-1,-1.0,20210612T080000_-1
AV.PV6A..SH,2021-06-12T11:32:15.020000,S,0.74,3.218459596610046e-06,-1,-1.0,20210612T080000_-1
AV.PV6A..SH,2021-06-12T11:47:00.820000,S,0.52,3.303958510514349e-05,9,0.0007722368178626,20210612T080000_9
AV.PV6A..SH,2021-06-12T12:11:27.940000,S,0.699,2.389088422205532e-06,-1,-1.0,20210612T080000_-1
AV.PV6A..SH,2021-06-12T13:28:06.660000,S,0.559,2.581848264071596e-07,-1,-1.0,20210612T080000_-1
AV.PV6A..SH,2021-06-12T14:12:43.840000,S,0.621,7.035319526949024e-07,-1,-1.0,20210612T080000_-1
AV.PVV..SH,2021-06-12T08:33:15.880000,P,0.633,3.684978366891301e-07,1,0.0066332548486044,20210612T080000_1
AV.PVV..SH,2021-06-12T10:05:58.780000,P,0.732,2.113026340566649e-07,3,0.001065209482915,20210612T080000_3
AV.PVV..SH,2021-06-12T11:30:22.880000,P,0.643,3.4311133845221775e-07,-1,-1.0,20210612T080000_-1
AV.PVV..SH,2021-06-12T11:31:56.200000,P,0.968,2.0807658529520268e-06,-1,-1.0,20210612T080000_-1
AV.PVV..SH,2021-06-12T11:46:41.540000,P,0.974,1.632654675631784e-05,8,0.0023334041160917,20210612T080000_8
AV.PVV..SH,2021-06-12T12:11:08.780000,P,0.988,2.2732483557774685e-06,-1,-1.0,20210612T080000_-1
AV.PVV..SH,2021-06-12T14:18:13.000000,P,0.837,5.311446216182958e-07,-1,-1.0,20210612T080000_-1
AV.PVV..SH,2021-06-12T14:48:25.020000,P,0.663,9.34764159410406e-07,-1,-1.0,20210612T080000_-1
AV.PVV..SH,2021-06-12T15:08:23.080000,P,0.35,2.0921578425259213e-07,-1,-1.0,20210612T080000_-1
AV.PVV..SH,2021-06-12T15:24:52.240000,P,0.421,1.804718294806662e-07,-1,-1.0,20210612T080000_-1
AV.PVV..SH,2021-06-12T08:33:19.800000,S,0.771,3.684978366891301e-07,1,0.0007722368178626,20210612T080000_1
AV.PVV..SH,2021-06-12T08:36:42.380000,S,0.505,1.5789228768881008e-07,-1,-1.0,20210612T080000_-1
AV.PVV..SH,2021-06-12T09:52:20.520000,S,0.594,2.8013022301820456e-07,-1,-1.0,20210612T080000_-1
AV.PVV..SH,2021-06-12T10:06:19.500000,S,0.437,2.881612033434067e-07,4,0.0037462668436088,20210612T080000_4
AV.PVV..SH,2021-06-12T11:30:36.320000,S,0.901,6.437413162529992e-07,6,1.940070862416681e-07,20210612T080000_6
AV.PVV..SH,2021-06-12T11:32:09.740000,S,0.945,7.881450073909946e-06,7,2.5303564250966534e-06,20210612T080000_7
AV.PVV..SH,2021-06-12T11:46:55.160000,S,0.909,3.9400893001584336e-05,9,0.001065209482915,20210612T080000_9
AV.PVV..SH,2021-06-12T12:11:22.640000,S,0.567,3.8017440147086745e-06,13,1.6220230996162412e-06,20210612T080000_13
AV.PVV..SH,2021-06-12T14:18:18.880000,S,0.462,5.311446216182958e-07,-1,-1.0,20210612T080000_-1
AV.S12K..BH,2021-06-12T11:32:02.540000,P,0.935,2.070472646664712e-06,7,2.382814726051514e-06,20210612T080000_7
AV.S12K..BH,2021-06-12T11:46:47.580000,P,0.935,2.43841659539612e-05,8,0.0057165690456618,20210612T080000_8
AV.S12K..BH,2021-06-12T12:11:14.740000,P,0.952,2.245151108581922e-06,13,2.5303564250966534e-06,20210612T080000_13
AV.S12K..BH,2021-06-12T14:48:24.440000,P,0.578,1.7822080735641066e-06,-1,-1.0,20210612T080000_-1
AV.S12K..BH,2021-06-12T11:30:47.360000,S,0.437,8.191362894649501e-07,-1,-1.0,20210612T080000_-1
AV.S12K..BH,2021-06-12T11:32:20.220000,S,0.596,7.766150702082086e-06,-1,-1.0,20210612T080000_-1
AV.S12K..BH,2021-06-12T11:47:05.760000,S,0.512,7.144863775465637e-05,9,0.0009303093876911,20210612T080000_9
AV.S12K..BH,2021-06-12T12:11:32.920000,S,0.472,6.0357647271302994e-06,-1,-1.0,20210612T080000_-1
AV.DEER..BH,2021-06-12T18:02:31.720000,P,0.875,9.358028592032496e-07,2,0.0124577862745312,20210612T160000_2
AV.DEER..BH,2021-06-12T19:05:49.580000,P,0.84,5.919292220823991e-07,-1,-1.0,20210612T160000_-1
AV.DEER..BH,2021-06-12T20:33:55.320000,P,0.973,2.02565183826664e-06,6,0.0124577862745312,20210612T160000_6
AV.DEER..BH,2021-06-12T20:49:27.080000,P,0.498,4.876154662269983e-07,7,0.0124577862745312,20210612T160000_7
AV.DEER..BH,2021-06-12T20:50:29.560000,P,0.717,9.3120274868852e-07,-1,-1.0,20210612T160000_-1
AV.DEER..BH,2021-06-12T21:52:25.560000,P,0.831,5.225618906479212e-07,8,0.0124577862745312,20210612T160000_8
AV.DEER..BH,2021-06-12T22:20:25.100000,P,0.376,6.131080567683966e-07,-1,-1.0,20210612T160000_-1
AV.DEER..BH,2021-06-12T22:36:13.340000,P,0.625,6.395637797140807e-07,-1,-1.0,20210612T160000_-1
AV.DEER..BH,2021-06-12T23:26:40.060000,P,0.664,8.446267543149588e-07,10,0.0124577862745312,20210612T160000_10
AV.DEER..BH,2021-06-12T18:02:51.280000,S,0.516,2.646473376444192e-06,3,0.0124577862745312,20210612T160000_3
AV.DEER..BH,2021-06-12T20:34:05.520000,S,0.941,2.02565183826664e-06,6,0.0014860762028941,20210612T160000_6
AV.DEER..BH,2021-06-12T21:52:44.240000,S,0.592,1.2068735486536752e-06,9,0.0124577862745312,20210612T160000_9
AV.DEER..BH,2021-06-12T22:20:35.520000,S,0.538,6.273039616644382e-07,-1,-1.0,20210612T160000_-1
AV.DEER..BH,2021-06-12T22:36:23.020000,S,0.699,4.489989180456178e-07,-1,-1.0,20210612T160000_-1
AV.DEER..BH,2021-06-12T23:26:59.300000,S,0.723,2.118357087965705e-06,-1,-1.0,20210612T160000_-1
AV.DOL..BH,2021-06-12T16:29:47.240000,P,0.396,8.016982633307634e-07,1,0.0124577862745312,20210612T160000_1
AV.DOL..BH,2021-06-12T18:02:29.920000,P,0.709,1.6765603731982992e-06,2,0.0014860762028941,20210612T160000_2
AV.DOL..BH,2021-06-12T20:33:55.800000,P,0.912,1.0686352425182122e-06,-1,-1.0,20210612T160000_-1
AV.DOL..BH,2021-06-12T20:49:22.200000,P,0.54,7.363910299318377e-07,-1,-1.0,20210612T160000_-1
AV.DOL..BH,2021-06-12T20:49:22.860000,P,0.358,9.03511590877315e-07,7,0.0014860762028941,20210612T160000_7
AV.DOL..BH,2021-06-12T21:52:23.340000,P,0.814,1.3054333294348908e-06,8,0.0014860762028941,20210612T160000_8
AV.DOL..BH,2021-06-12T23:26:38.200000,P,0.854,2.658770426933188e-06,10,0.0014860762028941,20210612T160000_10
AV.DOL..BH,2021-06-12T16:29:49.440000,S,0.486,8.016982633307634e-07,1,0.0014860762028941,20210612T160000_1
AV.DOL..BH,2021-06-12T18:02:46.680000,S,0.615,4.474734851100948e-06,3,0.0014860762028941,20210612T160000_3
AV.DOL..BH,2021-06-12T20:34:06.540000,S,0.793,1.5318802297770162e-06,-1,-1.0,20210612T160000_-1
AV.DOL..BH,2021-06-12T21:21:44.040000,S,0.305,5.785680059489096e-07,-1,-1.0,20210612T160000_-1
AV.DOL..BH,2021-06-12T21:52:40.800000,S,0.782,6.195643891260261e-06,9,0.0014860762028941,20210612T160000_9
AV.DOL..BH,2021-06-12T23:26:55.900000,S,0.732,1.4786018255108502e-05,-1,-1.0,20210612T160000_-1
AV.DOL..BH,2021-06-12T23:55:02.380000,S,0.705,1.2316357924646582e-06,13,0.0124577862745312,20210612T160000_13
AV.DT1..BH,2021-06-12T16:29:46.860000,P,0.839,4.97096948492981e-07,1,0.0070648101869131,20210612T160000_1
AV.DT1..BH,2021-06-12T18:02:32.180000,P,0.919,1.6103990674309898e-06,2,0.0070648101869131,20210612T160000_2
AV.DT1..BH,2021-06-12T20:33:56.520000,P,0.982,2.978667453135131e-06,6,0.0070648101869131,20210612T160000_6
AV.DT1..BH,2021-06-12T20:49:25.980000,P,0.324,8.390328503082856e-07,7,0.0070648101869131,20210612T160000_7
AV.DT1..BH,2021-06-12T21:52:26.060000,P,0.852,9.222511607731576e-07,8,0.0070648101869131,20210612T160000_8
AV.DT1..BH,2021-06-12T23:26:40.920000,P,0.855,1.368252924294211e-06,10,0.0070648101869131,20210612T160000_10
AV.DT1..BH,2021-06-12T23:54:47.420000,P,0.532,6.518458235404978e-07,12,0.0124577862745312,20210612T160000_12
AV.DT1..BH,2021-06-12T16:29:48.760000,S,0.312,4.97096948492981e-07,1,0.0036792114646481,20210612T160000_1
AV.DT1..BH,2021-06-12T18:02:51.580000,S,0.772,4.448982053872896e-06,3,0.0070648101869131,20210612T160000_3
AV.DT1..BH,2021-06-12T19:05:59.420000,S,0.503,5.780157721346768e-07,-1,-1.0,20210612T160000_-1
AV.DT1..BH,2021-06-12T20:34:07.740000,S,0.941,2.978667453135131e-06,-1,-1.0,20210612T160000_-1
AV.DT1..BH,2021-06-12T21:52:45.280000,S,0.701,3.5885859688278288e-06,9,0.0070648101869131,20210612T160000_9
AV.DT1..BH,2021-06-12T23:27:00.780000,S,0.767,4.867160441790475e-06,11,0.0124577862745312,20210612T160000_11
AV.DT1..BH,2021-06-12T23:55:08.160000,S,0.541,8.036640792852268e-07,13,0.0014860762028941,20210612T160000_13
AV.DTN..BH,2021-06-12T18:02:32.680000,P,0.764,1.6301877394653277e-06,2,0.0036792114646481,20210612T160000_2
AV.DTN..BH,2021-06-12T20:33:57.160000,P,0.949,1.031107103699469e-06,6,0.0036792114646481,20210612T160000_6
AV.DTN..BH,2021-06-12T20:49:25.640000,P,0.541,1.0145245141757189e-06,7,0.0036792114646481,20210612T160000_7
AV.DTN..BH,2021-06-12T21:52:26.520000,P,0.814,9.513900636193284e-07,8,0.0036792114646481,20210612T160000_8
AV.DTN..BH,2021-06-12T23:26:41.100000,P,0.911,2.2972367332840804e-06,10,0.0036792114646481,20210612T160000_10
AV.DTN..BH,2021-06-12T23:49:46.320000,P,0.373,9.722065215100884e-07,-1,-1.0,20210612T160000_-1
AV.DTN..BH,2021-06-12T23:54:47.660000,P,0.357,1.1746622021746589e-06,12,0.0014860762028941,20210612T160000_12
AV.DTN..BH,2021-06-12T18:02:52.800000,S,0.578,3.3752121453289874e-06,3,0.0036792114646481,20210612T160000_3
AV.DTN..BH,2021-06-12T20:34:08.820000,S,0.736,1.6251395891231368e-06,-1,-1.0,20210612T160000_-1
AV.DTN..BH,2021-06-12T21:03:13.960000,S,0.306,1.2188827440695604e-06,-1,-1.0,20210612T160000_-1
AV.DTN..BH,2021-06-12T21:52:46.020000,S,0.803,3.102072014371516e-06,9,0.0036792114646481,20210612T160000_9
AV.DTN..BH,2021-06-12T23:27:01.640000,S,0.343,6.263693649088964e-06,11,0.0014860762028941,20210612T160000_11
AV.DTN..BH,2021-06-12T23:50:01.400000,S,0.437,1.1249068165852805e-06,-1,-1.0,20210612T160000_-1
AV.DTN..BH,2021-06-12T23:55:08.640000,S,0.311,1.4743183101018076e-06,13,0.0070648101869131,20210612T160000_13
AV.HAG..SH,2021-06-12T18:02:32.160000,P,0.575,1.2493169379013125e-06,2,0.0003194909552114,20210612T160000_2
AV.HAG..SH,2021-06-12T20:33:59.180000,P,0.727,4.900959993392462e-07,6,0.0003194909552114,20210612T160000_6
AV.HAG..SH,2021-06-12T21:52:25.480000,P,0.796,9.775800435818385e-07,8,0.0003194909552114,20210612T160000_8
AV.HAG..SH,2021-06-12T23:26:40.680000,P,0.916,2.5137155716947746e-06,10,0.0003194909552114,20210612T160000_10
AV.HAG..SH,2021-06-12T23:54:46.940000,P,0.543,5.051349489804124e-07,12,0.0070648101869131,20210612T160000_12
AV.HAG..SH,2021-06-12T18:02:51.100000,S,0.488,2.304293275301461e-06,3,0.0003194909552114,20210612T160000_3
AV.HAG..SH,2021-06-12T18:53:28.320000,S,0.321,4.473363901524863e-07,5,0.0124577862745312,20210612T160000_5
AV.HAG..SH,2021-06-12T20:34:12.680000,S,0.443,6.473664484474284e-07,6,0.0048697187036913,20210612T160000_6
AV.HAG..SH,2021-06-12T20:50:26.400000,S,0.313,1.0738677929111873e-06,-1,-1.0,20210612T160000_-1
AV.HAG..SH,2021-06-12T21:52:44.900000,S,0.785,1.5397844208564493e-06,9,0.0003194909552114,20210612T160000_9
AV.HAG..SH,2021-06-12T23:27:01.440000,S,0.788,4.965633252140833e-06,11,0.0070648101869131,20210612T160000_11
AV.HAG..SH,2021-06-12T23:54:50.380000,S,0.39,4.438812197804509e-07,12,0.0036792114646481,20210612T160000_12
AV.HAG..SH,2021-06-12T23:55:07.560000,S,0.445,4.684280554556608e-07,13,0.0036792114646481,20210612T160000_13
AV.PN7A..BH,2021-06-12T18:33:28.140000,P,0.347,1.6021571127566858e-06,4,0.0124577862745312,20210612T160000_4
AV.PN7A..BH,2021-06-12T20:49:23.840000,P,0.61,1.5250952856149524e-06,7,0.0003194909552114,20210612T160000_7
AV.PN7A..BH,2021-06-12T23:26:43.000000,P,0.921,1.983003357963753e-06,10,0.0048697187036913,20210612T160000_10
AV.PN7A..BH,2021-06-12T20:16:06.220000,S,0.314,2.58755039794778e-06,-1,-1.0,20210612T160000_-1
AV.PN7A..BH,2021-06-12T23:27:06.700000,S,0.681,2.9999989692441886e-06,-1,-1.0,20210612T160000_-1
AV.PS1A..BH,2021-06-12T16:00:00.020000,P,0.431,1.3564840628532693e-06,-1,-1.0,20210612T160000_-1
AV.PS1A..BH,2021-06-12T16:05:16.920000,P,0.516,9.870965413938393e-07,-1,-1.0,20210612T160000_-1
AV.PS1A..BH,2021-06-12T18:02:31.340000,P,0.787,1.4721082379764994e-06,2,0.0048697187036913,20210612T160000_2
AV.PS1A..BH,2021-06-12T18:33:27.720000,P,0.877,1.3507924450095745e-06,4,0.0014860762028941,20210612T160000_4
AV.PS1A..BH,2021-06-12T19:05:44.060000,P,0.327,1.092771071853349e-06,-1,-1.0,20210612T160000_-1
AV.PS1A..BH,2021-06-12T20:34:00.360000,P,0.452,1.9293509012641152e-06,6,5.777437653972286e-05,20210612T160000_6
AV.PS1A..BH,2021-06-12T20:41:27.760000,P,0.813,1.432536919310223e-06,-1,-1.0,20210612T160000_-1
AV.PS1A..BH,2021-06-12T20:49:21.640000,P,0.474,2.29624379244342e-06,7,0.0048697187036913,20210612T160000_7
AV.PS1A..BH,2021-06-12T21:52:25.340000,P,0.907,1.3624696748593124e-06,8,0.0048697187036913,20210612T160000_8
AV.PS1A..BH,2021-06-12T23:26:40.460000,P,0.908,2.92743175123178e-06,10,5.777437653972286e-05,20210612T160000_10
AV.PS1A..BH,2021-06-12T18:02:50.140000,S,0.732,2.644910409799195e-06,3,0.0048697187036913,20210612T160000_3
AV.PS1A..BH,2021-06-12T21:52:44.160000,S,0.755,2.971606136270566e-06,9,0.0048697187036913,20210612T160000_9
AV.PS1A..BH,2021-06-12T23:27:01.280000,S,0.662,7.14625002729008e-06,11,0.0036792114646481,20210612T160000_11
AV.PS1A..BH,2021-06-12T23:55:06.360000,S,0.429,1.0628915561028407e-06,13,0.0003194909552114,20210612T160000_13
AV.PS4A..BH,2021-06-12T18:02:31.840000,P,0.469,2.3787806640029885e-06,2,5.777437653972286e-05,20210612T160000_2
AV.PS4A..BH,2021-06-12T18:33:27.480000,P,0.78,2.350179101995309e-06,4,0.0070648101869131,20210612T160000_4
AV.PS4A..BH,2021-06-12T23:26:40.600000,P,0.94,3.187494030498783e-06,10,9.571851348531362e-05,20210612T160000_10
AV.PS4A..BH,2021-06-12T18:02:50.460000,S,0.581,4.855302449868759e-06,3,5.777437653972286e-05,20210612T160000_3
AV.PS4A..BH,2021-06-12T18:33:29.200000,S,0.672,2.350179101995309e-06,4,0.0036792114646481,20210612T160000_4
AV.PS4A..BH,2021-06-12T21:52:44.600000,S,0.479,4.122567588638049e-06,9,5.777437653972286e-05,20210612T160000_9
AV.PS4A..BH,2021-06-12T23:27:00.800000,S,0.585,8.16599731479073e-06,11,0.0003194909552114,20210612T160000_11
AV.PV6A..SH,2021-06-12T16:00:00.020000,P,0.387,1.2069646970758185e-07,-1,-1.0,20210612T160000_-1
AV.PV6A..SH,2021-06-12T16:05:19.660000,P,0.561,1.691572748541148e-07,-1,-1.0,20210612T160000_-1
AV.PV6A..SH,2021-06-12T16:09:48.000000,P,0.357,1.4078608501222334e-07,-1,-1.0,20210612T160000_-1
AV.PV6A..SH,2021-06-12T16:11:38.880000,P,0.657,2.797018510136695e-07,-1,-1.0,20210612T160000_-1
AV.PV6A..SH,2021-06-12T17:28:16.700000,P,0.767,4.003717322120792e-07,-1,-1.0,20210612T160000_-1
AV.PV6A..SH,2021-06-12T17:37:21.660000,P,0.484,1.6781044109848153e-07,-1,-1.0,20210612T160000_-1
AV.PV6A..SH,2021-06-12T18:02:33.820000,P,0.717,5.372197051656258e-07,2,9.571851348531362e-05,20210612T160000_2
AV.PV6A..SH,2021-06-12T18:33:29.680000,P,0.797,3.659154970137024e-07,4,0.0003194909552114,20210612T160000_4
AV.PV6A..SH,2021-06-12T18:53:24.800000,P,0.418,5.845136001880746e-07,5,0.0014860762028941,20210612T160000_5
AV.PV6A..SH,2021-06-12T20:34:02.420000,P,0.39,1.804720852760511e-07,6,9.571851348531362e-05,20210612T160000_6
AV.PV6A..SH,2021-06-12T20:41:30.640000,P,0.353,1.0187279997353472e-07,-1,-1.0,20210612T160000_-1
AV.PV6A..SH,2021-06-12T20:41:31.280000,P,0.392,2.21302187242145e-07,-1,-1.0,20210612T160000_-1
AV.PV6A..SH,2021-06-12T20:49:22.840000,P,0.829,3.1656699661652965e-07,7,5.777437653972286e-05,20210612T160000_7
AV.PV6A..SH,2021-06-12T21:52:27.760000,P,0.939,6.538315915349813e-07,8,5.777437653972286e-05,20210612T160000_8
AV.PV6A..SH,2021-06-12T22:25:33.760000,P,0.396,2.2221456674742518e-07,-1,-1.0,20210612T160000_-1
AV.PV6A..SH,2021-06-12T22:50:10.720000,P,0.441,1.6703118888017348e-07,-1,-1.0,20210612T160000_-1
AV.PV6A..SH,2021-06-12T23:26:43.280000,P,0.623,1.5443309848706122e-06,10,0.0018425106960335,20210612T160000_10
AV.PV6A..SH,2021-06-12T23:54:49.760000,P,0.705,2.259201039578329e-07,12,0.0003194909552114,20210612T160000_12
AV.PV6A..SH,2021-06-12T17:28:19.020000,S,0.908,4.003717322120792e-07,-1,-1.0,20210612T160000_-1
AV.PV6A..SH,2021-06-12T18:02:54.720000,S,0.598,1.3872171393813917e-06,3,9.571851348531362e-05,20210612T160000_3
AV.PV6A..SH,2021-06-12T18:53:29.720000,S,0.348,5.845136001880746e-07,5,0.0070648101869131,20210612T160000_5
AV.PV6A..SH,2021-06-12T19:27:27.360000,S,0.32,1.438248773411033e-07,-1,-1.0,20210612T160000_-1
AV.PV6A..SH,2021-06-12T20:34:18.260000,S,0.815,2.5381163482052216e-07,-1,-1.0,20210612T160000_-1
AV.PV6A..SH,2021-06-12T20:41:52.220000,S,0.572,2.5073023834920605e-07,-1,-1.0,20210612T160000_-1
AV.PV6A..SH,2021-06-12T21:52:48.780000,S,0.814,1.152056142927904e-06,9,9.571851348531362e-05,20210612T160000_9
AV.PV6A..SH,2021-06-12T23:02:24.640000,S,0.333,1.6437012106962356e-07,-1,-1.0,20210612T160000_-1
AV.PV6A..SH,2021-06-12T23:27:05.960000,S,0.606,2.5694826035760343e-06,-1,-1.0,20210612T160000_-1
AV.PV6A..SH,2021-06-12T23:55:12.280000,S,0.526,2.735374664553092e-07,13,0.0048697187036913,20210612T160000_13
AV.PVV..SH,2021-06-12T16:05:16.880000,P,0.306,1.684685173586331e-07,-1,-1.0,20210612T160000_-1
AV.PVV..SH,2021-06-12T18:02:31.100000,P,0.798,6.237438583411858e-07,2,0.0018425106960335,20210612T160000_2
AV.PVV..SH,2021-06-12T18:33:27.260000,P,0.878,4.207766437502869e-07,4,0.0048697187036913,20210612T160000_4
AV.PVV..SH,2021-06-12T18:48:36.460000,P,0.69,2.067407791628284e-07,-1,-1.0,20210612T160000_-1
AV.PVV..SH,2021-06-12T18:53:22.800000,P,0.651,4.112928309041308e-07,5,0.0036792114646481,20210612T160000_5
AV.PVV..SH,2021-06-12T19:30:56.120000,P,0.418,1.4698625250275654e-07,-1,-1.0,20210612T160000_-1
AV.PVV..SH,2021-06-12T19:36:07.320000,P,0.367,1.932891251499313e-07,-1,-1.0,20210612T160000_-1
AV.PVV..SH,2021-06-12T19:44:50.860000,P,0.338,2.066849589255071e-07,-1,-1.0,20210612T160000_-1
AV.PVV..SH,2021-06-12T20:28:28.600000,P,0.335,1.720236610935899e-07,-1,-1.0,20210612T160000_-1
AV.PVV..SH,2021-06-12T20:33:59.400000,P,0.718,2.3826622452816082e-07,6,0.0018425106960335,20210612T160000_6
AV.PVV..SH,2021-06-12T21:52:25.080000,P,0.819,6.305879196588648e-07,8,9.571851348531362e-05,20210612T160000_8
AV.PVV..SH,2021-06-12T23:26:40.160000,P,0.936,1.8520122466725293e-06,10,0.0066305931138358,20210612T160000_10
AV.PVV..SH,2021-06-12T23:54:46.700000,P,0.853,2.2303943580936905e-07,12,0.0048697187036913,20210612T160000_12
AV.PVV..SH,2021-06-12T18:02:50.800000,S,0.539,1.01448802070081e-06,3,0.0018425106960335,20210612T160000_3
AV.PVV..SH,2021-06-12T18:33:29.580000,S,0.91,4.207766437502869e-07,4,5.777437653972286e-05,20210612T160000_4
AV.PVV..SH,2021-06-12T18:48:43.200000,S,0.405,2.067407791628284e-07,-1,-1.0,20210612T160000_-1
AV.PVV..SH,2021-06-12T18:53:28.960000,S,0.626,4.112928309041308e-07,5,0.0003194909552114,20210612T160000_5
AV.PVV..SH,2021-06-12T19:31:15.240000,S,0.334,2.123410496324141e-07,-1,-1.0,20210612T160000_-1
AV.PVV..SH,2021-06-12T20:34:12.960000,S,0.597,4.277912921679672e-07,6,0.0066305931138358,20210612T160000_6
AV.PVV..SH,2021-06-12T21:52:43.860000,S,0.765,9.150911637334502e-07,9,0.0018425106960335,20210612T160000_9
AV.PVV..SH,2021-06-12T23:26:59.480000,S,0.361,1.584617848493508e-06,11,0.0048697187036913,20210612T160000_11
AV.PVV..SH,2021-06-12T23:28:42.680000,S,0.357,2.248468291554673e-07,-1,-1.0,20210612T160000_-1
AV.S12K..BH,2021-06-12T18:02:38.760000,P,0.352,1.1611747368078795e-06,2,0.0066305931138358,20210612T160000_2
AV.S12K..BH,2021-06-12T21:52:29.720000,P,0.898,9.53516291701817e-07,8,0.0018425106960335,20210612T160000_8
AV.S12K..BH,2021-06-12T23:26:45.820000,P,0.782,2.3540499114460545e-06,10,0.0051504854996847,20210612T160000_10
AV.S12K..BH,2021-06-12T18:02:58.260000,S,0.712,2.0769289221789222e-06,3,0.0066305931138358,20210612T160000_3
AV.S12K..BH,2021-06-12T21:52:51.960000,S,0.791,1.6953740669123365e-06,9,0.0066305931138358,20210612T160000_9
AV.S12K..BH,2021-06-12T23:27:09.900000,S,0.748,4.596676717483206e-06,-1,-1.0,20210612T160000_-1
AV.DEER..BH,2021-06-13T02:11:26.620000,P,0.921,7.721590122855559e-07,3,0.0051112549344515,20210613T000000_3
AV.DEER..BH,2021-06-13T02:15:00.700000,P,0.52,7.188340305219754e-07,-1,-1.0,20210613T000000_-1
AV.DEER..BH,2021-06-13T02:19:04.300000,P,0.94,2.212349500041455e-06,5,0.0051112549344515,20210613T000000_5
AV.DEER..BH,2021-06-13T02:49:04.620000,P,0.954,7.312840466511261e-07,6,0.0051112549344515,20210613T000000_6
AV.DEER..BH,2021-06-13T03:03:59.460000,P,0.967,2.2902389900991693e-05,7,0.0051112549344515,20210613T000000_7
AV.DEER..BH,2021-06-13T04:24:03.360000,P,0.686,8.768849397711165e-07,10,0.0051112549344515,20210613T000000_10
AV.DEER..BH,2021-06-13T04:39:01.900000,P,0.923,1.0824417131516384e-06,12,0.0051112549344515,20210613T000000_12
AV.DEER..BH,2021-06-13T05:37:51.500000,P,0.963,3.135835413559107e-06,15,0.0051112549344515,20210613T000000_15
AV.DEER..BH,2021-06-13T05:54:19.480000,P,0.938,5.927708457420522e-07,16,0.0051112549344515,20210613T000000_16
AV.DEER..BH,2021-06-13T07:15:09.900000,P,0.731,6.592703130081645e-07,-1,-1.0,20210613T000000_-1
AV.DEER..BH,2021-06-13T02:11:43.660000,S,0.89,1.744652308843797e-06,-1,-1.0,20210613T000000_-1
AV.DEER..BH,2021-06-13T02:19:14.420000,S,0.95,2.212349500041455e-06,5,7.605632225044476e-05,20210613T000000_5
AV.DEER..BH,2021-06-13T02:49:12.620000,S,0.872,7.312840466511261e-07,6,7.605632225044476e-05,20210613T000000_6
AV.DEER..BH,2021-06-13T03:04:09.640000,S,0.963,2.2902389900991693e-05,7,7.605632225044476e-05,20210613T000000_7
AV.DEER..BH,2021-06-13T04:01:56.560000,S,0.737,1.3393827202889952e-06,9,0.0051112549344515,20210613T000000_9
AV.DEER..BH,2021-06-13T04:24:25.460000,S,0.601,1.5483482229683432e-06,11,0.0051112549344515,20210613T000000_11
AV.DEER..BH,2021-06-13T04:39:17.120000,S,0.667,3.609268560467172e-06,12,7.605632225044476e-05,20210613T000000_12
AV.DEER..BH,2021-06-13T05:38:01.640000,S,0.948,3.135835413559107e-06,15,7.605632225044476e-05,20210613T000000_15
AV.DEER..BH,2021-06-13T05:54:29.540000,S,0.888,5.927708457420522e-07,16,7.605632225044476e-05,20210613T000000_16
AV.DEER..BH,2021-06-13T07:15:23.200000,S,0.326,5.546802981371002e-07,-1,-1.0,20210613T000000_-1
AV.DOL..BH,2021-06-13T00:18:47.080000,P,0.474,6.429937684515608e-07,-1,-1.0,20210613T000000_-1
AV.DOL..BH,2021-06-13T02:11:26.680000,P,0.735,9.062925983016612e-07,3,7.605632225044476e-05,20210613T000000_3
AV.DOL..BH,2021-06-13T02:19:05.880000,P,0.352,1.2035501413265592e-06,-1,-1.0,20210613T000000_-1
AV.DOL..BH,2021-06-13T03:04:00.060000,P,0.921,7.060006737447111e-06,-1,-1.0,20210613T000000_-1
AV.DOL..BH,2021-06-13T04:01:32.920000,P,0.855,7.915483593023964e-07,8,0.0051112549344515,20210613T000000_8
AV.DOL..BH,2021-06-13T04:24:00.060000,P,0.961,2.177835995098576e-06,10,7.605632225044476e-05,20210613T000000_10
AV.DOL..BH,2021-06-13T04:38:58.780000,P,0.926,2.534206714699394e-06,12,0.0055037298048188,20210613T000000_12
AV.DOL..BH,2021-06-13T05:32:08.000000,P,0.635,5.074255113868276e-07,-1,-1.0,20210613T000000_-1
AV.DOL..BH,2021-06-13T05:37:52.060000,P,0.846,1.0626151834003394e-06,-1,-1.0,20210613T000000_-1
AV.DOL..BH,2021-06-13T07:15:12.360000,P,0.624,4.893411755801935e-07,-1,-1.0,20210613T000000_-1
AV.DOL..BH,2021-06-13T00:19:06.620000,S,0.526,9.3786911747884e-07,-1,-1.0,20210613T000000_-1
AV.DOL..BH,2021-06-13T00:36:52.020000,S,0.618,8.925497354539402e-07,-1,-1.0,20210613T000000_-1
AV.DOL..BH,2021-06-13T02:11:43.940000,S,0.589,2.280080025229836e-06,-1,-1.0,20210613T000000_-1
AV.DOL..BH,2021-06-13T02:19:15.340000,S,0.822,1.2035501413265592e-06,-1,-1.0,20210613T000000_-1
AV.DOL..BH,2021-06-13T03:04:10.140000,S,0.662,7.904211997811217e-06,-1,-1.0,20210613T000000_-1
AV.DOL..BH,2021-06-13T04:02:00.160000,S,0.716,1.7064239727915265e-06,9,7.605632225044476e-05,20210613T000000_9
AV.DOL..BH,2021-06-13T04:24:19.000000,S,0.577,7.722157533862628e-06,11,7.605632225044476e-05,20210613T000000_11
AV.DOL..BH,2021-06-13T04:39:11.380000,S,0.844,9.472826604906004e-06,12,0.0031357083558062,20210613T000000_12
AV.DOL..BH,2021-06-13T04:49:21.120000,S,0.557,5.986630071674881e-07,-1,-1.0,20210613T000000_-1
AV.DOL..BH,2021-06-13T05:32:26.060000,S,0.76,9.779286074262927e-07,14,0.0051112549344515,20210613T000000_14
AV.DOL..BH,2021-06-13T05:38:02.480000,S,0.637,1.0626151834003394e-06,-1,-1.0,20210613T000000_-1
AV.DOL..BH,2021-06-13T07:15:29.300000,S,0.605,5.799142286377901e-07,-1,-1.0,20210613T000000_-1
AV.DT1..BH,2021-06-13T00:36:36.200000,P,0.348,5.659460953211237e-07,-1,-1.0,20210613T000000_-1
AV.DT1..BH,2021-06-13T02:11:28.560000,P,0.755,1.0447348586239968e-06,3,0.0055037298048188,20210613T000000_3
AV.DT1..BH,2021-06-13T02:19:05.500000,P,0.961,1.853858293543453e-06,5,0.0055037298048188,20210613T000000_5
AV.DT1..BH,2021-06-13T02:49:06.060000,P,0.864,1.236814910043904e-06,6,0.0055037298048188,20210613T000000_6
AV.DT1..BH,2021-06-13T03:04:00.700000,P,0.981,1.290587715629954e-05,7,0.0055037298048188,20210613T000000_7
AV.DT1..BH,2021-06-13T03:09:06.060000,P,0.339,7.355970410571899e-07,-1,-1.0,20210613T000000_-1
AV.DT1..BH,2021-06-13T04:01:32.720000,P,0.764,7.909382588877634e-07,8,7.605632225044476e-05,20210613T000000_8
AV.DT1..BH,2021-06-13T04:24:03.420000,P,0.955,1.63428273936006e-06,10,0.0055037298048188,20210613T000000_10
AV.DT1..BH,2021-06-13T04:39:02.020000,P,0.936,4.00580665882444e-06,12,0.0050040659983606,20210613T000000_12
AV.DT1..BH,2021-06-13T04:49:05.640000,P,0.429,4.419480319484137e-07,-1,-1.0,20210613T000000_-1
AV.DT1..BH,2021-06-13T05:37:52.740000,P,0.95,2.7409651011112146e-06,15,0.0055037298048188,20210613T000000_15
AV.DT1..BH,2021-06-13T05:54:20.600000,P,0.782,5.628735380014405e-07,16,0.0055037298048188,20210613T000000_16
AV.DT1..BH,2021-06-13T05:57:11.740000,P,0.607,4.667671191782574e-07,-1,-1.0,20210613T000000_-1
AV.DT1..BH,2021-06-13T07:15:10.300000,P,0.381,7.010486910985492e-07,-1,-1.0,20210613T000000_-1
AV.DT1..BH,2021-06-13T02:11:45.960000,S,0.448,7.926451530693157e-07,-1,-1.0,20210613T000000_-1
AV.DT1..BH,2021-06-13T02:19:16.620000,S,0.928,1.853858293543453e-06,-1,-1.0,20210613T000000_-1
AV.DT1..BH,2021-06-13T02:49:14.940000,S,0.895,1.236814910043904e-06,6,0.0031357083558062,20210613T000000_6
AV.DT1..BH,2021-06-13T03:04:11.840000,S,0.8,1.290587715629954e-05,-1,-1.0,20210613T000000_-1
AV.DT1..BH,2021-06-13T04:01:59.760000,S,0.725,1.515353119430074e-06,9,0.0055037298048188,20210613T000000_9
AV.DT1..BH,2021-06-13T04:11:48.680000,S,0.379,4.531752040293213e-07,-1,-1.0,20210613T000000_-1
AV.DT1..BH,2021-06-13T04:24:25.200000,S,0.673,2.2392268874682486e-06,11,0.0055037298048188,20210613T000000_11
AV.DT1..BH,2021-06-13T04:39:17.060000,S,0.836,6.037428192939842e-06,12,0.0052463937379248,20210613T000000_12
AV.DT1..BH,2021-06-13T04:49:25.940000,S,0.665,6.14859459346917e-07,-1,-1.0,20210613T000000_-1
AV.DT1..BH,2021-06-13T05:32:32.000000,S,0.572,7.042936545076373e-07,14,7.605632225044476e-05,20210613T000000_14
AV.DT1..BH,2021-06-13T05:38:03.880000,S,0.941,2.7409651011112146e-06,-1,-1.0,20210613T000000_-1
AV.DT1..BH,2021-06-13T05:54:31.720000,S,0.868,6.134511068012216e-07,16,0.0031357083558062,20210613T000000_16
AV.DT1..BH,2021-06-13T05:57:21.540000,S,0.796,4.02922381681492e-07,-1,-1.0,20210613T000000_-1
AV.DT1..BH,2021-06-13T07:15:24.480000,S,0.601,6.056755523786705e-07,-1,-1.0,20210613T000000_-1
AV.DTN..BH,2021-06-13T00:00:00.020000,P,0.38,7.634346275153803e-07,1,0.0051112549344515,20210613T000000_1
AV.DTN..BH,2021-06-13T00:18:50.620000,P,0.425,5.467167056849576e-07,-1,-1.0,20210613T000000_-1
AV.DTN..BH,2021-06-13T02:11:28.680000,P,0.772,8.111518923215044e-07,3,0.0031357083558062,20210613T000000_3
AV.DTN..BH,2021-06-13T02:19:06.380000,P,0.7,9.55855057327426e-07,5,0.0031357083558062,20210613T000000_5
AV.DTN..BH,2021-06-13T02:49:06.540000,P,0.349,1.458340648241574e-06,6,0.0050040659983606,20210613T000000_6
AV.DTN..BH,2021-06-13T03:04:01.320000,P,0.97,6.176512670208467e-06,7,0.0031357083558062,20210613T000000_7
AV.DTN..BH,2021-06-13T04:01:33.360000,P,0.769,6.698970764773549e-07,8,0.0055037298048188,20210613T000000_8
AV.DTN..BH,2021-06-13T04:24:03.620000,P,0.953,1.688033080426976e-06,10,0.0031357083558062,20210613T000000_10
AV.DTN..BH,2021-06-13T04:39:02.120000,P,0.979,2.56666157838481e-06,12,0.0058618558575149,20210613T000000_12
AV.DTN..BH,2021-06-13T05:37:53.340000,P,0.936,1.0000500196838402e-06,15,0.0031357083558062,20210613T000000_15
AV.DTN..BH,2021-06-13T05:54:21.580000,P,0.355,5.601445423053519e-07,16,0.0050040659983606,20210613T000000_16
AV.DTN..BH,2021-06-13T05:57:10.860000,P,0.364,8.250377732110792e-07,-1,-1.0,20210613T000000_-1
AV.DTN..BH,2021-06-13T02:19:17.760000,S,0.525,9.646191756473854e-07,-1,-1.0,20210613T000000_-1
AV.DTN..BH,2021-06-13T02:49:16.160000,S,0.626,1.458340648241574e-06,6,0.0052463937379248,20210613T000000_6
AV.DTN..BH,2021-06-13T03:04:12.960000,S,0.759,9.990603757614736e-06,-1,-1.0,20210613T000000_-1
AV.DTN..BH,2021-06-13T04:02:01.340000,S,0.733,1.2724540283670649e-06,9,0.0031357083558062,20210613T000000_9
AV.DTN..BH,2021-06-13T04:24:25.440000,S,0.795,5.342476470104884e-06,11,0.0031357083558062,20210613T000000_11
AV.DTN..BH,2021-06-13T04:39:17.460000,S,0.876,1.113525195250986e-05,-1,-1.0,20210613T000000_-1
AV.DTN..BH,2021-06-13T05:32:31.840000,S,0.63,1.0996785704264769e-06,14,0.0055037298048188,20210613T000000_14
AV.DTN..BH,2021-06-13T05:38:04.960000,S,0.865,1.3481690075423105e-06,-1,-1.0,20210613T000000_-1
AV.HAG..SH,2021-06-13T00:00:00.020000,P,0.397,2.347896383980697e-07,1,7.605632225044476e-05,20210613T000000_1
AV.HAG..SH,2021-06-13T02:11:30.280000,P,0.978,1.1233909162911004e-06,3,0.0050040659983606,20210613T000000_3
AV.HAG..SH,2021-06-13T03:04:03.180000,P,0.968,2.9775421808153624e-06,7,0.0050040659983606,20210613T000000_7
AV.HAG..SH,2021-06-13T03:09:05.920000,P,0.558,3.071988317060459e-07,-1,-1.0,20210613T000000_-1
AV.HAG..SH,2021-06-13T04:24:01.580000,P,0.974,2.3416359908878803e-06,10,0.0050040659983606,20210613T000000_10
AV.HAG..SH,2021-06-13T04:39:00.540000,P,0.77,2.49961658482789e-06,12,0.0011690899362476,20210613T000000_12
AV.HAG..SH,2021-06-13T05:37:55.820000,P,0.475,4.158718240887538e-07,15,0.0050040659983606,20210613T000000_15
AV.HAG..SH,2021-06-13T01:26:36.320000,S,0.394,4.976432705916523e-07,-1,-1.0,20210613T000000_-1
AV.HAG..SH,2021-06-13T02:11:51.440000,S,0.45,9.853314395513737e-07,4,0.0051112549344515,20210613T000000_4
AV.HAG..SH,2021-06-13T03:04:17.800000,S,0.409,5.318303919921164e-06,-1,-1.0,20210613T000000_-1
AV.HAG..SH,2021-06-13T04:24:22.880000,S,0.418,3.473057631708798e-06,11,0.0050040659983606,20210613T000000_11
AV.HAG..SH,2021-06-13T04:39:15.280000,S,0.69,5.31872274223133e-06,-1,-1.0,20210613T000000_-1
AV.HAG..SH,2021-06-13T05:38:09.840000,S,0.341,6.937367516002269e-07,-1,-1.0,20210613T000000_-1
AV.PN7A..BH,2021-06-13T03:04:06.460000,P,0.907,1.4483233599094092e-06,7,0.0052463937379248,20210613T000000_7
AV.PN7A..BH,2021-06-13T04:24:03.380000,P,0.862,2.977658368763514e-06,10,0.0052463937379248,20210613T000000_10
AV.PN7A..BH,2021-06-13T04:39:02.880000,P,0.576,1.0600344921840588e-06,12,0.000125484519829,20210613T000000_12
AV.PN7A..BH,2021-06-13T04:24:25.520000,S,0.686,4.451233962754486e-06,11,0.0052463937379248,20210613T000000_11
AV.PN7A..BH,2021-06-13T04:39:19.420000,S,0.305,2.427068693577894e-06,-1,-1.0,20210613T000000_-1
AV.PS1A..BH,2021-06-13T00:00:00.020000,P,0.39,4.153872339429654e-07,-1,-1.0,20210613T000000_-1
AV.PS1A..BH,2021-06-13T00:00:00.640000,P,0.447,1.212869960909302e-06,1,0.0055037298048188,20210613T000000_1
AV.PS1A..BH,2021-06-13T00:18:48.200000,P,0.389,1.0713985147958738e-06,-1,-1.0,20210613T000000_-1
AV.PS1A..BH,2021-06-13T01:51:58.760000,P,0.582,1.6840502894410747e-06,2,0.0051112549344515,20210613T000000_2
AV.PS1A..BH,2021-06-13T02:11:30.960000,P,0.775,1.1125515584353709e-06,3,0.0052463937379248,20210613T000000_3
AV.PS1A..BH,2021-06-13T02:19:10.080000,P,0.603,1.585660015734902e-06,5,0.0050040659983606,20210613T000000_5
AV.PS1A..BH,2021-06-13T03:04:04.760000,P,0.919,2.049959903160925e-06,7,0.0058618558575149,20210613T000000_7
AV.PS1A..BH,2021-06-13T03:09:05.080000,P,0.387,1.758373514348932e-06,-1,-1.0,20210613T000000_-1
AV.PS1A..BH,2021-06-13T04:24:00.620000,P,0.973,2.7710457288776524e-06,10,0.0058618558575149,20210613T000000_10
AV.PS1A..BH,2021-06-13T04:38:59.820000,P,0.821,1.4295237633632496e-06,12,2.199784642687036e-05,20210613T000000_12
AV.PS1A..BH,2021-06-13T04:49:05.000000,P,0.428,1.2579871508933138e-06,-1,-1.0,20210613T000000_-1
AV.PS1A..BH,2021-06-13T05:13:54.840000,P,0.537,1.1385591278667562e-06,13,0.0051112549344515,20210613T000000_13
AV.PS1A..BH,2021-06-13T05:27:59.080000,P,0.536,1.2051444855387672e-06,-1,-1.0,20210613T000000_-1
AV.PS1A..BH,2021-06-13T05:37:56.840000,P,0.709,9.341276268060028e-07,15,0.0052463937379248,20210613T000000_15
AV.PS1A..BH,2021-06-13T00:36:53.320000,S,0.301,1.416465238435194e-06,-1,-1.0,20210613T000000_-1
AV.PS1A..BH,2021-06-13T02:11:54.400000,S,0.3,1.802847464205115e-06,4,7.605632225044476e-05,20210613T000000_4
AV.PS1A..BH,2021-06-13T02:19:23.700000,S,0.659,1.031504893944657e-06,5,0.0052463937379248,20210613T000000_5
AV.PS1A..BH,2021-06-13T03:04:19.040000,S,0.685,5.89789897276205e-06,7,0.0011690899362476,20210613T000000_7
AV.PS1A..BH,2021-06-13T04:24:20.400000,S,0.798,4.944389729644172e-06,11,0.0058618558575149,20210613T000000_11
AV.PS1A..BH,2021-06-13T04:39:13.860000,S,0.777,6.145401584944921e-06,12,0.0001871533583208,20210613T000000_12
AV.PS1A..BH,2021-06-13T05:38:11.060000,S,0.828,9.677485195425106e-07,15,0.0058618558575149,20210613T000000_15
AV.PS4A..BH,2021-06-13T02:11:30.640000,P,0.652,1.6344898767783889e-06,3,0.0058618558575149,20210613T000000_3
AV.PS4A..BH,2021-06-13T03:04:03.320000,P,0.801,2.997952378791524e-06,7,0.000125484519829,20210613T000000_7
AV.PS4A..BH,2021-06-13T04:24:01.080000,P,0.815,4.448046183824772e-06,10,0.0011690899362476,20210613T000000_10
AV.PS4A..BH,2021-06-13T04:39:00.480000,P,0.616,2.494973159627989e-06,12,0.0047097930994861,20210613T000000_12
AV.PS4A..BH,2021-06-13T02:11:52.240000,S,0.378,2.483185426171985e-06,4,0.0055037298048188,20210613T000000_4
AV.PS4A..BH,2021-06-13T03:04:16.380000,S,0.66,8.420530321018305e-06,7,2.199784642687036e-05,20210613T000000_7
AV.PS4A..BH,2021-06-13T04:24:21.100000,S,0.705,1.091881040338194e-05,11,0.0011690899362476,20210613T000000_11
AV.PS4A..BH,2021-06-13T04:39:14.480000,S,0.637,1.0751128684205469e-05,12,0.0022672616515894,20210613T000000_12
AV.PV6A..SH,2021-06-13T00:00:00.020000,P,0.469,1.6815471326481204e-07,1,0.0031357083558062,20210613T000000_1
AV.PV6A..SH,2021-06-13T00:36:57.920000,P,0.312,2.246828643137633e-07,-1,-1.0,20210613T000000_-1
AV.PV6A..SH,2021-06-13T00:37:12.840000,P,0.374,2.346620675552913e-07,-1,-1.0,20210613T000000_-1
AV.PV6A..SH,2021-06-13T02:11:33.540000,P,0.912,6.409271691154572e-07,3,0.0011690899362476,20210613T000000_3
AV.PV6A..SH,2021-06-13T02:19:11.920000,P,0.722,1.031010299357149e-07,5,0.0058618558575149,20210613T000000_5
AV.PV6A..SH,2021-06-13T03:04:07.000000,P,0.859,5.818152999381709e-07,7,0.0001871533583208,20210613T000000_7
AV.PV6A..SH,2021-06-13T03:07:50.700000,P,0.555,3.423785983613925e-07,-1,-1.0,20210613T000000_-1
AV.PV6A..SH,2021-06-13T04:01:39.180000,P,0.353,1.6357843435343966e-07,8,0.0031357083558062,20210613T000000_8
AV.PV6A..SH,2021-06-13T04:24:03.480000,P,0.892,1.3387137869358412e-06,10,0.000125484519829,20210613T000000_10
AV.PV6A..SH,2021-06-13T04:39:02.300000,P,0.652,6.283627840275585e-07,12,0.0053059547811197,20210613T000000_12
AV.PV6A..SH,2021-06-13T04:40:22.080000,P,0.419,1.3171224111374613e-07,-1,-1.0,20210613T000000_-1
AV.PV6A..SH,2021-06-13T05:13:56.920000,P,0.86,2.458558867601824e-07,13,7.605632225044476e-05,20210613T000000_13
AV.PV6A..SH,2021-06-13T05:15:02.520000,P,0.461,1.2643667446354814e-07,-1,-1.0,20210613T000000_-1
AV.PV6A..SH,2021-06-13T05:31:37.040000,P,0.384,1.5326726554576453e-07,-1,-1.0,20210613T000000_-1
AV.PV6A..SH,2021-06-13T05:32:09.720000,P,0.343,8.941777451809686e-08,14,0.0031357083558062,20210613T000000_14
AV.PV6A..SH,2021-06-13T05:34:34.080000,P,0.4,1.261475119918032e-07,-1,-1.0,20210613T000000_-1
AV.PV6A..SH,2021-06-13T05:36:24.220000,P,0.414,2.5490507482572866e-07,-1,-1.0,20210613T000000_-1
AV.PV6A..SH,2021-06-13T05:36:35.360000,P,0.501,1.1729758142564608e-07,-1,-1.0,20210613T000000_-1
AV.PV6A..SH,2021-06-13T05:37:59.000000,P,0.6,1.243605538547854e-07,15,0.0011690899362476,20210613T000000_15
AV.PV6A..SH,2021-06-13T06:27:56.960000,P,0.416,2.0810553280625762e-07,-1,-1.0,20210613T000000_-1
AV.PV6A..SH,2021-06-13T01:52:03.900000,S,0.469,3.917485571491852e-07,2,7.605632225044476e-05,20210613T000000_2
AV.PV6A..SH,2021-06-13T02:11:58.440000,S,0.441,5.505196440935833e-07,4,0.0031357083558062,20210613T000000_4
AV.PV6A..SH,2021-06-13T02:19:27.200000,S,0.692,1.9105708304323346e-07,-1,-1.0,20210613T000000_-1
AV.PV6A..SH,2021-06-13T03:04:22.380000,S,0.619,1.7676608194960863e-06,-1,-1.0,20210613T000000_-1
AV.PV6A..SH,2021-06-13T04:02:12.440000,S,0.366,1.9789152361227025e-07,9,0.0050040659983606,20210613T000000_9
AV.PV6A..SH,2021-06-13T04:24:24.880000,S,0.542,2.2170600004756125e-06,11,0.000125484519829,20210613T000000_11
AV.PV6A..SH,2021-06-13T04:39:18.080000,S,0.603,2.554684670030838e-06,12,0.0011346213165896,20210613T000000_12
AV.PV6A..SH,2021-06-13T04:49:29.520000,S,0.324,1.5863707858443377e-07,-1,-1.0,20210613T000000_-1
AV.PV6A..SH,2021-06-13T05:14:01.540000,S,0.533,2.458558867601824e-07,13,0.0055037298048188,20210613T000000_13
AV.PV6A..SH,2021-06-13T05:32:27.520000,S,0.646,1.908490503410576e-07,-1,-1.0,20210613T000000_-1
AV.PV6A..SH,2021-06-13T05:36:25.020000,S,0.399,2.5490507482572866e-07,-1,-1.0,20210613T000000_-1
AV.PV6A..SH,2021-06-13T05:38:14.380000,S,0.667,1.735273684744243e-07,-1,-1.0,20210613T000000_-1
AV.PV6A..SH,2021-06-13T06:20:37.820000,S,0.534,2.044861560079881e-07,-1,-1.0,20210613T000000_-1
AV.PVV..SH,2021-06-13T01:51:58.840000,P,0.573,3.829930506071833e-07,2,0.0055037298048188,20210613T000000_2
AV.PVV..SH,2021-06-13T02:11:30.300000,P,0.911,3.704082303102041e-07,3,0.000125484519829,20210613T000000_3
AV.PVV..SH,2021-06-13T02:19:08.840000,P,0.493,1.8558591818873538e-07,5,0.0011690899362476,20210613T000000_5
AV.PVV..SH,2021-06-13T03:04:03.540000,P,0.906,1.1081783668487333e-06,-1,-1.0,20210613T000000_-1
AV.PVV..SH,2021-06-13T04:24:00.580000,P,0.88,1.2105506357329432e-06,10,2.199784642687036e-05,20210613T000000_10
AV.PVV..SH,2021-06-13T04:38:59.560000,P,0.94,1.126186020883324e-06,12,0.0028879855394042,20210613T000000_12
AV.PVV..SH,2021-06-13T05:13:55.640000,P,0.501,2.187039029877269e-07,13,0.0031357083558062,20210613T000000_13
AV.PVV..SH,2021-06-13T05:37:55.820000,P,0.51,2.1117355686328665e-07,15,0.000125484519829,20210613T000000_15
AV.PVV..SH,2021-06-13T06:20:30.960000,P,0.377,1.8083468944496417e-07,-1,-1.0,20210613T000000_-1
AV.PVV..SH,2021-06-13T00:19:08.020000,S,0.495,2.43193994720059e-07,-1,-1.0,20210613T000000_-1
AV.PVV..SH,2021-06-13T00:36:55.920000,S,0.305,2.789843165373896e-07,-1,-1.0,20210613T000000_-1
AV.PVV..SH,2021-06-13T01:26:36.160000,S,0.385,1.852408502145409e-07,-1,-1.0,20210613T000000_-1
AV.PVV..SH,2021-06-13T01:52:03.200000,S,0.374,3.829930506071833e-07,2,0.0031357083558062,20210613T000000_2
AV.PVV..SH,2021-06-13T02:19:21.940000,S,0.839,4.312434782605125e-07,5,0.000125484519829,20210613T000000_5
AV.PVV..SH,2021-06-13T02:28:30.600000,S,0.371,1.4565978290193018e-07,-1,-1.0,20210613T000000_-1
AV.PVV..SH,2021-06-13T03:04:17.120000,S,0.917,2.6246755169268e-06,7,0.0047097930994861,20210613T000000_7
AV.PVV..SH,2021-06-13T03:09:04.580000,S,0.33,4.120692267406412e-07,-1,-1.0,20210613T000000_-1
AV.PVV..SH,2021-06-13T04:24:21.060000,S,0.839,2.88643354906526e-06,11,2.199784642687036e-05,20210613T000000_11
AV.PVV..SH,2021-06-13T04:39:13.060000,S,0.576,2.390487452430534e-06,12,0.0031340266969588,20210613T000000_12
AV.PVV..SH,2021-06-13T05:08:24.960000,S,0.427,2.2913231134680245e-07,-1,-1.0,20210613T000000_-1
AV.PVV..SH,2021-06-13T05:13:57.920000,S,0.378,2.187039029877269e-07,13,0.0050040659983606,20210613T000000_13
AV.PVV..SH,2021-06-13T05:38:09.120000,S,0.835,4.2139151901210425e-07,15,2.199784642687036e-05,20210613T000000_15
AV.PVV..SH,2021-06-13T06:20:35.680000,S,0.401,1.8083468944496417e-07,-1,-1.0,20210613T000000_-1
AV.S12K..BH,2021-06-13T01:00:37.500000,P,0.404,9.657699138188036e-07,-1,-1.0,20210613T000000_-1
AV.S12K..BH,2021-06-13T03:04:09.880000,P,0.919,1.5614690482834703e-06,7,0.0022672616515894,20210613T000000_7
AV.S12K..BH,2021-06-13T04:24:05.600000,P,0.85,2.4691337330295937e-06,10,0.0001871533583208,20210613T000000_10
AV.S12K..BH,2021-06-13T04:39:04.520000,P,0.313,9.323834433416778e-07,-1,-1.0,20210613T000000_-1
AV.S12K..BH,2021-06-13T01:00:45.320000,S,0.357,9.657699138188036e-07,-1,-1.0,20210613T000000_-1
AV.S12K..BH,2021-06-13T02:12:03.140000,S,0.64,1.1874453775817528e-06,4,0.0050040659983606,20210613T000000_4
AV.S12K..BH,2021-06-13T03:04:27.640000,S,0.481,3.480075292827678e-06,-1,-1.0,20210613T000000_-1
AV.S12K..BH,2021-06-13T04:24:28.640000,S,0.727,1.034622164297616e-05,11,0.0001871533583208,20210613T000000_11
AV.S12K..BH,2021-06-13T04:39:21.760000,S,0.75,3.9500496313849e-06,12,0.0009011871716141,20210613T000000_12
AV.DEER..BH,2021-06-13T10:19:41.800000,P,0.962,1.5394020010717213e-05,3,0.0088130322069403,20210613T080000_3
AV.DEER..BH,2021-06-13T10:27:27.980000,P,0.46,4.797149131263723e-07,4,0.0088130322069403,20210613T080000_4
AV.DEER..BH,2021-06-13T10:33:01.480000,P,0.429,3.910153623110091e-07,-1,-1.0,20210613T080000_-1
AV.DEER..BH,2021-06-13T11:42:37.540000,P,0.914,4.928730277242721e-07,6,0.0088130322069403,20210613T080000_6
AV.DEER..BH,2021-06-13T12:12:51.740000,P,0.828,6.482629828497011e-07,7,0.0088130322069403,20210613T080000_7
AV.DEER..BH,2021-06-13T14:13:27.400000,P,0.682,3.194313649146352e-07,-1,-1.0,20210613T080000_-1
AV.DEER..BH,2021-06-13T15:30:23.020000,P,0.983,1.7410056898370385e-05,10,0.0088130322069403,20210613T080000_10
AV.DEER..BH,2021-06-13T15:37:24.760000,P,0.64,3.875363461247616e-07,-1,-1.0,20210613T080000_-1
AV.DEER..BH,2021-06-13T10:19:51.900000,S,0.953,1.5394020010717213e-05,3,0.0046782752863598,20210613T080000_3
AV.DEER..BH,2021-06-13T10:27:42.640000,S,0.693,6.051768650650047e-07,4,0.0046782752863598,20210613T080000_4
AV.DEER..BH,2021-06-13T10:33:11.880000,S,0.403,3.21785961432397e-07,-1,-1.0,20210613T080000_-1
AV.DEER..BH,2021-06-13T11:42:47.460000,S,0.875,4.928730277242721e-07,6,0.0046782752863598,20210613T080000_6
AV.DEER..BH,2021-06-13T12:12:56.460000,S,0.681,6.482629828497011e-07,7,0.0046782752863598,20210613T080000_7
AV.DEER..BH,2021-06-13T13:13:51.360000,S,0.367,4.091670859907026e-07,-1,-1.0,20210613T080000_-1
AV.DEER..BH,2021-06-13T14:46:50.420000,S,0.682,3.4373280755062297e-07,-1,-1.0,20210613T080000_-1
AV.DEER..BH,2021-06-13T15:30:31.640000,S,0.965,1.7410056898370385e-05,10,0.0046782752863598,20210613T080000_10
AV.DEER..BH,2021-06-13T15:37:33.220000,S,0.849,3.466510065663897e-07,-1,-1.0,20210613T080000_-1
AV.DOL..BH,2021-06-13T09:02:46.600000,P,0.473,4.576257595090283e-07,-1,-1.0,20210613T080000_-1
AV.DOL..BH,2021-06-13T10:19:42.380000,P,0.928,5.767288712377194e-06,-1,-1.0,20210613T080000_-1
AV.DOL..BH,2021-06-13T10:27:24.280000,P,0.965,9.54417032517085e-07,4,0.0001444816758224,20210613T080000_4
AV.DOL..BH,2021-06-13T11:42:37.820000,P,0.352,4.377415052658762e-07,6,0.0001444816758224,20210613T080000_6
AV.DOL..BH,2021-06-13T11:44:13.420000,P,0.342,5.566148502111901e-07,-1,-1.0,20210613T080000_-1
AV.DOL..BH,2021-06-13T12:12:52.380000,P,0.762,4.857402018387802e-07,7,0.0001444816758224,20210613T080000_7
AV.DOL..BH,2021-06-13T12:48:18.360000,P,0.788,5.453200628835475e-07,-1,-1.0,20210613T080000_-1
AV.DOL..BH,2021-06-13T14:47:56.000000,P,0.458,5.453152880363632e-07,9,0.0088130322069403,20210613T080000_9
AV.DOL..BH,2021-06-13T15:30:24.100000,P,0.977,2.0395567844389006e-05,-1,-1.0,20210613T080000_-1
AV.DOL..BH,2021-06-13T15:39:20.960000,P,0.316,5.358768930818769e-07,-1,-1.0,20210613T080000_-1
AV.DOL..BH,2021-06-13T09:03:05.500000,S,0.434,6.926525202288758e-07,-1,-1.0,20210613T080000_-1
AV.DOL..BH,2021-06-13T09:09:18.080000,S,0.606,6.123917160039127e-07,-1,-1.0,20210613T080000_-1
AV.DOL..BH,2021-06-13T10:19:52.480000,S,0.665,6.369804850692162e-06,-1,-1.0,20210613T080000_-1
AV.DOL..BH,2021-06-13T10:27:35.900000,S,0.822,9.54417032517085e-07,4,0.0009585733786987,20210613T080000_4
AV.DOL..BH,2021-06-13T12:12:57.480000,S,0.601,3.684532714487432e-07,7,0.0009585733786987,20210613T080000_7
AV.DOL..BH,2021-06-13T12:39:10.080000,S,0.415,4.524995063093229e-07,-1,-1.0,20210613T080000_-1
AV.DOL..BH,2021-06-13T12:48:34.540000,S,0.698,7.144417963900196e-07,-1,-1.0,20210613T080000_-1
AV.DOL..BH,2021-06-13T13:13:51.400000,S,0.327,6.907397960276285e-07,-1,-1.0,20210613T080000_-1
AV.DOL..BH,2021-06-13T13:57:00.360000,S,0.338,6.440176889555005e-07,-1,-1.0,20210613T080000_-1
AV.DOL..BH,2021-06-13T14:48:00.220000,S,0.776,5.453152880363632e-07,9,0.0046782752863598,20210613T080000_9
AV.DOL..BH,2021-06-13T14:59:28.140000,S,0.409,5.308421577865374e-07,-1,-1.0,20210613T080000_-1
AV.DOL..BH,2021-06-13T15:14:59.720000,S,0.372,4.810559630641364e-07,-1,-1.0,20210613T080000_-1
AV.DOL..BH,2021-06-13T15:30:33.620000,S,0.957,2.0395567844389006e-05,-1,-1.0,20210613T080000_-1
AV.DOL..BH,2021-06-13T15:39:39.200000,S,0.449,4.852031452173833e-07,-1,-1.0,20210613T080000_-1
AV.DOL..BH,2021-06-13T15:54:46.880000,S,0.584,5.408095375969424e-07,-1,-1.0,20210613T080000_-1
AV.DT1..BH,2021-06-13T10:19:43.020000,P,0.971,1.0795734851853922e-05,3,0.0001444816758224,20210613T080000_3
AV.DT1..BH,2021-06-13T10:27:27.500000,P,0.698,6.556646212629857e-07,4,0.0038156730576356,20210613T080000_4
AV.DT1..BH,2021-06-13T12:12:52.600000,P,0.346,4.241279327743541e-07,7,0.0038156730576356,20210613T080000_7
AV.DT1..BH,2021-06-13T12:48:15.400000,P,0.899,5.442790325105307e-07,-1,-1.0,20210613T080000_-1
AV.DT1..BH,2021-06-13T15:30:24.380000,P,0.975,1.108340347855119e-05,10,0.0001444816758224,20210613T080000_10
AV.DT1..BH,2021-06-13T10:19:54.080000,S,0.927,1.0795734851853922e-05,-1,-1.0,20210613T080000_-1
AV.DT1..BH,2021-06-13T10:27:41.660000,S,0.823,9.000652312352031e-07,4,5.608312737423925e-05,20210613T080000_4
AV.DT1..BH,2021-06-13T11:42:49.580000,S,0.687,4.908412734039302e-07,6,0.0009585733786987,20210613T080000_6
AV.DT1..BH,2021-06-13T12:12:58.400000,S,0.411,4.859231808040931e-07,7,5.608312737423925e-05,20210613T080000_7
AV.DT1..BH,2021-06-13T12:48:29.220000,S,0.882,5.845091664014035e-07,-1,-1.0,20210613T080000_-1
AV.DT1..BH,2021-06-13T15:30:34.040000,S,0.93,1.108340347855119e-05,10,0.0009585733786987,20210613T080000_10
AV.DTN..BH,2021-06-13T08:00:00.020000,P,0.319,8.698021360942221e-07,1,0.0088130322069403,20210613T080000_1
AV.DTN..BH,2021-06-13T10:19:43.660000,P,0.965,3.522247652654187e-06,3,0.0009585733786987,20210613T080000_3
AV.DTN..BH,2021-06-13T10:27:27.580000,P,0.893,8.684499448463612e-07,4,0.0019348423564149,20210613T080000_4
AV.DTN..BH,2021-06-13T12:48:16.040000,P,0.706,5.440746804197261e-07,-1,-1.0,20210613T080000_-1
AV.DTN..BH,2021-06-13T12:58:48.940000,P,0.315,5.786210408587067e-07,-1,-1.0,20210613T080000_-1
AV.DTN..BH,2021-06-13T15:04:03.360000,P,0.578,6.311398692560033e-07,-1,-1.0,20210613T080000_-1
AV.DTN..BH,2021-06-13T15:30:25.000000,P,0.981,2.370466290813056e-06,10,0.0038156730576356,20210613T080000_10
AV.DTN..BH,2021-06-13T10:19:55.200000,S,0.767,5.42399357073009e-06,-1,-1.0,20210613T080000_-1
AV.DTN..BH,2021-06-13T10:27:41.700000,S,0.688,9.352020242658908e-07,4,4.781393687319564e-06,20210613T080000_4
AV.DTN..BH,2021-06-13T15:30:35.180000,S,0.807,2.370466290813056e-06,10,5.608312737423925e-05,20210613T080000_10
AV.HAG..SH,2021-06-13T08:00:00.380000,P,0.702,1.803806242151041e-07,1,0.0046782752863598,20210613T080000_1
AV.HAG..SH,2021-06-13T10:19:45.400000,P,0.589,2.666033935838641e-07,-1,-1.0,20210613T080000_-1
AV.HAG..SH,2021-06-13T10:19:46.080000,P,0.482,1.6469792853968102e-06,3,0.0038156730576356,20210613T080000_3
AV.HAG..SH,2021-06-13T14:47:53.860000,P,0.411,1.143022359428869e-06,9,0.0001444816758224,20210613T080000_9
AV.HAG..SH,2021-06-13T15:30:27.200000,P,0.97,1.7498614397482015e-06,10,0.0019348423564149,20210613T080000_10
AV.HAG..SH,2021-06-13T10:19:59.400000,S,0.564,3.781831082960707e-06,3,5.608312737423925e-05,20210613T080000_3
AV.HAG..SH,2021-06-13T10:27:38.560000,S,0.476,7.119969609448162e-07,-1,-1.0,20210613T080000_-1
AV.HAG..SH,2021-06-13T11:05:15.120000,S,0.537,4.583216082210129e-07,5,0.0088130322069403,20210613T080000_5
AV.HAG..SH,2021-06-13T14:47:56.000000,S,0.681,1.143022359428869e-06,-1,-1.0,20210613T080000_-1
AV.HAG..SH,2021-06-13T15:30:39.000000,S,0.826,5.449654963740613e-06,10,4.781393687319564e-06,20210613T080000_10
AV.PN7A..BH,2021-06-13T10:19:48.960000,P,0.527,1.2971313481102698e-06,3,0.0019348423564149,20210613T080000_3
AV.PN7A..BH,2021-06-13T14:47:51.820000,P,0.873,1.6444905668322465e-06,9,0.0009585733786987,20210613T080000_9
AV.PN7A..BH,2021-06-13T10:20:04.020000,S,0.355,1.1711794059010572e-06,-1,-1.0,20210613T080000_-1
AV.PN7A..BH,2021-06-13T15:30:43.380000,S,0.567,1.1789667269113124e-06,-1,-1.0,20210613T080000_-1
AV.PS1A..BH,2021-06-13T09:00:03.180000,P,0.777,1.562214492878411e-06,2,0.0088130322069403,20210613T080000_2
AV.PS1A..BH,2021-06-13T10:19:46.940000,P,0.893,1.1714606671375805e-06,3,4.781393687319564e-06,20210613T080000_3
AV.PS1A..BH,2021-06-13T10:27:24.300000,P,0.653,8.578926440350187e-07,4,0.0082568021212166,20210613T080000_4
AV.PS1A..BH,2021-06-13T11:05:11.240000,P,0.896,2.6271668502886314e-06,5,0.0046782752863598,20210613T080000_5
AV.PS1A..BH,2021-06-13T12:38:52.140000,P,0.434,7.383689535345184e-07,-1,-1.0,20210613T080000_-1
AV.PS1A..BH,2021-06-13T14:20:35.320000,P,0.333,1.4910483514540829e-06,8,0.0088130322069403,20210613T080000_8
AV.PS1A..BH,2021-06-13T14:47:52.120000,P,0.849,1.02375008736999e-06,9,0.0038156730576356,20210613T080000_9
AV.PS1A..BH,2021-06-13T15:30:28.760000,P,0.945,1.072214331543364e-06,10,0.0082568021212166,20210613T080000_10
AV.PS1A..BH,2021-06-13T09:00:07.560000,S,0.388,1.812233335840574e-06,2,0.0046782752863598,20210613T080000_2
AV.PS1A..BH,2021-06-13T10:20:01.280000,S,0.686,2.5683586954983184e-06,3,0.0082568021212166,20210613T080000_3
AV.PS1A..BH,2021-06-13T10:27:35.580000,S,0.737,8.578926440350187e-07,4,0.0135582104389005,20210613T080000_4
AV.PS1A..BH,2021-06-13T15:30:42.260000,S,0.359,1.6528385913261443e-06,10,0.0135582104389005,20210613T080000_10
AV.PS4A..BH,2021-06-13T08:00:00.020000,P,0.368,1.2550700603242149e-06,1,0.0001444816758224,20210613T080000_1
AV.PS4A..BH,2021-06-13T10:19:45.820000,P,0.661,2.1826572265126742e-06,3,0.0135582104389005,20210613T080000_3
AV.PS4A..BH,2021-06-13T14:47:51.660000,P,0.78,3.136910663670278e-06,9,5.608312737423925e-05,20210613T080000_9
AV.PS4A..BH,2021-06-13T15:30:27.560000,P,0.812,1.6071533082140377e-06,10,7.0752921532981e-05,20210613T080000_10
AV.PS4A..BH,2021-06-13T09:00:04.640000,S,0.339,1.5877875512160244e-06,2,0.0001444816758224,20210613T080000_2
AV.PS4A..BH,2021-06-13T10:19:58.620000,S,0.592,6.228640813787933e-06,3,7.0752921532981e-05,20210613T080000_3
AV.PS4A..BH,2021-06-13T11:05:13.440000,S,0.427,4.394548341224436e-06,5,0.0001444816758224,20210613T080000_5
AV.PS4A..BH,2021-06-13T14:20:38.120000,S,0.365,2.4018856947805034e-06,-1,-1.0,20210613T080000_-1
AV.PS4A..BH,2021-06-13T14:47:53.040000,S,0.711,3.136910663670278e-06,9,0.0019348423564149,20210613T080000_9
AV.PS4A..BH,2021-06-13T15:30:39.600000,S,0.752,6.225098331924528e-06,10,0.0013853587609403,20210613T080000_10
AV.PV6A..SH,2021-06-13T08:00:00.020000,P,0.315,9.508862319762557e-08,1,0.0009585733786987,20210613T080000_1
AV.PV6A..SH,2021-06-13T09:00:05.060000,P,0.603,3.859806554373791e-07,2,0.0009585733786987,20210613T080000_2
AV.PV6A..SH,2021-06-13T10:19:49.100000,P,0.96,4.088513776423497e-07,3,0.0013853587609403,20210613T080000_3
AV.PV6A..SH,2021-06-13T10:27:26.200000,P,0.935,1.2309534724863624e-07,4,7.0752921532981e-05,20210613T080000_4
AV.PV6A..SH,2021-06-13T11:14:00.800000,P,0.322,1.1292847545973929e-07,-1,-1.0,20210613T080000_-1
AV.PV6A..SH,2021-06-13T11:23:49.760000,P,0.499,1.0879296041821362e-07,-1,-1.0,20210613T080000_-1
AV.PV6A..SH,2021-06-13T12:16:56.400000,P,0.445,1.452756208664141e-07,-1,-1.0,20210613T080000_-1
AV.PV6A..SH,2021-06-13T12:20:27.160000,P,0.398,1.0411487494366157e-07,-1,-1.0,20210613T080000_-1
AV.PV6A..SH,2021-06-13T12:46:45.760000,P,0.384,1.0637875647034889e-07,-1,-1.0,20210613T080000_-1
AV.PV6A..SH,2021-06-13T12:55:16.960000,P,0.373,6.803477958783334e-08,-1,-1.0,20210613T080000_-1
AV.PV6A..SH,2021-06-13T13:34:55.360000,P,0.309,1.0499537950181549e-07,-1,-1.0,20210613T080000_-1
AV.PV6A..SH,2021-06-13T13:46:14.200000,P,0.34,1.2467579324493272e-07,-1,-1.0,20210613T080000_-1
AV.PV6A..SH,2021-06-13T14:20:38.480000,P,0.32,4.663123149839521e-07,8,0.0046782752863598,20210613T080000_8
AV.PV6A..SH,2021-06-13T14:47:53.740000,P,0.82,9.518512342765462e-07,9,4.781393687319564e-06,20210613T080000_9
AV.PV6A..SH,2021-06-13T15:04:14.480000,P,0.314,1.1312551606579293e-07,-1,-1.0,20210613T080000_-1
AV.PV6A..SH,2021-06-13T15:30:30.680000,P,0.962,1.748536675449941e-07,10,0.0029032407426061,20210613T080000_10
AV.PV6A..SH,2021-06-13T08:27:35.240000,S,0.307,1.354201941694555e-07,-1,-1.0,20210613T080000_-1
AV.PV6A..SH,2021-06-13T09:00:10.920000,S,0.341,3.859806554373791e-07,2,0.0038156730576356,20210613T080000_2
AV.PV6A..SH,2021-06-13T09:03:11.400000,S,0.316,1.116796468636494e-07,-1,-1.0,20210613T080000_-1
AV.PV6A..SH,2021-06-13T10:20:04.560000,S,0.757,9.36336050472164e-07,-1,-1.0,20210613T080000_-1
AV.PV6A..SH,2021-06-13T10:26:13.840000,S,0.559,1.4593234709536773e-07,-1,-1.0,20210613T080000_-1
AV.PV6A..SH,2021-06-13T10:27:39.280000,S,0.862,5.283552582113771e-07,4,0.0013853587609403,20210613T080000_4
AV.PV6A..SH,2021-06-13T11:05:18.840000,S,0.307,1.1574965128602344e-06,5,0.0009585733786987,20210613T080000_5
AV.PV6A..SH,2021-06-13T12:54:41.680000,S,0.668,1.6434776171081469e-06,-1,-1.0,20210613T080000_-1
AV.PV6A..SH,2021-06-13T14:47:58.520000,S,0.367,6.363917464113911e-07,-1,-1.0,20210613T080000_-1
AV.PV6A..SH,2021-06-13T14:47:59.480000,S,0.339,9.518512342765462e-07,-1,-1.0,20210613T080000_-1
AV.PV6A..SH,2021-06-13T15:30:45.360000,S,0.94,5.246200203146145e-07,-1,-1.0,20210613T080000_-1
AV.PV6A..SH,2021-06-13T15:54:55.160000,S,0.431,1.331330139464626e-07,-1,-1.0,20210613T080000_-1
AV.PV6A..SH,2021-06-13T15:55:30.440000,S,0.444,1.5806260478257173e-07,-1,-1.0,20210613T080000_-1
AV.PVV..SH,2021-06-13T09:03:58.760000,P,0.695,1.495592272249269e-07,-1,-1.0,20210613T080000_-1
AV.PVV..SH,2021-06-13T10:19:45.820000,P,0.907,6.5917373603952e-07,-1,-1.0,20210613T080000_-1
AV.PVV..SH,2021-06-13T10:27:25.760000,P,0.355,3.997513431386324e-07,4,0.0029032407426061,20210613T080000_4
AV.PVV..SH,2021-06-13T11:05:10.780000,P,0.707,1.0777247325677308e-06,5,0.0038156730576356,20210613T080000_5
AV.PVV..SH,2021-06-13T14:20:35.520000,P,0.688,4.781453526447876e-07,8,0.0001444816758224,20210613T080000_8
AV.PVV..SH,2021-06-13T14:47:51.800000,P,0.918,6.462524311245943e-07,9,0.0082568021212166,20210613T080000_9
AV.PVV..SH,2021-06-13T15:12:33.600000,P,0.575,2.453750198583293e-07,-1,-1.0,20210613T080000_-1
AV.PVV..SH,2021-06-13T15:30:27.560000,P,0.932,5.553242203859554e-07,10,0.0001463645525874,20210613T080000_10
AV.PVV..SH,2021-06-13T09:00:05.600000,S,0.352,2.812423929299257e-07,2,5.608312737423925e-05,20210613T080000_2
AV.PVV..SH,2021-06-13T09:50:54.960000,S,0.393,1.3561064804434866e-07,-1,-1.0,20210613T080000_-1
AV.PVV..SH,2021-06-13T10:19:59.300000,S,0.859,2.2544447801919887e-06,3,0.0029032407426061,20210613T080000_3
AV.PVV..SH,2021-06-13T10:27:35.640000,S,0.437,3.997513431386324e-07,4,0.0001463645525874,20210613T080000_4
AV.PVV..SH,2021-06-13T11:05:16.880000,S,0.445,1.0777247325677308e-06,5,5.608312737423925e-05,20210613T080000_5
AV.PVV..SH,2021-06-13T14:20:41.420000,S,0.573,4.781453526447876e-07,8,0.0009585733786987,20210613T080000_8
AV.PVV..SH,2021-06-13T14:47:54.240000,S,0.574,6.462524311245943e-07,9,0.0135582104389005,20210613T080000_9
AV.PVV..SH,2021-06-13T15:12:35.820000,S,0.364,2.453750198583293e-07,-1,-1.0,20210613T080000_-1
AV.PVV..SH,2021-06-13T15:30:40.440000,S,0.634,1.0318121894670185e-06,10,4.9617762028038594e-05,20210613T080000_10
AV.S12K..BH,2021-06-13T10:19:52.300000,P,0.713,8.733507002034457e-07,3,0.0001463645525874,20210613T080000_3
AV.S12K..BH,2021-06-13T10:27:27.640000,P,0.769,5.80652624648792e-07,4,4.9617762028038594e-05,20210613T080000_4
AV.S12K..BH,2021-06-13T15:30:34.400000,P,0.356,5.871161761206167e-07,-1,-1.0,20210613T080000_-1
AV.S12K..BH,2021-06-13T09:09:25.720000,S,0.544,6.555151230713818e-07,-1,-1.0,20210613T080000_-1
AV.S12K..BH,2021-06-13T10:20:09.820000,S,0.632,1.8973256601384487e-06,-1,-1.0,20210613T080000_-1
AV.S12K..BH,2021-06-13T10:27:41.660000,S,0.616,1.1903784979949703e-06,4,0.0018889343729738,20210613T080000_4
AV.S12K..BH,2021-06-13T13:57:09.160000,S,0.304,6.12132282640232e-07,-1,-1.0,20210613T080000_-1
AV.S12K..BH,2021-06-13T15:30:50.320000,S,0.702,8.435677045781631e-07,-1,-1.0,20210613T080000_-1
AV.DEER..BH,2021-06-13T17:14:52.240000,P,0.498,3.74290749505235e-07,-1,-1.0,20210613T160000_-1
AV.DEER..BH,2021-06-13T17:49:21.640000,P,0.43,4.861992692895001e-07,-1,-1.0,20210613T160000_-1
AV.DEER..BH,2021-06-13T18:39:43.660000,P,0.376,4.061876381911134e-07,-1,-1.0,20210613T160000_-1
AV.DEER..BH,2021-06-13T18:58:47.720000,P,0.944,1.068714823304617e-06,4,0.0007483710587426,20210613T160000_4
AV.DEER..BH,2021-06-13T19:14:09.080000,P,0.941,6.447872351600381e-07,5,0.0007483710587426,20210613T160000_5
AV.DEER..BH,2021-06-13T19:27:19.000000,P,0.972,8.511734108651581e-07,6,0.0007483710587426,20210613T160000_6
AV.DEER..BH,2021-06-13T19:29:51.080000,P,0.672,4.881146651314339e-07,-1,-1.0,20210613T160000_-1
AV.DEER..BH,2021-06-13T19:37:37.900000,P,0.463,4.839669713874173e-07,7,0.0007483710587426,20210613T160000_7
AV.DEER..BH,2021-06-13T20:26:01.480000,P,0.422,5.855836207047105e-07,10,0.0007483710587426,20210613T160000_10
AV.DEER..BH,2021-06-13T20:42:01.820000,P,0.697,4.330810554620257e-07,-1,-1.0,20210613T160000_-1
AV.DEER..BH,2021-06-13T22:24:59.880000,P,0.971,1.2245444622749346e-06,13,0.0007483710587426,20210613T160000_13
AV.DEER..BH,2021-06-13T23:39:29.580000,P,0.776,7.71023678680649e-07,16,0.0007483710587426,20210613T160000_16
AV.DEER..BH,2021-06-13T17:15:10.640000,S,0.42,5.436020842353173e-07,-1,-1.0,20210613T160000_-1
AV.DEER..BH,2021-06-13T17:49:35.240000,S,0.371,4.918711056234315e-07,2,0.0007483710587426,20210613T160000_2
AV.DEER..BH,2021-06-13T18:40:06.480000,S,0.496,7.58658700306114e-07,3,0.0007483710587426,20210613T160000_3
AV.DEER..BH,2021-06-13T18:58:59.060000,S,0.875,7.001157200647867e-07,4,9.243797691001878e-05,20210613T160000_4
AV.DEER..BH,2021-06-13T19:14:19.160000,S,0.918,6.447872351600381e-07,5,9.243797691001878e-05,20210613T160000_5
AV.DEER..BH,2021-06-13T19:17:14.260000,S,0.668,5.354348218133964e-07,-1,-1.0,20210613T160000_-1
AV.DEER..BH,2021-06-13T19:27:29.920000,S,0.831,8.511734108651581e-07,6,9.243797691001878e-05,20210613T160000_6
AV.DEER..BH,2021-06-13T19:37:49.800000,S,0.368,5.466186507874227e-07,7,9.243797691001878e-05,20210613T160000_7
AV.DEER..BH,2021-06-13T19:44:04.380000,S,0.769,5.117678938404424e-07,9,0.0007483710587426,20210613T160000_9
AV.DEER..BH,2021-06-13T20:26:16.700000,S,0.77,8.232429422605492e-07,11,0.0007483710587426,20210613T160000_11
AV.DEER..BH,2021-06-13T20:31:09.480000,S,0.35,5.394529125624103e-07,-1,-1.0,20210613T160000_-1
AV.DEER..BH,2021-06-13T20:42:12.460000,S,0.756,5.407821390690515e-07,-1,-1.0,20210613T160000_-1
AV.DEER..BH,2021-06-13T22:25:12.480000,S,0.574,3.488014272079454e-06,14,0.0007483710587426,20210613T160000_14
AV.DEER..BH,2021-06-13T23:39:49.140000,S,0.744,2.0714214770123363e-06,17,0.0007483710587426,20210613T160000_17
AV.DOL..BH,2021-06-13T16:00:01.640000,P,0.331,4.112467308914347e-07,1,0.0007483710587426,20210613T160000_1
AV.DOL..BH,2021-06-13T17:14:49.080000,P,0.738,3.3396102594451804e-07,-1,-1.0,20210613T160000_-1
AV.DOL..BH,2021-06-13T17:49:27.680000,P,0.58,6.872909921185055e-07,2,9.243797691001878e-05,20210613T160000_2
AV.DOL..BH,2021-06-13T18:58:47.560000,P,0.881,1.8065908307107748e-06,4,7.241671565588039e-05,20210613T160000_4
AV.DOL..BH,2021-06-13T19:14:09.820000,P,0.804,5.247540002528694e-07,5,7.241671565588039e-05,20210613T160000_5
AV.DOL..BH,2021-06-13T19:16:46.860000,P,0.781,5.916577947573387e-07,-1,-1.0,20210613T160000_-1
AV.DOL..BH,2021-06-13T19:27:19.440000,P,0.984,9.317659532825928e-07,6,7.241671565588039e-05,20210613T160000_6
AV.DOL..BH,2021-06-13T19:37:35.000000,P,0.916,8.089323273452464e-07,7,7.241671565588039e-05,20210613T160000_7
AV.DOL..BH,2021-06-13T19:43:41.420000,P,0.508,6.827256129326997e-07,8,0.0007483710587426,20210613T160000_8
AV.DOL..BH,2021-06-13T20:25:58.540000,P,0.97,7.67156734582386e-07,10,9.243797691001878e-05,20210613T160000_10
AV.DOL..BH,2021-06-13T20:30:41.320000,P,0.73,8.006187499631778e-07,-1,-1.0,20210613T160000_-1
AV.DOL..BH,2021-06-13T20:39:53.700000,P,0.941,6.304341013674275e-07,-1,-1.0,20210613T160000_-1
AV.DOL..BH,2021-06-13T22:25:00.540000,P,0.954,1.332552187705005e-06,14,9.243797691001878e-05,20210613T160000_14
AV.DOL..BH,2021-06-13T23:39:35.080000,P,0.818,1.03837021470099e-06,16,9.243797691001878e-05,20210613T160000_16
AV.DOL..BH,2021-06-13T17:15:05.460000,S,0.85,5.775713134426042e-07,-1,-1.0,20210613T160000_-1
AV.DOL..BH,2021-06-13T17:51:39.340000,S,0.472,6.590642556147941e-07,-1,-1.0,20210613T160000_-1
AV.DOL..BH,2021-06-13T18:40:11.160000,S,0.922,1.5330467704188775e-06,3,9.243797691001878e-05,20210613T160000_3
AV.DOL..BH,2021-06-13T18:58:58.660000,S,0.93,1.8065908307107748e-06,4,0.0032946299197054,20210613T160000_4
AV.DOL..BH,2021-06-13T19:14:20.100000,S,0.522,4.189417950328789e-07,5,0.0032946299197054,20210613T160000_5
AV.DOL..BH,2021-06-13T19:17:05.680000,S,0.744,5.919168302170874e-07,-1,-1.0,20210613T160000_-1
AV.DOL..BH,2021-06-13T19:27:29.840000,S,0.857,6.417984081963368e-07,6,0.0032946299197054,20210613T160000_6
AV.DOL..BH,2021-06-13T19:37:44.420000,S,0.698,8.089323273452464e-07,7,0.0032946299197054,20210613T160000_7
AV.DOL..BH,2021-06-13T19:44:00.060000,S,0.782,1.1739952014977462e-06,9,9.243797691001878e-05,20210613T160000_9
AV.DOL..BH,2021-06-13T20:26:11.280000,S,0.722,2.5905301299644634e-06,11,9.243797691001878e-05,20210613T160000_11
AV.DOL..BH,2021-06-13T20:31:00.260000,S,0.649,8.381018119507644e-07,-1,-1.0,20210613T160000_-1
AV.DOL..BH,2021-06-13T20:40:12.700000,S,0.776,2.1150410702830413e-06,-1,-1.0,20210613T160000_-1
AV.DOL..BH,2021-06-13T21:23:57.960000,S,0.411,6.927750746399397e-07,-1,-1.0,20210613T160000_-1
AV.DOL..BH,2021-06-13T22:25:14.380000,S,0.635,2.1628934518957976e-06,13,9.243797691001878e-05,20210613T160000_13
AV.DOL..BH,2021-06-13T23:39:58.260000,S,0.655,4.761003765452188e-06,17,9.243797691001878e-05,20210613T160000_17
AV.DT1..BH,2021-06-13T17:49:24.760000,P,0.764,5.97796883994306e-07,2,7.241671565588039e-05,20210613T160000_2
AV.DT1..BH,2021-06-13T18:58:47.460000,P,0.946,7.298170885405852e-07,4,0.0015531607993876,20210613T160000_4
AV.DT1..BH,2021-06-13T19:14:10.440000,P,0.765,5.455063956105732e-07,5,0.0015531607993876,20210613T160000_5
AV.DT1..BH,2021-06-13T19:27:19.340000,P,0.807,7.128945753720473e-07,6,0.0015531607993876,20210613T160000_6
AV.DT1..BH,2021-06-13T19:37:37.660000,P,0.409,3.26030090036511e-07,7,0.0015531607993876,20210613T160000_7
AV.DT1..BH,2021-06-13T19:43:44.040000,P,0.802,4.9031535809263e-07,8,9.243797691001878e-05,20210613T160000_8
AV.DT1..BH,2021-06-13T20:26:01.800000,P,0.945,9.061898254003608e-07,10,7.241671565588039e-05,20210613T160000_10
AV.DT1..BH,2021-06-13T22:25:01.260000,P,0.974,1.916636620080681e-06,13,7.241671565588039e-05,20210613T160000_13
AV.DT1..BH,2021-06-13T23:39:32.120000,P,0.631,1.5052499975354294e-06,16,7.241671565588039e-05,20210613T160000_16
AV.DT1..BH,2021-06-13T18:40:10.320000,S,0.741,8.976739991339855e-07,3,7.241671565588039e-05,20210613T160000_3
AV.DT1..BH,2021-06-13T18:58:58.620000,S,0.802,7.718636538811552e-07,4,0.0019750901153633,20210613T160000_4
AV.DT1..BH,2021-06-13T19:14:21.340000,S,0.888,5.455063956105732e-07,5,0.0019750901153633,20210613T160000_5
AV.DT1..BH,2021-06-13T19:27:29.820000,S,0.702,7.128945753720473e-07,6,0.0019750901153633,20210613T160000_6
AV.DT1..BH,2021-06-13T19:37:49.420000,S,0.426,4.470202270567825e-07,7,0.0019750901153633,20210613T160000_7
AV.DT1..BH,2021-06-13T19:44:04.540000,S,0.824,6.662512532784604e-07,9,7.241671565588039e-05,20210613T160000_9
AV.DT1..BH,2021-06-13T20:26:16.880000,S,0.762,1.2578607311297674e-06,11,7.241671565588039e-05,20210613T160000_11
AV.DT1..BH,2021-06-13T20:40:17.780000,S,0.894,1.3002518244320529e-06,12,0.0007483710587426,20210613T160000_12
AV.DT1..BH,2021-06-13T22:25:14.860000,S,0.902,2.685638719412964e-06,14,7.241671565588039e-05,20210613T160000_14
AV.DT1..BH,2021-06-13T23:39:53.680000,S,0.621,2.468314050929621e-06,17,7.241671565588039e-05,20210613T160000_17
AV.DTN..BH,2021-06-13T16:00:00.020000,P,0.348,4.563040363336768e-07,1,9.243797691001878e-05,20210613T160000_1
AV.DTN..BH,2021-06-13T17:00:06.620000,P,0.663,4.804787749890238e-07,-1,-1.0,20210613T160000_-1
AV.DTN..BH,2021-06-13T17:49:24.920000,P,0.325,8.282980843432597e-07,2,0.0032946299197054,20210613T160000_2
AV.DTN..BH,2021-06-13T18:58:47.820000,P,0.816,9.66312882155762e-07,4,9.37126616413192e-05,20210613T160000_4
AV.DTN..BH,2021-06-13T19:27:19.500000,P,0.719,8.943620741774794e-07,6,9.37126616413192e-05,20210613T160000_6
AV.DTN..BH,2021-06-13T19:37:37.740000,P,0.885,5.630911914522585e-07,7,9.37126616413192e-05,20210613T160000_7
AV.DTN..BH,2021-06-13T20:26:01.960000,P,0.965,1.197976303046744e-06,10,0.0032946299197054,20210613T160000_10
AV.DTN..BH,2021-06-13T20:39:56.700000,P,0.326,1.201804366246506e-06,-1,-1.0,20210613T160000_-1
AV.DTN..BH,2021-06-13T22:25:01.900000,P,0.732,1.3051940186414868e-06,13,0.0032946299197054,20210613T160000_13
AV.DTN..BH,2021-06-13T23:39:32.360000,P,0.523,1.920395106935757e-06,16,0.0032946299197054,20210613T160000_16
AV.DTN..BH,2021-06-13T18:40:12.140000,S,0.831,1.256338805433188e-06,3,0.0032946299197054,20210613T160000_3
AV.DTN..BH,2021-06-13T19:37:49.420000,S,0.591,7.671592925362347e-07,7,0.0052346461842836,20210613T160000_7
AV.DTN..BH,2021-06-13T20:26:17.340000,S,0.658,1.6965342410912854e-06,11,0.0032946299197054,20210613T160000_11
AV.DTN..BH,2021-06-13T20:40:18.580000,S,0.897,2.131881274181069e-06,12,9.243797691001878e-05,20210613T160000_12
AV.DTN..BH,2021-06-13T22:25:16.100000,S,0.744,2.7095547920907848e-06,14,0.0032946299197054,20210613T160000_14
AV.DTN..BH,2021-06-13T23:39:56.600000,S,0.374,4.49411663794308e-06,-1,-1.0,20210613T160000_-1
AV.HAG..SH,2021-06-13T16:00:00.020000,P,0.332,2.469968478635565e-07,1,7.241671565588039e-05,20210613T160000_1
AV.HAG..SH,2021-06-13T19:16:49.400000,P,0.898,3.103109520452563e-07,-1,-1.0,20210613T160000_-1
AV.HAG..SH,2021-06-13T19:43:43.800000,P,0.458,2.404345025297516e-07,8,7.241671565588039e-05,20210613T160000_8
AV.HAG..SH,2021-06-13T20:26:00.680000,P,0.934,5.102568252368656e-07,10,0.0015531607993876,20210613T160000_10
AV.HAG..SH,2021-06-13T20:40:17.240000,P,0.5,9.58626742431079e-07,12,7.241671565588039e-05,20210613T160000_12
AV.HAG..SH,2021-06-13T20:40:59.940000,P,0.304,2.2213498596102e-07,-1,-1.0,20210613T160000_-1
AV.HAG..SH,2021-06-13T22:25:03.980000,P,0.93,1.1535397561601712e-06,14,0.0015531607993876,20210613T160000_14
AV.HAG..SH,2021-06-13T23:31:13.560000,P,0.338,3.05999975580562e-07,-1,-1.0,20210613T160000_-1
AV.HAG..SH,2021-06-13T23:40:42.600000,P,0.313,2.17947643932348e-07,-1,-1.0,20210613T160000_-1
AV.HAG..SH,2021-06-13T18:40:16.440000,S,0.518,6.451787157857325e-07,3,0.0015531607993876,20210613T160000_3
AV.HAG..SH,2021-06-13T19:44:05.360000,S,0.465,5.147838351149403e-07,9,0.0032946299197054,20210613T160000_9
AV.HAG..SH,2021-06-13T20:26:15.820000,S,0.592,1.0869979405470076e-06,11,0.0015531607993876,20210613T160000_11
AV.HAG..SH,2021-06-13T22:25:20.800000,S,0.401,1.1276679288130254e-06,15,0.0007483710587426,20210613T160000_15
AV.HAG..SH,2021-06-13T23:40:06.720000,S,0.304,1.4112172266322889e-06,-1,-1.0,20210613T160000_-1
AV.PN7A..BH,2021-06-13T20:26:03.080000,P,0.579,9.87239559435693e-07,10,0.0019750901153633,20210613T160000_10
AV.PN7A..BH,2021-06-13T20:26:18.860000,S,0.533,1.3747469438385451e-06,11,0.0019750901153633,20210613T160000_11
AV.PS1A..BH,2021-06-13T16:00:00.020000,P,0.495,6.663235012638324e-07,1,0.0032946299197054,20210613T160000_1
AV.PS1A..BH,2021-06-13T20:25:59.980000,P,0.7,1.2421648989402456e-06,10,9.37126616413192e-05,20210613T160000_10
AV.PS1A..BH,2021-06-13T22:25:05.680000,P,0.777,1.5031997691039578e-06,14,0.0019750901153633,20210613T160000_14
AV.PS1A..BH,2021-06-13T23:39:41.240000,P,0.697,1.6427341051894473e-06,16,0.0015531607993876,20210613T160000_16
AV.PS1A..BH,2021-06-13T18:40:19.720000,S,0.442,1.3661920092999935e-06,3,0.0019750901153633,20210613T160000_3
AV.PS1A..BH,2021-06-13T19:44:05.000000,S,0.494,1.3257899809104856e-06,9,0.0015531607993876,20210613T160000_9
AV.PS1A..BH,2021-06-13T20:40:17.320000,S,0.34,1.355807512481988e-06,-1,-1.0,20210613T160000_-1
AV.PS1A..BH,2021-06-13T22:25:22.400000,S,0.789,2.8060644581273664e-06,15,9.243797691001878e-05,20210613T160000_15
AV.PS4A..BH,2021-06-13T18:40:18.160000,P,0.665,1.3353935628401814e-06,-1,-1.0,20210613T160000_-1
AV.PS4A..BH,2021-06-13T20:26:00.360000,P,0.786,1.2429820799297886e-06,10,0.0052346461842836,20210613T160000_10
AV.PS4A..BH,2021-06-13T17:42:41.920000,S,0.374,2.3420541310770204e-06,-1,-1.0,20210613T160000_-1
AV.PS4A..BH,2021-06-13T20:26:14.580000,S,0.623,2.2173051092977403e-06,11,9.37126616413192e-05,20210613T160000_11
AV.PV6A..SH,2021-06-13T16:00:00.020000,P,0.757,8.940120466149892e-08,1,0.0015531607993876,20210613T160000_1
AV.PV6A..SH,2021-06-13T16:58:07.560000,P,0.338,1.370819830981418e-07,-1,-1.0,20210613T160000_-1
AV.PV6A..SH,2021-06-13T18:27:22.280000,P,0.304,1.1543752975740065e-07,-1,-1.0,20210613T160000_-1
AV.PV6A..SH,2021-06-13T18:40:22.680000,P,0.434,2.093303663741608e-07,-1,-1.0,20210613T160000_-1
AV.PV6A..SH,2021-06-13T19:37:48.600000,P,0.846,3.636197050127521e-07,-1,-1.0,20210613T160000_-1
AV.PV6A..SH,2021-06-13T19:43:46.840000,P,0.497,1.444220316670908e-07,8,0.0032946299197054,20210613T160000_8
AV.PV6A..SH,2021-06-13T19:44:47.160000,P,0.356,1.2568646923227789e-07,-1,-1.0,20210613T160000_-1
AV.PV6A..SH,2021-06-13T20:26:02.640000,P,0.672,2.249556843025857e-07,10,0.004172389028018,20210613T160000_10
AV.PV6A..SH,2021-06-13T20:39:58.760000,P,0.587,1.5866163494138166e-07,-1,-1.0,20210613T160000_-1
AV.PV6A..SH,2021-06-13T22:25:07.520000,P,0.797,2.449854719088762e-07,14,9.37126616413192e-05,20210613T160000_14
AV.PV6A..SH,2021-06-13T23:39:41.320000,P,0.439,3.701147761603352e-07,16,0.0019750901153633,20210613T160000_16
AV.PV6A..SH,2021-06-13T19:37:49.240000,S,0.622,3.636197050127521e-07,7,0.004172389028018,20210613T160000_7
AV.PV6A..SH,2021-06-13T19:44:09.600000,S,0.676,3.857004742258141e-07,9,0.0019750901153633,20210613T160000_9
AV.PV6A..SH,2021-06-13T20:26:18.480000,S,0.782,5.644273528560007e-07,11,0.0052346461842836,20210613T160000_11
AV.PV6A..SH,2021-06-13T20:31:09.920000,S,0.559,1.8390736045148523e-07,-1,-1.0,20210613T160000_-1
AV.PV6A..SH,2021-06-13T20:40:21.360000,S,0.742,4.081259135091386e-07,12,0.0032946299197054,20210613T160000_12
AV.PV6A..SH,2021-06-13T22:25:25.980000,S,0.658,4.348611071236519e-07,15,7.241671565588039e-05,20210613T160000_15
AV.PVV..SH,2021-06-13T17:42:38.800000,P,0.441,2.981043394356675e-07,-1,-1.0,20210613T160000_-1
AV.PVV..SH,2021-06-13T17:45:23.500000,P,0.493,1.6799954494217673e-07,-1,-1.0,20210613T160000_-1
AV.PVV..SH,2021-06-13T18:40:18.140000,P,0.705,2.75896553603161e-07,-1,-1.0,20210613T160000_-1
AV.PVV..SH,2021-06-13T20:25:59.720000,P,0.934,4.137521045777248e-07,10,7.943394194956408e-05,20210613T160000_10
AV.PVV..SH,2021-06-13T22:25:04.280000,P,0.908,4.314090915613633e-07,14,0.0052346461842836,20210613T160000_14
AV.PVV..SH,2021-06-13T17:42:45.200000,S,0.376,2.981043394356675e-07,-1,-1.0,20210613T160000_-1
AV.PVV..SH,2021-06-13T20:26:14.960000,S,0.529,4.996859388484154e-07,11,0.004172389028018,20210613T160000_11
AV.PVV..SH,2021-06-13T22:25:20.720000,S,0.774,6.78332128245529e-07,15,0.0032946299197054,20210613T160000_15
AV.S12K..BH,2021-06-13T18:40:04.640000,P,0.407,4.610230064372445e-07,-1,-1.0,20210613T160000_-1
AV.S12K..BH,2021-06-13T19:44:02.640000,P,0.338,9.252153745364922e-07,9,9.37126616413192e-05,20210613T160000_9
AV.S12K..BH,2021-06-13T20:26:05.120000,P,0.734,8.510771749570267e-07,10,0.0008780319779133,20210613T160000_10
AV.S12K..BH,2021-06-13T21:06:54.120000,P,0.435,5.930930910835741e-07,-1,-1.0,20210613T160000_-1
AV.S12K..BH,2021-06-13T22:25:11.260000,P,0.696,1.0263814829158946e-06,14,0.004172389028018,20210613T160000_14
AV.S12K..BH,2021-06-13T23:39:42.940000,P,0.836,1.3916786656409386e-06,16,9.37126616413192e-05,20210613T160000_16
AV.S12K..BH,2021-06-13T18:40:27.040000,S,0.73,1.0017598697231731e-06,3,9.37126616413192e-05,20210613T160000_3
AV.S12K..BH,2021-06-13T19:44:12.960000,S,0.668,9.357627845929528e-07,9,0.0052346461842836,20210613T160000_9
AV.S12K..BH,2021-06-13T20:26:23.020000,S,0.597,1.1675954283418832e-06,11,7.943394194956408e-05,20210613T160000_11
AV.S12K..BH,2021-06-13T20:40:24.820000,S,0.512,8.034516554289439e-07,12,0.0015531607993876,20210613T160000_12
AV.S12K..BH,2021-06-13T22:25:31.860000,S,0.534,1.1101710697403178e-06,15,0.0015531607993876,20210613T160000_15
AV.S12K..BH,2021-06-13T23:40:11.520000,S,0.467,2.764178134384565e-06,17,0.0032946299197054,20210613T160000_17
AV.DEER..BH,2021-06-14T00:26:21.600000,P,0.511,1.059447185980389e-06,2,0.0143085400606821,20210614T000000_2
AV.DEER..BH,2021-06-14T00:55:10.220000,P,0.806,9.785588872546214e-07,4,0.0143085400606821,20210614T000000_4
AV.DEER..BH,2021-06-14T02:05:33.220000,P,0.922,1.5715107792857452e-06,7,0.0143085400606821,20210614T000000_7
AV.DEER..BH,2021-06-14T06:43:15.660000,P,0.904,3.934124833904207e-06,11,0.0143085400606821,20210614T000000_11
AV.DEER..BH,2021-06-14T07:27:51.960000,P,0.474,2.397849812041386e-06,-1,-1.0,20210614T000000_-1
AV.DEER..BH,2021-06-14T00:26:39.460000,S,0.429,1.8086643649439795e-06,3,0.0143085400606821,20210614T000000_3
AV.DEER..BH,2021-06-14T00:55:30.200000,S,0.629,2.26189399654686e-06,-1,-1.0,20210614T000000_-1
AV.DEER..BH,2021-06-14T02:05:44.780000,S,0.871,1.584138885846187e-06,-1,-1.0,20210614T000000_-1
AV.DEER..BH,2021-06-14T06:43:25.640000,S,0.933,3.934124833904207e-06,11,0.01517905151344,20210614T000000_11
AV.DEER..BH,2021-06-14T07:27:58.220000,S,0.811,2.397849812041386e-06,-1,-1.0,20210614T000000_-1
AV.DOL..BH,2021-06-14T00:26:18.980000,P,0.975,2.0067848254257115e-06,2,0.01517905151344,20210614T000000_2
AV.DOL..BH,2021-06-14T00:55:07.500000,P,0.909,1.5040141079225575e-06,4,0.01517905151344,20210614T000000_4
AV.DOL..BH,2021-06-14T01:02:16.680000,P,0.588,7.382291755675396e-07,-1,-1.0,20210614T000000_-1
AV.DOL..BH,2021-06-14T01:42:36.780000,P,0.333,7.391705025838746e-07,-1,-1.0,20210614T000000_-1
AV.DOL..BH,2021-06-14T01:55:18.780000,P,0.971,3.307751285319682e-06,6,0.0143085400606821,20210614T000000_6
AV.DOL..BH,2021-06-14T02:05:33.260000,P,0.888,1.1634207339739078e-06,-1,-1.0,20210614T000000_-1
AV.DOL..BH,2021-06-14T06:18:58.220000,P,0.322,1.9754641016334062e-06,10,0.0143085400606821,20210614T000000_10
AV.DOL..BH,2021-06-14T06:43:16.160000,P,0.585,2.397438493062509e-06,-1,-1.0,20210614T000000_-1
AV.DOL..BH,2021-06-14T07:27:29.780000,P,0.984,2.582847400844912e-06,-1,-1.0,20210614T000000_-1
AV.DOL..BH,2021-06-14T00:26:35.520000,S,0.869,1.1392306987545451e-05,3,0.01517905151344,20210614T000000_3
AV.DOL..BH,2021-06-14T00:55:26.460000,S,0.605,1.0451718480908312e-05,5,0.0143085400606821,20210614T000000_5
AV.DOL..BH,2021-06-14T01:02:34.220000,S,0.583,1.5562397948087892e-06,-1,-1.0,20210614T000000_-1
AV.DOL..BH,2021-06-14T01:55:29.500000,S,0.847,3.307751285319682e-06,6,0.01517905151344,20210614T000000_6
AV.DOL..BH,2021-06-14T02:05:44.880000,S,0.735,1.9654492007248336e-06,-1,-1.0,20210614T000000_-1
AV.DOL..BH,2021-06-14T06:19:03.540000,S,0.59,1.9754641016334062e-06,10,0.01517905151344,20210614T000000_10
AV.DOL..BH,2021-06-14T06:43:26.620000,S,0.531,2.397438493062509e-06,-1,-1.0,20210614T000000_-1
AV.DOL..BH,2021-06-14T07:27:48.700000,S,0.721,2.7632611363515025e-06,-1,-1.0,20210614T000000_-1
AV.DT1..BH,2021-06-14T00:26:21.740000,P,0.84,1.5892283045104705e-06,2,0.0045309747538481,20210614T000000_2
AV.DT1..BH,2021-06-14T00:55:10.620000,P,0.948,1.0468525033502374e-06,4,0.0045309747538481,20210614T000000_4
AV.DT1..BH,2021-06-14T01:55:21.180000,P,0.919,1.426272433491249e-06,6,0.0045309747538481,20210614T000000_6
AV.DT1..BH,2021-06-14T02:05:34.460000,P,0.948,1.3594336678579566e-06,7,0.01517905151344,20210614T000000_7
AV.DT1..BH,2021-06-14T06:43:16.860000,P,0.798,2.5589029064576607e-06,11,0.0045309747538481,20210614T000000_11
AV.DT1..BH,2021-06-14T07:25:49.880000,P,0.742,2.451999080221867e-06,-1,-1.0,20210614T000000_-1
AV.DT1..BH,2021-06-14T07:27:32.220000,P,0.574,2.011757032960304e-06,-1,-1.0,20210614T000000_-1
AV.DT1..BH,2021-06-14T00:26:40.080000,S,0.663,3.2648131309542805e-06,3,0.0045309747538481,20210614T000000_3
AV.DT1..BH,2021-06-14T00:55:32.020000,S,0.688,3.933037532988237e-06,5,0.01517905151344,20210614T000000_5
AV.DT1..BH,2021-06-14T01:55:33.820000,S,0.893,1.9175383840774884e-06,6,0.0019211840509437,20210614T000000_6
AV.DT1..BH,2021-06-14T02:05:46.940000,S,0.837,1.5576257510474534e-06,-1,-1.0,20210614T000000_-1
AV.DT1..BH,2021-06-14T06:19:02.940000,S,0.379,1.3537992344936356e-06,-1,-1.0,20210614T000000_-1
AV.DT1..BH,2021-06-14T06:43:27.780000,S,0.691,2.5589029064576607e-06,11,0.0019211840509437,20210614T000000_11
AV.DT1..BH,2021-06-14T07:26:01.480000,S,0.516,1.0443283144923043e-06,-1,-1.0,20210614T000000_-1
AV.DTN..BH,2021-06-14T00:26:22.120000,P,0.826,1.924516936924192e-06,2,0.0019211840509437,20210614T000000_2
AV.DTN..BH,2021-06-14T00:55:10.980000,P,0.922,2.767410933302017e-06,4,0.0019211840509437,20210614T000000_4
AV.DTN..BH,2021-06-14T01:38:09.000000,P,0.352,1.4517556792270625e-06,-1,-1.0,20210614T000000_-1
AV.DTN..BH,2021-06-14T01:55:21.540000,P,0.976,1.857590632425854e-06,6,6.794169663960905e-06,20210614T000000_6
AV.DTN..BH,2021-06-14T02:05:35.080000,P,0.431,1.8691597460929188e-06,7,0.0045309747538481,20210614T000000_7
AV.DTN..BH,2021-06-14T03:39:32.200000,P,0.389,2.774605718514067e-06,-1,-1.0,20210614T000000_-1
AV.DTN..BH,2021-06-14T06:18:42.440000,P,0.694,3.070422508244519e-06,9,0.0143085400606821,20210614T000000_9
AV.DTN..BH,2021-06-14T06:43:17.720000,P,0.845,2.4933267468441045e-06,11,6.794169663960905e-06,20210614T000000_11
AV.DTN..BH,2021-06-14T07:27:32.620000,P,0.893,2.9774400900350884e-06,-1,-1.0,20210614T000000_-1
AV.DTN..BH,2021-06-14T07:56:19.500000,P,0.312,2.307908744114684e-06,-1,-1.0,20210614T000000_-1
AV.DTN..BH,2021-06-14T00:26:40.860000,S,0.664,5.408489414548967e-06,3,0.0019211840509437,20210614T000000_3
AV.DTN..BH,2021-06-14T00:55:33.140000,S,0.867,6.562563612533268e-06,5,0.0045309747538481,20210614T000000_5
AV.DTN..BH,2021-06-14T01:55:34.340000,S,0.634,1.8051089227810733e-06,6,0.0059607566104005,20210614T000000_6
AV.DTN..BH,2021-06-14T02:05:48.200000,S,0.374,1.7011232102959184e-06,-1,-1.0,20210614T000000_-1
AV.DTN..BH,2021-06-14T06:43:29.140000,S,0.68,2.18090553971706e-06,-1,-1.0,20210614T000000_-1
AV.HAG..SH,2021-06-14T00:00:00.020000,P,0.548,1.892191932029164e-07,-1,-1.0,20210614T000000_-1
AV.HAG..SH,2021-06-14T00:01:18.220000,P,0.687,3.873561240652634e-07,-1,-1.0,20210614T000000_-1
AV.HAG..SH,2021-06-14T00:26:21.400000,P,0.781,1.53329165186733e-06,2,6.794169663960905e-06,20210614T000000_2
AV.HAG..SH,2021-06-14T00:27:23.260000,P,0.38,2.501604683402548e-07,-1,-1.0,20210614T000000_-1
AV.HAG..SH,2021-06-14T00:55:09.400000,P,0.927,1.4189707826517406e-06,4,6.794169663960905e-06,20210614T000000_4
AV.HAG..SH,2021-06-14T01:55:21.480000,P,0.955,9.641428277973318e-07,6,0.0001983421795505,20210614T000000_6
AV.HAG..SH,2021-06-14T02:05:36.540000,P,0.777,3.734425888524129e-07,7,0.0019211840509437,20210614T000000_7
AV.HAG..SH,2021-06-14T06:18:41.260000,P,0.562,5.261954925117607e-07,9,0.01517905151344,20210614T000000_9
AV.HAG..SH,2021-06-14T06:43:19.500000,P,0.748,4.580914492180456e-07,11,0.0059607566104005,20210614T000000_11
AV.HAG..SH,2021-06-14T07:27:32.140000,P,0.965,1.4953712934584471e-06,-1,-1.0,20210614T000000_-1
AV.HAG..SH,2021-06-14T00:01:21.080000,S,0.585,3.873561240652634e-07,-1,-1.0,20210614T000000_-1
AV.HAG..SH,2021-06-14T00:26:39.680000,S,0.854,5.746107490267605e-06,3,6.794169663960905e-06,20210614T000000_3
AV.HAG..SH,2021-06-14T00:55:29.720000,S,0.345,3.065111059186165e-06,5,0.0019211840509437,20210614T000000_5
AV.HAG..SH,2021-06-14T01:55:35.300000,S,0.367,1.071568703991943e-06,-1,-1.0,20210614T000000_-1
AV.HAG..SH,2021-06-14T02:05:51.180000,S,0.69,6.54298503377504e-07,7,6.794169663960905e-06,20210614T000000_7
AV.HAG..SH,2021-06-14T06:19:02.960000,S,0.533,7.168779916355561e-07,10,0.0045309747538481,20210614T000000_10
AV.HAG..SH,2021-06-14T06:43:32.280000,S,0.354,9.828720521909418e-07,11,0.0001983421795505,20210614T000000_11
AV.PN7A..BH,2021-06-14T00:26:24.560000,P,0.428,2.101852032865281e-06,2,0.0059607566104005,20210614T000000_2
AV.PN7A..BH,2021-06-14T00:55:11.560000,P,0.438,2.214256710431073e-06,4,0.0059607566104005,20210614T000000_4
AV.PN7A..BH,2021-06-14T00:26:43.640000,S,0.357,2.949648205685662e-06,3,0.0059607566104005,20210614T000000_3
AV.PN7A..BH,2021-06-14T00:55:32.860000,S,0.636,3.4754525586322416e-06,5,6.794169663960905e-06,20210614T000000_5
AV.PN7A..BH,2021-06-14T00:58:12.780000,S,0.669,4.109809196961578e-06,-1,-1.0,20210614T000000_-1
AV.PS1A..BH,2021-06-14T00:26:22.140000,P,0.754,2.3328655061050085e-06,2,0.0001983421795505,20210614T000000_2
AV.PS1A..BH,2021-06-14T00:55:08.880000,P,0.877,3.016818482137751e-06,4,0.0001983421795505,20210614T000000_4
AV.PS1A..BH,2021-06-14T07:27:32.300000,P,0.626,3.90679451811593e-06,-1,-1.0,20210614T000000_-1
AV.PS1A..BH,2021-06-14T00:26:39.900000,S,0.649,5.354855147743365e-06,3,0.0001983421795505,20210614T000000_3
AV.PS1A..BH,2021-06-14T00:55:29.040000,S,0.613,5.487888302013744e-06,5,0.0059607566104005,20210614T000000_5
AV.PS1A..BH,2021-06-14T07:27:38.380000,S,0.319,3.197455953340977e-06,-1,-1.0,20210614T000000_-1
AV.PS4A..BH,2021-06-14T00:26:22.240000,P,0.648,2.798897639877396e-06,2,0.0024473122263417,20210614T000000_2
AV.PS4A..BH,2021-06-14T00:55:09.100000,P,0.569,2.4638104605401168e-06,4,0.0024473122263417,20210614T000000_4
AV.PS4A..BH,2021-06-14T00:12:34.240000,S,0.513,1.7604789945835364e-06,1,0.0143085400606821,20210614T000000_1
AV.PS4A..BH,2021-06-14T00:26:39.440000,S,0.741,6.6230441007064655e-06,3,0.0024473122263417,20210614T000000_3
AV.PS4A..BH,2021-06-14T00:55:28.940000,S,0.734,9.047485036717262e-06,5,0.0001983421795505,20210614T000000_5
AV.PS4A..BH,2021-06-14T06:43:33.400000,S,0.367,2.031127451118664e-06,11,0.0024473122263417,20210614T000000_11
AV.PV6A..SH,2021-06-14T00:26:25.160000,P,0.919,1.0988519534294028e-06,2,0.0017328954297508,20210614T000000_2
AV.PV6A..SH,2021-06-14T00:55:11.720000,P,0.818,9.015593036565406e-07,4,0.0017328954297508,20210614T000000_4
AV.PV6A..SH,2021-06-14T01:55:24.480000,P,0.61,3.094508826961828e-07,6,0.0024473122263417,20210614T000000_6
AV.PV6A..SH,2021-06-14T02:05:39.840000,P,0.688,2.177139322157018e-07,7,0.0059607566104005,20210614T000000_7
AV.PV6A..SH,2021-06-14T04:38:38.620000,P,0.498,4.319961419696483e-07,8,0.0143085400606821,20210614T000000_8
AV.PV6A..SH,2021-06-14T06:16:48.200000,P,0.842,8.975511036624084e-07,-1,-1.0,20210614T000000_-1
AV.PV6A..SH,2021-06-14T06:18:43.480000,P,0.863,3.387420406397723e-07,9,0.0045309747538481,20210614T000000_9
AV.PV6A..SH,2021-06-14T06:43:23.900000,P,0.441,2.409617252396856e-07,11,0.0017328954297508,20210614T000000_11
AV.PV6A..SH,2021-06-14T07:27:34.940000,P,0.895,7.546634037680633e-07,-1,-1.0,20210614T000000_-1
AV.PV6A..SH,2021-06-14T00:12:40.320000,S,0.499,3.594693112063396e-07,1,0.01517905151344,20210614T000000_1
AV.PV6A..SH,2021-06-14T00:26:44.720000,S,0.802,2.561683231760981e-06,3,0.0017328954297508,20210614T000000_3
AV.PV6A..SH,2021-06-14T00:55:33.860000,S,0.784,2.385027073614765e-06,5,0.0024473122263417,20210614T000000_5
AV.PV6A..SH,2021-06-14T01:55:39.680000,S,0.486,3.549875771113875e-07,-1,-1.0,20210614T000000_-1
AV.PV6A..SH,2021-06-14T02:05:56.720000,S,0.741,2.897939737067645e-07,-1,-1.0,20210614T000000_-1
AV.PV6A..SH,2021-06-14T02:35:30.360000,S,0.331,2.9034131898697524e-07,-1,-1.0,20210614T000000_-1
AV.PV6A..SH,2021-06-14T04:38:46.720000,S,0.471,4.6398875497288827e-07,8,0.01517905151344,20210614T000000_8
AV.PV6A..SH,2021-06-14T06:16:50.320000,S,0.546,8.975511036624084e-07,-1,-1.0,20210614T000000_-1
AV.PV6A..SH,2021-06-14T06:19:06.080000,S,0.488,5.891802175028715e-07,10,0.0019211840509437,20210614T000000_10
AV.PV6A..SH,2021-06-14T06:43:38.680000,S,0.588,3.343356240748108e-07,-1,-1.0,20210614T000000_-1
AV.PV6A..SH,2021-06-14T07:27:59.120000,S,0.419,7.032140274532139e-07,-1,-1.0,20210614T000000_-1
AV.PVV..SH,2021-06-14T00:12:33.560000,P,0.392,2.2293673396234226e-07,1,0.0045309747538481,20210614T000000_1
AV.PVV..SH,2021-06-14T00:26:21.840000,P,0.728,8.383133263123455e-07,2,1.1624747551986548e-05,20210614T000000_2
AV.PVV..SH,2021-06-14T00:55:08.700000,P,0.971,6.865632258268306e-07,4,1.1624747551986548e-05,20210614T000000_4
AV.PVV..SH,2021-06-14T01:55:21.320000,P,0.955,7.649849180779711e-07,6,0.0017328954297508,20210614T000000_6
AV.PVV..SH,2021-06-14T02:05:36.680000,P,0.935,4.686665988629102e-07,-1,-1.0,20210614T000000_-1
AV.PVV..SH,2021-06-14T04:38:37.660000,P,0.673,3.85927023671684e-07,8,0.0045309747538481,20210614T000000_8
AV.PVV..SH,2021-06-14T06:18:40.380000,P,0.938,4.522631797954091e-07,9,0.0019211840509437,20210614T000000_9
AV.PVV..SH,2021-06-14T06:19:00.460000,P,0.475,2.6968044153363735e-07,10,6.794169663960905e-06,20210614T000000_10
AV.PVV..SH,2021-06-14T06:43:20.680000,P,0.741,2.5244662538170815e-07,11,1.1624747551986548e-05,20210614T000000_11
AV.PVV..SH,2021-06-14T07:27:31.800000,P,0.935,5.336484036888578e-07,-1,-1.0,20210614T000000_-1
AV.PVV..SH,2021-06-14T00:12:37.920000,S,0.476,2.2293673396234226e-07,1,0.0019211840509437,20210614T000000_1
AV.PVV..SH,2021-06-14T00:26:39.340000,S,0.437,1.3144353943062017e-06,3,1.1624747551986548e-05,20210614T000000_3
AV.PVV..SH,2021-06-14T00:53:24.840000,S,0.34,1.717988453719954e-07,-1,-1.0,20210614T000000_-1
AV.PVV..SH,2021-06-14T00:55:28.160000,S,0.68,1.2482818192438572e-06,5,0.0017328954297508,20210614T000000_5
AV.PVV..SH,2021-06-14T01:55:22.920000,S,0.63,7.649849180779711e-07,-1,-1.0,20210614T000000_-1
AV.PVV..SH,2021-06-14T01:55:35.720000,S,0.333,5.136782306180976e-07,-1,-1.0,20210614T000000_-1
AV.PVV..SH,2021-06-14T02:05:51.380000,S,0.744,3.280829616869596e-07,7,0.0001983421795505,20210614T000000_7
AV.PVV..SH,2021-06-14T04:38:44.320000,S,0.467,3.85927023671684e-07,8,0.0019211840509437,20210614T000000_8
AV.PVV..SH,2021-06-14T06:43:33.600000,S,0.742,4.30830539244198e-07,11,0.0278941682879565,20210614T000000_11
AV.PVV..SH,2021-06-14T07:27:53.760000,S,0.463,4.5584332042381e-07,-1,-1.0,20210614T000000_-1
AV.S12K..BH,2021-06-14T00:00:00.020000,P,0.303,1.1080924195994155e-06,-1,-1.0,20210614T000000_-1
AV.S12K..BH,2021-06-14T00:26:27.720000,P,0.909,2.015690597545472e-06,2,0.0278941682879565,20210614T000000_2
AV.S12K..BH,2021-06-14T00:55:14.440000,P,0.871,1.5988371160347017e-06,4,0.0278941682879565,20210614T000000_4
AV.S12K..BH,2021-06-14T00:26:48.820000,S,0.827,4.141490990150487e-06,3,0.0278941682879565,20210614T000000_3
AV.S12K..BH,2021-06-14T00:55:37.620000,S,0.747,3.230167521905969e-06,5,1.1624747551986548e-05,20210614T000000_5
AV.DEER..BH,2021-06-14T10:42:29.900000,P,0.912,3.986325100413524e-05,1,0.0435368087191145,20210614T080000_1
AV.DEER..BH,2021-06-14T10:42:47.960000,P,0.42,8.477655501337722e-05,-1,-1.0,20210614T080000_-1
AV.DEER..BH,2021-06-14T10:42:38.780000,S,0.668,3.986325100413524e-05,1,0.0017355151407875,20210614T080000_1
AV.DEER..BH,2021-06-14T10:42:56.780000,S,0.735,0.0001005467565846,2,0.0435368087191145,20210614T080000_2
AV.DOL..BH,2021-06-14T10:42:28.980000,P,0.971,4.330652882345021e-05,1,0.0780067728649483,20210614T080000_1
AV.DOL..BH,2021-06-14T12:05:45.100000,P,0.506,1.7182464944198728e-06,-1,-1.0,20210614T080000_-1
AV.DOL..BH,2021-06-14T10:42:54.420000,S,0.697,0.0001514480827609,2,0.0017355151407875,20210614T080000_2
AV.DT1..BH,2021-06-14T10:42:30.940000,P,0.953,4.940271901432425e-05,1,0.0277003434630848,20210614T080000_1
AV.DT1..BH,2021-06-14T10:42:57.600000,S,0.411,5.5767079174984246e-05,2,0.0780067728649483,20210614T080000_2
AV.DTN..BH,2021-06-14T10:42:31.420000,P,0.965,4.699642158811912e-05,1,0.098051340958697,20210614T080000_1
AV.DTN..BH,2021-06-14T10:42:59.080000,S,0.519,0.0001253719237865,2,0.0277003434630848,20210614T080000_2
AV.DTN..BH,2021-06-14T10:44:00.320000,S,0.339,2.344174572499469e-05,-1,-1.0,20210614T080000_-1
AV.HAG..SH,2021-06-14T10:42:31.660000,P,0.969,3.769356044358574e-05,1,0.0004305577828791,20210614T080000_1
AV.HAG..SH,2021-06-14T12:05:46.880000,P,0.497,6.668814194199513e-07,-1,-1.0,20210614T080000_-1
AV.HAG..SH,2021-06-14T10:43:00.800000,S,0.779,7.191932672867551e-05,2,0.098051340958697,20210614T080000_2
AV.PN7A..BH,2021-06-14T10:42:33.900000,P,0.819,2.453150409564841e-05,1,0.0224462222492881,20210614T080000_1
AV.PN7A..BH,2021-06-14T10:43:03.740000,S,0.456,4.380593964015134e-05,2,0.0004305577828791,20210614T080000_2
AV.PS1A..BH,2021-06-14T10:42:32.280000,P,0.972,3.395884778001346e-05,1,0.1217222461845293,20210614T080000_1
AV.PS1A..BH,2021-06-14T10:43:00.340000,S,0.64,0.0001137464641942,2,0.0224462222492881,20210614T080000_2
AV.PS4A..BH,2021-06-14T10:42:31.660000,P,0.936,5.780739957117476e-05,1,0.0146638487441031,20210614T080000_1
AV.PS4A..BH,2021-06-14T10:42:59.640000,S,0.627,0.0001440451596863,2,0.1217222461845293,20210614T080000_2
AV.PV6A..SH,2021-06-14T10:42:34.780000,P,0.952,2.520654925319832e-05,1,0.1177291004346139,20210614T080000_1
AV.PV6A..SH,2021-06-14T11:15:46.780000,P,0.3,3.50894367784349e-07,-1,-1.0,20210614T080000_-1
AV.PV6A..SH,2021-06-14T12:20:20.240000,P,0.529,6.663134399786941e-07,-1,-1.0,20210614T080000_-1
AV.PV6A..SH,2021-06-14T13:18:42.560000,P,0.336,3.565275790151645e-07,-1,-1.0,20210614T080000_-1
AV.PV6A..SH,2021-06-14T15:22:08.380000,P,0.575,2.987203515658621e-07,-1,-1.0,20210614T080000_-1
AV.PV6A..SH,2021-06-14T15:22:09.040000,P,0.424,3.268567922987131e-07,-1,-1.0,20210614T080000_-1
AV.PV6A..SH,2021-06-14T10:43:05.340000,S,0.652,3.686568015837111e-05,2,0.0146638487441031,20210614T080000_2
AV.PV6A..SH,2021-06-14T15:22:27.020000,S,0.609,3.681949181100208e-07,-1,-1.0,20210614T080000_-1
AV.PVV..SH,2021-06-14T10:42:31.660000,P,0.94,3.531937545631081e-05,1,0.0154429861886812,20210614T080000_1
AV.PVV..SH,2021-06-14T12:20:14.760000,P,0.479,1.92658731634765e-07,-1,-1.0,20210614T080000_-1
AV.PVV..SH,2021-06-14T12:20:17.880000,P,0.577,5.647311240863928e-07,-1,-1.0,20210614T080000_-1
AV.PVV..SH,2021-06-14T15:22:05.420000,P,0.699,3.389393725683476e-07,-1,-1.0,20210614T080000_-1
AV.PVV..SH,2021-06-14T08:19:03.580000,S,0.67,4.478847301925272e-07,-1,-1.0,20210614T080000_-1
AV.PVV..SH,2021-06-14T10:42:59.820000,S,0.49,2.405066152277868e-05,2,0.1177291004346139,20210614T080000_2
AV.PVV..SH,2021-06-14T12:20:21.080000,S,0.544,5.647311240863928e-07,-1,-1.0,20210614T080000_-1
AV.S12K..BH,2021-06-14T10:42:37.260000,P,0.953,2.915546065196395e-05,1,8.125840419406983e-05,20210614T080000_1
AV.S12K..BH,2021-06-14T10:43:09.540000,S,0.667,9.494573168922216e-05,2,0.0154429861886812,20210614T080000_2
AV.DOL..BH,2021-06-14T21:43:50.860000,P,0.48,2.854527792806038e-06,4,0.0102672474475724,20210614T160000_4
AV.DT1..BH,2021-06-14T21:40:09.180000,P,0.607,2.0219672478560824e-06,3,0.0102672474475724,20210614T160000_3
AV.DT1..BH,2021-06-14T21:43:53.880000,P,0.654,2.552823161749984e-06,4,0.007118205521717,20210614T160000_4
AV.DTN..BH,2021-06-14T16:00:00.020000,P,0.449,3.480070745354169e-06,-1,-1.0,20210614T160000_-1
AV.DTN..BH,2021-06-14T21:43:53.400000,P,0.488,2.7004239200323354e-06,4,0.0131149672563418,20210614T160000_4
AV.HAG..SH,2021-06-14T16:50:25.660000,P,0.42,5.794175308437843e-07,-1,-1.0,20210614T160000_-1
AV.HAG..SH,2021-06-14T16:50:50.100000,P,0.313,6.660410463155131e-07,-1,-1.0,20210614T160000_-1
AV.HAG..SH,2021-06-14T20:30:28.300000,P,0.344,8.230292678490514e-07,2,0.0102672474475724,20210614T160000_2
AV.HAG..SH,2021-06-14T21:40:50.560000,P,0.425,9.479211939833476e-07,-1,-1.0,20210614T160000_-1
AV.HAG..SH,2021-06-14T21:43:51.820000,P,0.698,1.0590176771074766e-06,4,0.0074944085276971,20210614T160000_4
AV.HAG..SH,2021-06-14T16:50:30.280000,S,0.559,5.794175308437843e-07,1,0.0102672474475724,20210614T160000_1
AV.HAG..SH,2021-06-14T16:50:50.240000,S,0.542,6.660410463155131e-07,-1,-1.0,20210614T160000_-1
AV.HAG..SH,2021-06-14T20:30:49.280000,S,0.61,1.1042745882150484e-06,-1,-1.0,20210614T160000_-1
AV.PN7A..BH,2021-06-14T23:20:36.440000,P,0.479,2.7981300263491e-06,-1,-1.0,20210614T160000_-1
AV.PN7A..BH,2021-06-14T23:55:12.620000,P,0.579,3.4672630135901272e-06,-1,-1.0,20210614T160000_-1
AV.PN7A..BH,2021-06-14T23:55:14.060000,S,0.586,3.4672630135901272e-06,-1,-1.0,20210614T160000_-1
AV.PS1A..BH,2021-06-14T16:00:00.020000,P,0.36,4.60883165942505e-06,-1,-1.0,20210614T160000_-1
AV.PS1A..BH,2021-06-14T16:50:29.560000,P,0.427,3.521249254845316e-06,1,0.007118205521717,20210614T160000_1
AV.PS1A..BH,2021-06-14T20:30:27.560000,P,0.347,3.895865575032076e-06,2,0.007118205521717,20210614T160000_2
AV.PS1A..BH,2021-06-14T20:51:12.140000,P,0.733,3.871247372444486e-06,-1,-1.0,20210614T160000_-1
AV.PS1A..BH,2021-06-14T21:40:06.120000,P,0.565,5.061613592260983e-06,3,0.007118205521717,20210614T160000_3
AV.PS1A..BH,2021-06-14T21:43:50.520000,P,0.3,3.135404085696792e-06,4,0.0092171291944185,20210614T160000_4
AV.PS1A..BH,2021-06-14T22:03:34.380000,P,0.399,4.40124495071359e-06,-1,-1.0,20210614T160000_-1
AV.PV6A..SH,2021-06-14T16:00:01.280000,P,0.416,2.699187859889207e-07,-1,-1.0,20210614T160000_-1
AV.PV6A..SH,2021-06-14T16:50:32.360000,P,0.844,4.613620490090398e-07,1,0.0131149672563418,20210614T160000_1
AV.PV6A..SH,2021-06-14T20:30:30.640000,P,0.624,4.681017458096904e-07,2,0.0131149672563418,20210614T160000_2
AV.PV6A..SH,2021-06-14T20:53:07.760000,P,0.482,3.984583827332244e-07,-1,-1.0,20210614T160000_-1
AV.PV6A..SH,2021-06-14T21:40:06.940000,P,0.834,4.404373612487689e-07,3,0.0131149672563418,20210614T160000_3
AV.PV6A..SH,2021-06-14T21:43:52.060000,P,0.824,4.750281163978798e-07,4,0.0008154070419525,20210614T160000_4
AV.PV6A..SH,2021-06-14T22:03:37.120000,P,0.446,3.192490680703486e-07,-1,-1.0,20210614T160000_-1
AV.PV6A..SH,2021-06-14T16:15:39.960000,S,0.484,3.462735378434445e-07,-1,-1.0,20210614T160000_-1
AV.PV6A..SH,2021-06-14T16:50:53.600000,S,0.734,3.80222274998232e-07,-1,-1.0,20210614T160000_-1
AV.PV6A..SH,2021-06-14T20:30:51.960000,S,0.561,5.760560952694505e-07,-1,-1.0,20210614T160000_-1
AV.PV6A..SH,2021-06-14T21:40:12.600000,S,0.441,4.56315405017449e-07,3,0.0074944085276971,20210614T160000_3
AV.PV6A..SH,2021-06-14T22:03:58.640000,S,0.409,4.430103217600845e-07,-1,-1.0,20210614T160000_-1
AV.PVV..SH,2021-06-14T16:50:29.200000,P,0.768,3.576055576104409e-07,1,0.0074944085276971,20210614T160000_1
AV.PVV..SH,2021-06-14T17:53:46.280000,P,0.349,4.689295849402697e-07,-1,-1.0,20210614T160000_-1
AV.PVV..SH,2021-06-14T20:30:27.480000,P,0.806,4.428994202498871e-07,2,0.0074944085276971,20210614T160000_2
AV.PVV..SH,2021-06-14T21:43:50.540000,P,0.787,7.143077596083458e-07,4,0.0041841123227312,20210614T160000_4
AV.PVV..SH,2021-06-14T22:03:34.060000,P,0.463,2.887487653424614e-07,-1,-1.0,20210614T160000_-1
AV.PVV..SH,2021-06-14T17:53:49.760000,S,0.314,4.689295849402697e-07,-1,-1.0,20210614T160000_-1
AV.PVV..SH,2021-06-14T20:30:47.600000,S,0.343,3.7527914287238673e-07,-1,-1.0,20210614T160000_-1
AV.DEER..BH,2021-06-15T04:53:50.380000,P,0.529,1.55171949245414e-06,4,0.0026229527323727,20210615T000000_4
AV.DEER..BH,2021-06-15T06:07:03.080000,P,0.578,1.2041226682413253e-06,-1,-1.0,20210615T000000_-1
AV.DEER..BH,2021-06-15T06:52:16.360000,P,0.381,2.8550668957905145e-06,-1,-1.0,20210615T000000_-1
AV.DEER..BH,2021-06-15T00:26:12.180000,S,0.759,5.3365397434390616e-06,-1,-1.0,20210615T000000_-1
AV.DEER..BH,2021-06-15T04:07:10.920000,S,0.409,1.8575790363684064e-06,-1,-1.0,20210615T000000_-1
AV.DEER..BH,2021-06-15T04:53:56.760000,S,0.617,1.245564931195986e-06,4,6.230488774282451e-05,20210615T000000_4
AV.DEER..BH,2021-06-15T06:07:14.460000,S,0.801,1.934675992742996e-06,-1,-1.0,20210615T000000_-1
AV.DEER..BH,2021-06-15T06:52:36.360000,S,0.349,2.3682468963670544e-06,-1,-1.0,20210615T000000_-1
AV.DOL..BH,2021-06-15T00:25:52.300000,P,0.852,5.3800699788553175e-06,1,0.0026229527323727,20210615T000000_1
AV.DOL..BH,2021-06-15T03:25:41.200000,P,0.639,1.926053755596513e-06,-1,-1.0,20210615T000000_-1
AV.DOL..BH,2021-06-15T04:06:57.260000,P,0.496,1.9311326013848884e-06,-1,-1.0,20210615T000000_-1
AV.DOL..BH,2021-06-15T05:07:48.240000,P,0.679,2.27340046876634e-06,5,0.0026229527323727,20210615T000000_5
AV.DOL..BH,2021-06-15T05:53:48.080000,P,0.447,2.0113216123718303e-06,7,0.0026229527323727,20210615T000000_7
AV.DOL..BH,2021-06-15T06:52:14.840000,P,0.729,1.824127480176685e-06,-1,-1.0,20210615T000000_-1
AV.DOL..BH,2021-06-15T07:32:57.260000,P,0.827,2.054249080174486e-06,-1,-1.0,20210615T000000_-1
AV.DOL..BH,2021-06-15T00:26:06.480000,S,0.858,2.102597318298649e-05,2,0.0026229527323727,20210615T000000_2
AV.DOL..BH,2021-06-15T04:07:09.240000,S,0.702,2.451352656862582e-06,-1,-1.0,20210615T000000_-1
AV.DOL..BH,2021-06-15T05:08:05.880000,S,0.469,4.154137968725991e-06,6,0.0026229527323727,20210615T000000_6
AV.DOL..BH,2021-06-15T05:54:05.100000,S,0.777,3.294254383945372e-06,8,0.0026229527323727,20210615T000000_8
AV.DOL..BH,2021-06-15T06:07:12.360000,S,0.346,2.2042793261789484e-06,-1,-1.0,20210615T000000_-1
AV.DOL..BH,2021-06-15T06:52:32.500000,S,0.697,2.980838416988263e-06,9,0.0026229527323727,20210615T000000_9
AV.DOL..BH,2021-06-15T07:33:02.100000,S,0.749,2.054249080174486e-06,-1,-1.0,20210615T000000_-1
AV.DT1..BH,2021-06-15T00:25:55.580000,P,0.915,4.263908977009123e-06,1,6.230488774282451e-05,20210615T000000_1
AV.DT1..BH,2021-06-15T05:07:50.940000,P,0.891,1.521951730865112e-06,5,6.230488774282451e-05,20210615T000000_5
AV.DT1..BH,2021-06-15T05:53:49.800000,P,0.519,1.36012658913387e-06,7,6.230488774282451e-05,20210615T000000_7
AV.DT1..BH,2021-06-15T06:52:15.900000,P,0.579,2.3521745333709987e-06,-1,-1.0,20210615T000000_-1
AV.DT1..BH,2021-06-15T00:26:12.260000,S,0.769,1.3055808267381508e-05,3,0.0026229527323727,20210615T000000_3
AV.DT1..BH,2021-06-15T05:08:10.660000,S,0.611,1.8021677306023776e-06,6,6.230488774282451e-05,20210615T000000_6
AV.DT1..BH,2021-06-15T05:54:09.960000,S,0.301,1.975759232664132e-06,8,6.230488774282451e-05,20210615T000000_8
AV.DT1..BH,2021-06-15T06:52:36.520000,S,0.506,2.47432330979791e-06,9,6.230488774282451e-05,20210615T000000_9
AV.DTN..BH,2021-06-15T00:25:55.820000,P,0.759,5.06069909533835e-06,1,0.0001244377462232,20210615T000000_1
AV.DTN..BH,2021-06-15T04:53:51.160000,P,0.322,2.371149093960412e-06,4,0.0001244377462232,20210615T000000_4
AV.DTN..BH,2021-06-15T05:07:51.440000,P,0.771,2.3912277811177773e-06,5,0.0001244377462232,20210615T000000_5
AV.DTN..BH,2021-06-15T05:53:51.040000,P,0.464,2.645155063873972e-06,7,0.0001244377462232,20210615T000000_7
AV.DTN..BH,2021-06-15T00:26:12.620000,S,0.882,1.3219359971117228e-05,3,6.230488774282451e-05,20210615T000000_3
AV.DTN..BH,2021-06-15T07:33:05.000000,S,0.434,1.7820062794271507e-06,-1,-1.0,20210615T000000_-1
AV.HAG..SH,2021-06-15T00:25:54.000000,P,0.969,5.615172540274216e-06,1,0.0006479388978052,20210615T000000_1
AV.HAG..SH,2021-06-15T05:07:50.340000,P,0.639,1.349258241134521e-06,5,0.0006479388978052,20210615T000000_5
AV.HAG..SH,2021-06-15T05:53:51.280000,P,0.434,9.406212484464048e-07,7,0.0006479388978052,20210615T000000_7
AV.HAG..SH,2021-06-15T00:26:09.920000,S,0.75,9.476482773607133e-06,3,0.0001244377462232,20210615T000000_3
AV.HAG..SH,2021-06-15T05:08:08.800000,S,0.395,2.2762687876820564e-06,6,0.0001244377462232,20210615T000000_6
AV.HAG..SH,2021-06-15T05:54:09.260000,S,0.564,1.6565016949243727e-06,8,0.0001244377462232,20210615T000000_8
AV.PN7A..BH,2021-06-15T00:25:56.780000,P,0.946,4.475240984902484e-06,1,0.0005961404564365,20210615T000000_1
AV.PN7A..BH,2021-06-15T04:59:49.480000,P,0.621,3.101259380855481e-06,-1,-1.0,20210615T000000_-1
AV.PN7A..BH,2021-06-15T06:52:14.380000,P,0.453,2.820214149323874e-06,9,0.0001244377462232,20210615T000000_9
AV.PN7A..BH,2021-06-15T00:26:12.600000,S,0.368,6.289501015999122e-06,2,6.230488774282451e-05,20210615T000000_2
AV.PS1A..BH,2021-06-15T00:25:53.080000,P,0.734,5.267489541438408e-06,1,0.0030595050503924,20210615T000000_1
AV.PS1A..BH,2021-06-15T05:07:49.740000,P,0.692,3.505186214169953e-06,5,0.0005961404564365,20210615T000000_5
AV.PS1A..BH,2021-06-15T00:26:08.300000,S,0.757,1.0201943950960413e-05,3,0.0006479388978052,20210615T000000_3
AV.PS1A..BH,2021-06-15T05:08:08.500000,S,0.448,2.0894788121950114e-06,-1,-1.0,20210615T000000_-1
AV.PS1A..BH,2021-06-15T05:08:09.460000,S,0.343,5.672412498824997e-06,6,0.0006479388978052,20210615T000000_6
AV.PS1A..BH,2021-06-15T05:54:08.680000,S,0.318,3.5114705951855285e-06,8,0.0006479388978052,20210615T000000_8
AV.PS4A..BH,2021-06-15T00:25:53.620000,P,0.944,6.657164249190828e-06,1,0.0003540813458528,20210615T000000_1
AV.PS4A..BH,2021-06-15T00:26:08.620000,S,0.653,2.0423663954716176e-05,3,0.0005961404564365,20210615T000000_3
AV.PS4A..BH,2021-06-15T05:08:09.640000,S,0.305,4.036452082800679e-06,6,0.0005961404564365,20210615T000000_6
AV.PV6A..SH,2021-06-15T00:25:56.000000,P,0.436,5.733222678827588e-07,1,4.175308369244249e-05,20210615T000000_1
AV.PV6A..SH,2021-06-15T00:25:56.960000,P,0.383,1.516440647719719e-06,-1,-1.0,20210615T000000_-1
AV.PV6A..SH,2021-06-15T01:08:51.000000,P,0.451,4.183036708127474e-07,-1,-1.0,20210615T000000_-1
AV.PV6A..SH,2021-06-15T01:18:49.200000,P,0.533,4.785558758158004e-07,-1,-1.0,20210615T000000_-1
AV.PV6A..SH,2021-06-15T01:32:11.500000,P,0.374,5.069290409664973e-07,-1,-1.0,20210615T000000_-1
AV.PV6A..SH,2021-06-15T05:07:52.460000,P,0.913,5.772453732788563e-07,5,0.0030595050503924,20210615T000000_5
AV.PV6A..SH,2021-06-15T05:51:15.080000,P,0.316,3.02319449474453e-07,-1,-1.0,20210615T000000_-1
AV.PV6A..SH,2021-06-15T05:53:51.800000,P,0.806,4.755324027883034e-07,7,0.0005961404564365,20210615T000000_7
AV.PV6A..SH,2021-06-15T06:52:13.820000,P,0.315,3.2896664947656973e-07,9,0.0006479388978052,20210615T000000_9
AV.PV6A..SH,2021-06-15T00:26:12.900000,S,0.657,4.373469892016146e-06,2,0.0001244377462232,20210615T000000_2
AV.PV6A..SH,2021-06-15T04:54:09.420000,S,0.503,2.424175420401298e-07,4,0.0006479388978052,20210615T000000_4
AV.PV6A..SH,2021-06-15T05:08:13.200000,S,0.846,1.2957143553649075e-06,6,0.0030595050503924,20210615T000000_6
AV.PV6A..SH,2021-06-15T05:54:13.540000,S,0.877,1.1675879250105936e-06,8,0.0005961404564365,20210615T000000_8
AV.PVV..SH,2021-06-15T00:25:52.940000,P,0.971,3.0142775813146727e-06,1,0.0334730036708786,20210615T000000_1
AV.PVV..SH,2021-06-15T05:07:49.300000,P,0.972,4.886317697128106e-07,5,0.0003540813458528,20210615T000000_5
AV.PVV..SH,2021-06-15T05:53:48.560000,P,0.766,3.902651144471747e-07,7,0.0030595050503924,20210615T000000_7
AV.PVV..SH,2021-06-15T06:52:13.820000,P,0.32,4.388300567370608e-07,9,0.0005961404564365,20210615T000000_9
AV.PVV..SH,2021-06-15T00:26:08.160000,S,0.342,4.292442554287845e-06,3,0.0030595050503924,20210615T000000_3
AV.PVV..SH,2021-06-15T00:36:41.040000,S,0.302,4.188079572031711e-07,-1,-1.0,20210615T000000_-1
AV.PVV..SH,2021-06-15T05:08:07.920000,S,0.551,6.127862661742256e-07,6,0.0003540813458528,20210615T000000_6
AV.PVV..SH,2021-06-15T05:54:07.880000,S,0.348,2.6669133035284176e-07,-1,-1.0,20210615T000000_-1
AV.PVV..SH,2021-06-15T05:54:08.640000,S,0.351,6.391003921635274e-07,8,0.0030595050503924,20210615T000000_8
AV.S12K..BH,2021-06-15T00:25:57.260000,P,0.404,2.314059429409099e-06,3,0.0003540813458528,20210615T000000_3
AV.S12K..BH,2021-06-15T00:25:58.540000,P,0.603,3.929052127205068e-06,1,0.000206139341208,20210615T000000_1
AV.S12K..BH,2021-06-15T06:52:13.240000,P,0.342,1.5171914355960323e-06,9,0.0030595050503924,20210615T000000_9
AV.S12K..BH,2021-06-15T00:26:16.780000,S,0.735,1.5470872313017026e-05,2,0.0006479388978052,20210615T000000_2
AV.DEER..BH,2021-06-15T10:40:45.960000,P,0.93,1.836522983467148e-06,3,0.0114879071336837,20210615T080000_3
AV.DEER..BH,2021-06-15T10:40:52.380000,S,0.913,1.836522983467148e-06,3,0.004537691289538,20210615T080000_3
AV.DEER..BH,2021-06-15T11:58:03.680000,S,0.641,2.887514256144641e-06,4,0.0114879071336837,20210615T080000_4
AV.DOL..BH,2021-06-15T08:17:27.760000,P,0.771,2.3545717340311967e-06,1,0.0114879071336837,20210615T080000_1
AV.DOL..BH,2021-06-15T10:37:36.360000,P,0.695,1.815145537875651e-06,-1,-1.0,20210615T080000_-1
AV.DOL..BH,2021-06-15T10:40:49.080000,P,0.851,1.6629835499770709e-06,3,0.0130579055066722,20210615T080000_3
AV.DOL..BH,2021-06-15T11:05:48.780000,P,0.435,1.652003220442566e-06,-1,-1.0,20210615T080000_-1
AV.DOL..BH,2021-06-15T11:57:49.420000,P,0.867,2.383127593930112e-06,4,0.004537691289538,20210615T080000_4
AV.DOL..BH,2021-06-15T08:17:45.580000,S,0.438,3.529554760461906e-06,2,0.0114879071336837,20210615T080000_2
AV.DOL..BH,2021-06-15T10:37:48.200000,S,0.571,2.0885463527520187e-06,-1,-1.0,20210615T080000_-1
AV.DOL..BH,2021-06-15T10:40:57.420000,S,0.57,1.6629835499770709e-06,3,0.0312336780827558,20210615T080000_3
AV.DOL..BH,2021-06-15T11:58:01.260000,S,0.845,5.495350706041791e-06,4,0.0130579055066722,20210615T080000_4
AV.DOL..BH,2021-06-15T12:58:09.960000,S,0.487,1.697516950116551e-06,-1,-1.0,20210615T080000_-1
AV.DT1..BH,2021-06-15T08:17:30.680000,P,0.789,2.0748836959683103e-06,1,0.004537691289538,20210615T080000_1
AV.DT1..BH,2021-06-15T10:40:47.900000,P,0.9,3.841520083369687e-06,3,0.0007418608612583,20210615T080000_3
AV.DT1..BH,2021-06-15T11:57:50.840000,P,0.771,2.230466179753421e-06,-1,-1.0,20210615T080000_-1
AV.DT1..BH,2021-06-15T13:28:53.100000,P,0.503,1.2161217455286533e-06,-1,-1.0,20210615T080000_-1
AV.DT1..BH,2021-06-15T08:17:50.720000,S,0.673,1.740570610309078e-06,2,0.004537691289538,20210615T080000_2
AV.DT1..BH,2021-06-15T10:40:55.660000,S,0.888,3.841520083369687e-06,3,0.0203337926855788,20210615T080000_3
AV.DT1..BH,2021-06-15T11:58:03.820000,S,0.463,2.205668806709582e-06,4,0.0312336780827558,20210615T080000_4
AV.DTN..BH,2021-06-15T08:00:00.020000,P,0.339,2.435893065921846e-06,-1,-1.0,20210615T080000_-1
AV.DTN..BH,2021-06-15T10:40:48.580000,P,0.962,2.123680133081507e-06,3,0.0001902691302721,20210615T080000_3
AV.DTN..BH,2021-06-15T11:57:51.400000,P,0.41,1.9364404124644352e-06,4,0.0007418608612583,20210615T080000_4
AV.DTN..BH,2021-06-15T13:28:53.820000,P,0.517,1.692397518127109e-06,-1,-1.0,20210615T080000_-1
AV.DTN..BH,2021-06-15T08:17:51.880000,S,0.31,2.6813468139152974e-06,2,0.0130579055066722,20210615T080000_2
AV.DTN..BH,2021-06-15T10:40:57.000000,S,0.587,2.6285160856787115e-06,3,0.0078614305991258,20210615T080000_3
AV.DTN..BH,2021-06-15T11:58:06.620000,S,0.628,2.206825001849211e-06,5,0.0114879071336837,20210615T080000_5
AV.HAG..SH,2021-06-15T08:17:29.900000,P,0.932,1.6853134638949996e-06,1,0.0130579055066722,20210615T080000_1
AV.HAG..SH,2021-06-15T10:41:02.440000,P,0.712,1.3828923783876237e-06,-1,-1.0,20210615T080000_-1
AV.HAG..SH,2021-06-15T11:57:52.480000,P,0.854,1.4255890619097045e-06,4,0.0203337926855788,20210615T080000_4
AV.HAG..SH,2021-06-15T08:00:03.960000,S,0.319,4.546217837742006e-07,-1,-1.0,20210615T080000_-1
AV.HAG..SH,2021-06-15T08:17:50.340000,S,0.713,1.1915171853615902e-06,2,0.0312336780827558,20210615T080000_2
AV.HAG..SH,2021-06-15T10:41:03.560000,S,0.455,1.3828923783876237e-06,-1,-1.0,20210615T080000_-1
AV.HAG..SH,2021-06-15T11:58:06.940000,S,0.566,1.2088933090126377e-06,5,0.004537691289538,20210615T080000_5
AV.HAG..SH,2021-06-15T15:02:45.640000,S,0.311,6.279170179368521e-07,-1,-1.0,20210615T080000_-1
AV.PN7A..BH,2021-06-15T08:17:32.200000,P,0.713,3.529588639139547e-06,1,0.0312336780827558,20210615T080000_1
AV.PS1A..BH,2021-06-15T08:17:29.640000,P,0.75,3.703207084981841e-06,1,0.0007418608612583,20210615T080000_1
AV.PS1A..BH,2021-06-15T11:57:53.800000,P,0.537,4.171109594608424e-06,4,0.0001902691302721,20210615T080000_4
AV.PS4A..BH,2021-06-15T11:57:52.720000,P,0.444,2.662429551492096e-06,4,0.0078614305991258,20210615T080000_4
AV.PS4A..BH,2021-06-15T11:58:07.860000,S,0.424,2.995471504618763e-06,5,0.0130579055066722,20210615T080000_5
AV.PV6A..SH,2021-06-15T08:17:32.400000,P,0.928,8.429491344941198e-07,1,0.0203337926855788,20210615T080000_1
AV.PV6A..SH,2021-06-15T11:57:55.860000,P,0.966,7.053661192912841e-07,4,0.0081653117251253,20210615T080000_4
AV.PV6A..SH,2021-06-15T12:31:52.080000,P,0.317,5.636817945742223e-07,-1,-1.0,20210615T080000_-1
AV.PV6A..SH,2021-06-15T13:23:38.380000,P,0.633,3.225290186037455e-07,-1,-1.0,20210615T080000_-1
AV.PV6A..SH,2021-06-15T14:10:26.480000,P,0.584,2.45060078896131e-07,-1,-1.0,20210615T080000_-1
AV.PV6A..SH,2021-06-15T08:17:53.940000,S,0.721,7.644371748938283e-07,2,0.0007418608612583,20210615T080000_2
AV.PV6A..SH,2021-06-15T11:06:14.520000,S,0.538,3.325140198739973e-07,-1,-1.0,20210615T080000_-1
AV.PV6A..SH,2021-06-15T11:58:12.400000,S,0.666,3.960405194902705e-07,5,0.0312336780827558,20210615T080000_5
AV.PV6A..SH,2021-06-15T13:23:42.320000,S,0.489,3.225290186037455e-07,-1,-1.0,20210615T080000_-1
AV.PVV..SH,2021-06-15T08:17:29.240000,P,0.981,9.99348230834585e-07,1,0.0001902691302721,20210615T080000_1
AV.PVV..SH,2021-06-15T11:57:52.680000,P,0.901,1.200633960252162e-06,4,0.0001540468093232,20210615T080000_4
AV.PVV..SH,2021-06-15T11:58:05.600000,P,0.552,3.569262787550543e-07,5,0.0007418608612583,20210615T080000_5
AV.PVV..SH,2021-06-15T11:58:06.600000,P,0.362,5.183744065107021e-07,-1,-1.0,20210615T080000_-1
AV.PVV..SH,2021-06-15T08:17:48.160000,S,0.69,5.283857831273053e-07,2,0.0203337926855788,20210615T080000_2
AV.PVV..SH,2021-06-15T11:58:08.880000,S,0.751,5.183744065107021e-07,5,0.0203337926855788,20210615T080000_5
AV.PVV..SH,2021-06-15T12:31:54.320000,S,0.344,5.796308641947689e-07,-1,-1.0,20210615T080000_-1
